# ************************************************************
# Sequel Pro SQL dump
# Version 4096
#
# http://www.sequelpro.com/
# http://code.google.com/p/sequel-pro/
#
# Host: 127.0.0.1 (MySQL 5.6.20)
# Database: wisembly_en
# Generation Time: 2014-10-16 15:16:31 +0000
# ************************************************************


/*!40101 SET @OLD_CHARACTER_SET_CLIENT=@@CHARACTER_SET_CLIENT */;
/*!40101 SET @OLD_CHARACTER_SET_RESULTS=@@CHARACTER_SET_RESULTS */;
/*!40101 SET @OLD_COLLATION_CONNECTION=@@COLLATION_CONNECTION */;
/*!40101 SET NAMES utf8 */;
/*!40014 SET @OLD_FOREIGN_KEY_CHECKS=@@FOREIGN_KEY_CHECKS, FOREIGN_KEY_CHECKS=0 */;
/*!40101 SET @OLD_SQL_MODE=@@SQL_MODE, SQL_MODE='NO_AUTO_VALUE_ON_ZERO' */;
/*!40111 SET @OLD_SQL_NOTES=@@SQL_NOTES, SQL_NOTES=0 */;


# Dump of table cases
# ------------------------------------------------------------

DROP TABLE IF EXISTS `cases`;

CREATE TABLE `cases` (
  `id` smallint(4) NOT NULL AUTO_INCREMENT,
  `slug` varchar(255) NOT NULL,
  `client` varchar(255) NOT NULL,
  `client_logo` varchar(255) NOT NULL,
  `title` varchar(255) NOT NULL,
  `intro` text,
  `type` varchar(255) NOT NULL,
  `illustration_image` varchar(255) DEFAULT NULL,
  `context` text NOT NULL,
  `usage` text NOT NULL,
  `results` text NOT NULL,
  `blockquote` text NOT NULL,
  `interviewed` varchar(255) NOT NULL,
  `illustration_type` varchar(20) NOT NULL,
  `blockquote_logo` varchar(255) DEFAULT NULL,
  `related_cases` varchar(255) NOT NULL,
  PRIMARY KEY (`id`)
) ENGINE=InnoDB DEFAULT CHARSET=latin1;

LOCK TABLES `cases` WRITE;
/*!40000 ALTER TABLE `cases` DISABLE KEYS */;

INSERT INTO `cases` (`id`, `slug`, `client`, `client_logo`, `title`, `intro`, `type`, `illustration_image`, `context`, `usage`, `results`, `blockquote`, `interviewed`, `illustration_type`, `blockquote_logo`, `related_cases`)
VALUES
	(1,'la-poste','La Poste','/static/images/la-poste.png','Seminars at La Poste','<p>Each year, La Poste organizes a seminar to share their best practices. 120 managers of the finance department are invited to work on a theme defined in advance. </p>\r\n\r\n<p>Wisembly is open upstream to collect the managers expectations.</p>','seminaries','/static/images/la-poste.png','<ul> <li>An annual seminar day for the exchange of information on practice</li> <li>120 managers from the finance branch of La Poste</li> <li>Theme of the day: Successful decentralization</li> </ul>','<ul> <li>Opening of the platform upstream to collect questions from managers</li> <li>Live feedback via questions and comments sent from their phones (SMS and internet) </li> <li>Live keyword cloud</li> <li>Working in sub-groups of 15. Reporting and vote on the feasibility of their suggestions in survey form</li> </ul>','<table class=\'kpi-table\'>\r\n	<tr class=\'first\'>\r\n		<td class=\'first\'>\r\n			<span>95</span>\r\n			questions collected upstream\r\n		</td>\r\n		<td class=\'last\'>\r\n			<span>120</span>\r\n			questions asked on the day\r\n		</td>\r\n	</tr>\r\n	<tr class=\'last\'>\r\n		<td class=\'first\'>\r\n			<span>7</span>\r\n			online surveys to identify success factors\r\n		</td>\r\n		<td class=\'last\'>\r\n			<span>100%</span>\r\n			participation\r\n		</td>\r\n	</tr>\r\n</table>','Beyond the obvious element of fun created by Wisembly, it brings a spectacular increase in opportunities for interaction in the way we conduct meetings.','Olivier Lagrée, Consultant DELOITTE','logo','/static/images/lagree.png','4,3,2'),
	(2,'sncf','SNCF','/static/images/sncf.png','SNCF President’s fireside chat','<p>SNCF use Wisembly to animate the <strong>President Talk</strong>. It is a <strong>monthly call management of the COMEX</strong> that presents the results and strategic guidance to the 600 top managers.</p>\r\n\r\n<p>The use of Wisembly to display documents, collect live feedbacks from managers and gather their opinions has multiplied by 50 their commitment.</p>','confcalls','/static/images/sncf.png','<ul> <li>Monthly 90 minute Management Call </li> <li>600 top regional managers connected</li> <li>Presentation of results and strategic guidelines by Comex</li> </ul>','<ul> <li>Live presentation and slide sharing on the platform</li> <li>Live response and questions from managers via their computers</li> <li>Managers vote for the questions that interest them</li> <li>President’s response to questions in order of popularity</li><li>Satisfaction questionnaire completed by managers at the end</li> </ul>','<ul> <li>Structured and effective conference calls</li> <li>60% participation</li> <li>150 questions and comments</li> <li>900 likes of the questions on average</li> <li>75% response rate to satisfaction questionnaire</li></ul>','Wisembly has brought about a genuine U-turn in the company’s managerial relations.  We use the solution in all our meetings.','Patrick Ropert, Director of Communications, SNCF','logo','/static/images/ropert.png','2,4,1'),
	(3,'auchan','Auchan','/static/images/auchan.png','Conference Calls at Auchan','<p>Every 15 days, a <strong>2 hours conf-call</strong> is organized to provide an update on the progress of the ongoing projects. <strong>15 participants in different sites</strong> taking part.</p> \r\n\r\n<p>All participants follow in real time the different presentations. They can respond at any time <strong>without interrupting the speaker</strong> and give their views on decisions in one click.</p>\r\n\r\n<p>Wisembly involve absolutely everyone <strong>without exceed the time.</strong></p>','confcalls','/static/images/auchan.png','<ul> <li>Bi-monthly, 2 hr project progress meetings</li> <li>15 participants</li> <li>Participants spread over different sites and countries</li> </ul>','<ul> <li>Slide sharing in real time</li> <li>Participants on the platform were asked questions throughout the call</li> <li>Live responses of participants</li> <li>Definition of the agenda for the next call at the end of the call</li> <li>Media sharing at the end of the conference</li> </ul>','<ul> <li>100% participation</li> <li>50 questions and ideas on average</li> <li>3 documents shared</li> </ul>','Live control of questions and feedback leads to faster, shared, co-constructed decisions where a phone call alone often finds the leader talking to himself.','Emmanuel Le Bouille, Director of Innovation, AUCHAN','logo','/static/images/lebouille.png','1,2,3'),
	(4,'hec','HEC','/static/images/hec.png','Training at the HEC','<p>At HEC, Mr. Dias animated <strong>6 sessions of 3 hours</strong>, with 35 students about the Digital Marketing. The course was structured around guest speakers, case presentations and more theoretical parts.</p>\r\n\r\n<p><strong>All course materials were available on Wisembly</strong>, students could interact before, during and between classes.</p>\r\n\r\n<p>All <strong>knowledge tests</strong> and answers to the questions were centralized on Wisembly.</p>','trainings',NULL,'<ul> <li>6 x 3 hr course sessions</li> <li>35 students</li> <li>External speakers, case presentations </li> </ul>','<ul> <li>Uploading of course materials to the platform for students to download between each session</li> <li>Intervention by students during others’ presentations and input of their contributions</li> <li>Assessment of students’ level of knowledge and progress on Wisembly</li> <li>Answers to certain questions on the platform</li> </ul>','<ul> <li>944 questions and comments, 4,007 likes of those questions</li> <li>60 answers to questions directly on the platform</li> <li>20 quizzes during the sessions</li> <li>2 course evaluations  + 2 tests of knowledge</li> <li>50 documents shared</li> </ul>','Wisembly boosts the ROI of training and teaching. It has become an ‘interactive textbook’ supporting all participants as a community with their educators.','Georges-Edouard Dias, Professor at the HEC','wallpaper','/static/images/dias.png','1,2,3');

/*!40000 ALTER TABLE `cases` ENABLE KEYS */;
UNLOCK TABLES;


# Dump of table client
# ------------------------------------------------------------

DROP TABLE IF EXISTS `client`;

CREATE TABLE `client` (
  `id` int(11) NOT NULL AUTO_INCREMENT,
  `home_featured` tinyint(1) NOT NULL DEFAULT '0',
  `cases_featured` tinyint(1) NOT NULL DEFAULT '0',
  `client_category_id` int(11) NOT NULL,
  `name` varchar(255) COLLATE utf8_bin NOT NULL,
  `logo` varchar(255) COLLATE utf8_bin NOT NULL,
  `url` varchar(255) COLLATE utf8_bin NOT NULL,
  PRIMARY KEY (`id`),
  KEY `cases_featured` (`cases_featured`)
) ENGINE=InnoDB DEFAULT CHARSET=utf8 COLLATE=utf8_bin;

LOCK TABLES `client` WRITE;
/*!40000 ALTER TABLE `client` DISABLE KEYS */;

INSERT INTO `client` (`id`, `home_featured`, `cases_featured`, `client_category_id`, `name`, `logo`, `url`)
VALUES
	(1,0,0,1,X'416972204C697175696465',X'687474703A2F2F776973656D626C792D636F6E74656E742E73332D776562736974652D65752D776573742D312E616D617A6F6E6177732E636F6D2F636C69656E74732D6C6F676F732F6169726C6971756964652E706E67',X'687474703A2F2F7777772E6169726C6971756964652E636F6D2F'),
	(5,0,0,1,X'416C74696D61',X'687474703A2F2F776973656D626C792D636F6E74656E742E73332D776562736974652D65752D776573742D312E616D617A6F6E6177732E636F6D2F636C69656E74732D6C6F676F732F616C74696D612E706E67',X'687474703A2F2F7777772E616C74696D612E6672'),
	(6,0,0,1,X'4174656C696572',X'687474703A2F2F776973656D626C792D636F6E74656E742E73332D776562736974652D65752D776573742D312E616D617A6F6E6177732E636F6D2F636C69656E74732D6C6F676F732F6174656C6965722E706E67',X'687474703A2F2F7777772E6174656C6965722E6E6574'),
	(7,0,0,1,X'41746C616E746963',X'687474703A2F2F776973656D626C792D636F6E74656E742E73332D776562736974652D65752D776573742D312E616D617A6F6E6177732E636F6D2F636C69656E74732D6C6F676F732F61746C616E7469632E706E67',X'687474703A2F2F7777772E61746C616E746963322E6F72672F'),
	(8,1,1,1,X'41756368616E',X'687474703A2F2F776973656D626C792D636F6E74656E742E73332D776562736974652D65752D776573742D312E616D617A6F6E6177732E636F6D2F636C69656E74732D6C6F676F732F61756368616E2E706E67',X'687474703A2F2F7777772E61756368616E2E6672'),
	(9,0,0,1,X'42654D79417070',X'687474703A2F2F776973656D626C792D636F6E74656E742E73332D776562736974652D65752D776573742D312E616D617A6F6E6177732E636F6D2F636C69656E74732D6C6F676F732F62656D796170702E706E67',X'687474703A2F2F66722E62656D796170702E636F6D2F'),
	(10,0,0,1,X'42696F6465726D61',X'687474703A2F2F776973656D626C792D636F6E74656E742E73332D776562736974652D65752D776573742D312E616D617A6F6E6177732E636F6D2F636C69656E74732D6C6F676F732F62696F6465726D612E676966',X'687474703A2F2F7777772E62696F6465726D612E636F6D'),
	(11,0,1,1,X'424E502050617269626173',X'687474703A2F2F776973656D626C792D636F6E74656E742E73332D776562736974652D65752D776573742D312E616D617A6F6E6177732E636F6D2F636C69656E74732D6C6F676F732F626E702E6A7067',X'687474703A2F2F7777772E626E70706172696261732E6E65742F'),
	(12,0,0,1,X'54686520426F64792053686F70',X'687474703A2F2F776973656D626C792D636F6E74656E742E73332D776562736974652D65752D776573742D312E616D617A6F6E6177732E636F6D2F636C69656E74732D6C6F676F732F626F64792E706E67',X'687474703A2F2F7777772E746865626F647973686F702E66722F'),
	(13,0,0,1,X'426F7579677565732054656C65636F6D',X'687474703A2F2F776973656D626C792D636F6E74656E742E73332D776562736974652D65752D776573742D312E616D617A6F6E6177732E636F6D2F636C69656E74732D6C6F676F732F626F7579677565732E6A7067',X'687474703A2F2F7777772E626F75796775657374656C65636F6D2E66722F'),
	(14,0,1,1,X'4372C3A96469742041677269636F6C65',X'687474703A2F2F776973656D626C792D636F6E74656E742E73332D776562736974652D65752D776573742D312E616D617A6F6E6177732E636F6D2F636C69656E74732D6C6F676F732F63612E706E67',X'687474703A2F2F7777772E6372656469742D61677269636F6C652E66722F'),
	(15,0,0,1,X'436169737365206427416C6C6F636174696F6E732046616D696C69616C6573',X'687474703A2F2F776973656D626C792D636F6E74656E742E73332D776562736974652D65752D776573742D312E616D617A6F6E6177732E636F6D2F636C69656E74732D6C6F676F732F6361662E706E67',X'687474703A2F2F7777772E6361662E66722F'),
	(16,0,0,1,X'416363656E74757265',X'687474703A2F2F776973656D626C792D636F6E74656E742E73332D776562736974652D65752D776573742D312E616D617A6F6E6177732E636F6D2F636C69656E74732D6C6F676F732F616363656E747572652E706E67',X'687474703A2F2F7777772E616363656E747572652E636F6D2F'),
	(17,0,0,2,X'41646574656D',X'687474703A2F2F776973656D626C792D636F6E74656E742E73332D776562736974652D65752D776573742D312E616D617A6F6E6177732E636F6D2F636C69656E74732D6C6F676F732F61646574656D2E706E67',X'687474703A2F2F7777772E61646574656D2E6F7267'),
	(18,0,0,1,X'416C696F722042616E6B',X'687474703A2F2F776973656D626C792D636F6E74656E742E73332D776562736974652D65752D776573742D312E616D617A6F6E6177732E636F6D2F636C69656E74732D6C6F676F732F616C696F7262616E6B2E706E67',X'687474703A2F2F7777772E616C696F7262616E6B2E706C2F'),
	(19,0,0,3,X'417274656120436F6D6D756E69636174696F6E',X'687474703A2F2F776973656D626C792D636F6E74656E742E73332D776562736974652D65752D776573742D312E616D617A6F6E6177732E636F6D2F636C69656E74732D6C6F676F732F6172746561636F6D6D756E69636174696F6E2E706E67',X'687474703A2F2F7777772E61727465612D6672616E63652E636F6D2F'),
	(20,0,0,2,X'41534D4550',X'687474703A2F2F776973656D626C792D636F6E74656E742E73332D776562736974652D65752D776573742D312E616D617A6F6E6177732E636F6D2F636C69656E74732D6C6F676F732F61736D65702E706E67',X'687474703A2F2F7777772E61736D65702D6574692E66722F'),
	(21,0,0,2,X'4176656265',X'687474703A2F2F776973656D626C792D636F6E74656E742E73332D776562736974652D65752D776573742D312E616D617A6F6E6177732E636F6D2F636C69656E74732D6C6F676F732F61766562652E706E67',X'687474703A2F2F7777772E61766562652E636F6D2F'),
	(22,0,0,1,X'42616E71756520506F70756C61697265',X'687474703A2F2F776973656D626C792D636F6E74656E742E73332D776562736974652D65752D776573742D312E616D617A6F6E6177732E636F6D2F636C69656E74732D6C6F676F732F62616E717565706F70756C616972652E706E67',X'687474703A2F2F7777772E62616E717565706F70756C616972652E66722F'),
	(23,0,0,1,X'42656172696E6720506F696E74',X'687474703A2F2F776973656D626C792D636F6E74656E742E73332D776562736974652D65752D776573742D312E616D617A6F6E6177732E636F6D2F636C69656E74732D6C6F676F732F62656172696E67706F696E742E706E67',X'687474703A2F2F7777772E62656172696E67706F696E742E636F6D2F66722D66722F'),
	(24,0,0,1,X'425049',X'687474703A2F2F776973656D626C792D636F6E74656E742E73332D776562736974652D65752D776573742D312E616D617A6F6E6177732E636F6D2F636C69656E74732D6C6F676F732F6270692E706E67',X'687474703A2F2F7777772E67726F7570652D6270692E636F6D2F'),
	(25,0,1,1,X'4361727265666F7572',X'687474703A2F2F776973656D626C792D636F6E74656E742E73332D776562736974652D65752D776573742D312E616D617A6F6E6177732E636F6D2F636C69656E74732D6C6F676F732F6361727265666F75722E706E67',X'687474703A2F2F7777772E6361727265666F75722E636F6D2F'),
	(26,0,0,3,X'4167656E63652043617272C3A96D656E74',X'687474703A2F2F776973656D626C792D636F6E74656E742E73332D776562736974652D65752D776573742D312E616D617A6F6E6177732E636F6D2F636C69656E74732D6C6F676F732F63617272656D656E742E706E67',X'687474703A2F2F7777772E6167656E636563617272656D656E742E636F6D2F'),
	(27,0,0,3,X'436861C3AF6B616E61204576656E74',X'687474703A2F2F776973656D626C792D636F6E74656E742E73332D776562736974652D65752D776573742D312E616D617A6F6E6177732E636F6D2F636C69656E74732D6C6F676F732F636861696B616E612E706E67',X'687474703A2F2F7777772E636861696B616E616576656E742E636F6D2F'),
	(28,0,0,2,X'434E4343',X'687474703A2F2F776973656D626C792D636F6E74656E742E73332D776562736974652D65752D776573742D312E616D617A6F6E6177732E636F6D2F636C69656E74732D6C6F676F732F636E63632E706E67',X'687474703A2F2F7777772E636E63632E66722F'),
	(29,0,0,3,X'436F6D6578706F7369756D',X'687474703A2F2F776973656D626C792D636F6E74656E742E73332D776562736974652D65752D776573742D312E616D617A6F6E6177732E636F6D2F636C69656E74732D6C6F676F732F636F6D6578706F7369756D2E706E67',X'687474703A2F2F7777772E636F6D6578706F7369756D2E636F6D2F'),
	(30,0,0,3,X'436F766973696F6E',X'687474703A2F2F776973656D626C792D636F6E74656E742E73332D776562736974652D65752D776573742D312E616D617A6F6E6177732E636F6D2F636C69656E74732D6C6F676F732F636F766973696F6E2E706E67',X'687474703A2F2F7777772E636F766973696F6E2E636F6D2F'),
	(31,0,0,2,X'454352204575726F7065',X'687474703A2F2F776973656D626C792D636F6E74656E742E73332D776562736974652D65752D776573742D312E616D617A6F6E6177732E636F6D2F636C69656E74732D6C6F676F732F6563726575726F70652E706E67',X'687474703A2F2F7777772E6563722D6575726F70652E6F72672F'),
	(32,0,0,1,X'45676F6E205A656E64657220496E7465726E6174696F6E616C',X'687474703A2F2F776973656D626C792D636F6E74656E742E73332D776562736974652D65752D776573742D312E616D617A6F6E6177732E636F6D2F636C69656E74732D6C6F676F732F65676F6E7A2E706E67',X'687474703A2F2F7777772E65676F6E7A65686E6465722E636F6D2F'),
	(33,0,0,1,X'456C6C65204D6167617A696E65',X'687474703A2F2F776973656D626C792D636F6E74656E742E73332D776562736974652D65752D776573742D312E616D617A6F6E6177732E636F6D2F636C69656E74732D6C6F676F732F656C6C652E706E67',X'687474703A2F2F7777772E656C6C652E66722F'),
	(34,0,0,1,X'4575726F636F70746572',X'687474703A2F2F776973656D626C792D636F6E74656E742E73332D776562736974652D65752D776573742D312E616D617A6F6E6177732E636F6D2F636C69656E74732D6C6F676F732F6575726F636F707465722E706E67',X'687474703A2F2F7777772E6575726F636F707465722E636F6D2F'),
	(35,0,0,2,X'45574541',X'687474703A2F2F776973656D626C792D636F6E74656E742E73332D776562736974652D65752D776573742D312E616D617A6F6E6177732E636F6D2F636C69656E74732D6C6F676F732F657765612E706E67',X'687474703A2F2F7777772E657765612E6F72672F'),
	(36,0,0,1,X'466F7274756E656F',X'687474703A2F2F776973656D626C792D636F6E74656E742E73332D776562736974652D65752D776573742D312E616D617A6F6E6177732E636F6D2F636C69656E74732D6C6F676F732F666F7274756E656F2E706E67',X'687474703A2F2F7777772E666F7274756E656F2E66722F'),
	(37,0,0,1,X'4672616E63652054C3A96CC3A9766973696F6E',X'687474703A2F2F776973656D626C792D636F6E74656E742E73332D776562736974652D65752D776573742D312E616D617A6F6E6177732E636F6D2F636C69656E74732D6C6F676F732F6672616E636574762E706E67',X'687474703A2F2F7777772E6672616E636574656C65766973696F6E732E66722F'),
	(38,0,0,1,X'47616E204173737572616E636573',X'687474703A2F2F776973656D626C792D636F6E74656E742E73332D776562736974652D65752D776573742D312E616D617A6F6E6177732E636F6D2F636C69656E74732D6C6F676F732F67616E2E706E67',X'687474703A2F2F7777772E67616E2E66722F'),
	(39,0,0,1,X'47656E6572616C69',X'687474703A2F2F776973656D626C792D636F6E74656E742E73332D776562736974652D65752D776573742D312E616D617A6F6E6177732E636F6D2F636C69656E74732D6C6F676F732F67656E6572616C692E706E67',X'687474703A2F2F7777772E67656E6572616C692E66722F'),
	(40,0,1,1,X'4752542047617A',X'687474703A2F2F776973656D626C792D636F6E74656E742E73332D776562736974652D65752D776573742D312E616D617A6F6E6177732E636F6D2F636C69656E74732D6C6F676F732F67727467617A2E706E67',X'687474703A2F2F7777772E67727467617A2E636F6D2F'),
	(41,0,0,3,X'486170707943686963',X'687474703A2F2F776973656D626C792D636F6E74656E742E73332D776562736974652D65752D776573742D312E616D617A6F6E6177732E636F6D2F636C69656E74732D6C6F676F732F6861707079636869632E706E67',X'687474703A2F2F7777772E68617070796368696367726F75702E636F6D2F'),
	(42,0,0,1,X'4164697373656F',X'687474703A2F2F776973656D626C792D636F6E74656E742E73332D776562736974652D65752D776573742D312E616D617A6F6E6177732E636F6D2F636C69656E74732D6C6F676F732F6164697373656F2E706E67',X'687474703A2F2F7777772E6164697373656F2E636F6D2F'),
	(43,0,0,1,X'43616E616C2B',X'687474703A2F2F776973656D626C792D636F6E74656E742E73332D776562736974652D65752D776573742D312E616D617A6F6E6177732E636F6D2F636C69656E74732D6C6F676F732F63616E616C2E706E67',X'687474703A2F2F7777772E63616E616C706C75736672616E63652E66722F'),
	(44,1,1,1,X'43617047656D696E69',X'687474703A2F2F776973656D626C792D636F6E74656E742E73332D776562736974652D65752D776573742D312E616D617A6F6E6177732E636F6D2F636C69656E74732D6C6F676F732F63617067656D696E692E706E67',X'687474703A2F2F7777772E66722E63617067656D696E692E636F6D'),
	(45,0,0,1,X'436173696E6F',X'687474703A2F2F776973656D626C792D636F6E74656E742E73332D776562736974652D65752D776573742D312E616D617A6F6E6177732E636F6D2F636C69656E74732D6C6F676F732F636173696E6F2E706E67',X'687474703A2F2F7777772E67726F7570652D636173696E6F2E66722F'),
	(46,1,1,1,X'44616E6F6E65',X'687474703A2F2F776973656D626C792D636F6E74656E742E73332D776562736974652D65752D776573742D312E616D617A6F6E6177732E636F6D2F636C69656E74732D6C6F676F732F64616E6F6E652E706E67',X'687474703A2F2F7777772E64616E6F6E652E636F6D2F'),
	(47,0,0,1,X'44434E53',X'687474703A2F2F776973656D626C792D636F6E74656E742E73332D776562736974652D65752D776573742D312E616D617A6F6E6177732E636F6D2F636C69656E74732D6C6F676F732F64636E732E706E67',X'687474703A2F2F66722E64636E7367726F75702E636F6D2F'),
	(48,0,0,2,X'454247',X'687474703A2F2F776973656D626C792D636F6E74656E742E73332D776562736974652D65752D776573742D312E616D617A6F6E6177732E636F6D2F636C69656E74732D6C6F676F732F6562672E6A7067',X'687474703A2F2F7777772E6562672E6E65742F'),
	(49,0,0,2,X'4C6573204563686F7320436F6E66C3A972656E6365',X'687474703A2F2F776973656D626C792D636F6E74656E742E73332D776562736974652D65752D776573742D312E616D617A6F6E6177732E636F6D2F636C69656E74732D6C6F676F732F6C65736563686F732E706E67',X'687474703A2F2F7777772E6C65736563686F732D636F6E666572656E6365732E66722F'),
	(50,0,0,3,X'4564697469616C6973',X'687474703A2F2F776973656D626C792D636F6E74656E742E73332D776562736974652D65752D776573742D312E616D617A6F6E6177732E636F6D2F636C69656E74732D6C6F676F732F6564697469616C69732E706E67',X'687474703A2F2F7777772E6564697469616C69732E66722F'),
	(51,0,0,4,X'4553435020556E69766572736974C3A9',X'687474703A2F2F776973656D626C792D636F6E74656E742E73332D776562736974652D65752D776573742D312E616D617A6F6E6177732E636F6D2F636C69656E74732D6C6F676F732F657363702E706E67',X'687474703A2F2F7777772E657363706575726F70652E65752F66722F'),
	(52,0,0,2,X'464550454D',X'687474703A2F2F776973656D626C792D636F6E74656E742E73332D776562736974652D65752D776573742D312E616D617A6F6E6177732E636F6D2F636C69656E74732D6C6F676F732F666570656D2E706E67',X'687474703A2F2F7777772E666570656D2E66722F6163637565696C'),
	(53,0,0,2,X'4645524D41',X'687474703A2F2F776973656D626C792D636F6E74656E742E73332D776562736974652D65752D776573742D312E616D617A6F6E6177732E636F6D2F636C69656E74732D6C6F676F732F6665726D612E706E67',X'687474703A2F2F7777772E6665726D612E65752F'),
	(54,0,0,2,X'466564657261746564204D65646961',X'687474703A2F2F776973656D626C792D636F6E74656E742E73332D776562736974652D65752D776573742D312E616D617A6F6E6177732E636F6D2F636C69656E74732D6C6F676F732F666D2E706E67',X'687474703A2F2F7777772E6665646572617465646D656469612E6E65742F'),
	(55,0,1,1,X'474446205375657A',X'687474703A2F2F776973656D626C792D636F6E74656E742E73332D776562736974652D65752D776573742D312E616D617A6F6E6177732E636F6D2F636C69656E74732D6C6F676F732F6764662E706E67',X'687474703A2F2F7777772E6764667375657A2E636F6D2F'),
	(56,1,0,1,X'476F6F676C65',X'687474703A2F2F776973656D626C792D636F6E74656E742E73332D776562736974652D65752D776573742D312E616D617A6F6E6177732E636F6D2F636C69656E74732D6C6F676F732F676F6F676C652E706E67',X'68747470733A2F2F7777772E676F6F676C652E66722F696E746C2F66722F61626F75742F'),
	(57,0,0,1,X'47726F7570616D61',X'687474703A2F2F776973656D626C792D636F6E74656E742E73332D776562736974652D65752D776573742D312E616D617A6F6E6177732E636F6D2F636C69656E74732D6C6F676F732F67726F7570616D612E706E67',X'687474703A2F2F7777772E67726F7570616D612E66722F'),
	(58,0,0,1,X'47726F75706F6E',X'687474703A2F2F776973656D626C792D636F6E74656E742E73332D776562736974652D65752D776573742D312E616D617A6F6E6177732E636F6D2F636C69656E74732D6C6F676F732F67726F75706F6E2E706E67',X'687474703A2F2F7777772E67726F75706F6E2E66722F'),
	(59,0,0,2,X'4861636B20465744',X'687474703A2F2F776973656D626C792D636F6E74656E742E73332D776562736974652D65752D776573742D312E616D617A6F6E6177732E636F6D2F636C69656E74732D6C6F676F732F6861636B6677642E706E67',X'687474703A2F2F6861636B6677642E636F6D2F'),
	(60,0,1,3,X'4861766173',X'687474703A2F2F776973656D626C792D636F6E74656E742E73332D776562736974652D65752D776573742D312E616D617A6F6E6177732E636F6D2F636C69656E74732D6C6F676F732F68617661732E6A7067',X'687474703A2F2F7777772E68617661736576656E742E636F6D2F'),
	(61,0,0,4,X'484543',X'687474703A2F2F776973656D626C792D636F6E74656E742E73332D776562736974652D65752D776573742D312E616D617A6F6E6177732E636F6D2F636C69656E74732D6C6F676F732F6865632E676966',X'687474703A2F2F7777772E6865632E66722F'),
	(62,0,0,2,X'48756220466F72756D',X'687474703A2F2F776973656D626C792D636F6E74656E742E73332D776562736974652D65752D776573742D312E616D617A6F6E6177732E636F6D2F636C69656E74732D6C6F676F732F687562666F72756D2E706E67',X'687474703A2F2F7777772E687562666F72756D2E636F6D2F'),
	(63,0,0,3,X'4944414F53',X'687474703A2F2F776973656D626C792D636F6E74656E742E73332D776562736974652D65752D776573742D312E616D617A6F6E6177732E636F6D2F636C69656E74732D6C6F676F732F6964616F732E706E67',X'687474703A2F2F7777772E6964616F732E636F6D2F'),
	(64,0,0,1,X'49464153',X'687474703A2F2F776973656D626C792D636F6E74656E742E73332D776562736974652D65752D776573742D312E616D617A6F6E6177732E636F6D2F636C69656E74732D6C6F676F732F696661732E706E67',X'687474703A2F2F7777772E696661732E6E65742F'),
	(65,0,0,2,X'496E7465726E6574205765656B204E65772D596F726B',X'687474703A2F2F776973656D626C792D636F6E74656E742E73332D776562736974652D65752D776573742D312E616D617A6F6E6177732E636F6D2F636C69656E74732D6C6F676F732F69776E792E706E67',X'68747470733A2F2F7777772E696E7465726E65747765656B6E792E636F6D2F'),
	(66,0,0,1,X'4B7572742053616C6D6F6E',X'687474703A2F2F776973656D626C792D636F6E74656E742E73332D776562736974652D65752D776573742D312E616D617A6F6E6177732E636F6D2F636C69656E74732D6C6F676F732F6B7572742E706E67',X'687474703A2F2F7777772E6B75727473616C6D6F6E2E636F6D2F'),
	(67,0,0,1,X'4C656E6F766F204672616E6365',X'687474703A2F2F776973656D626C792D636F6E74656E742E73332D776562736974652D65752D776573742D312E616D617A6F6E6177732E636F6D2F636C69656E74732D6C6F676F732F6C656E6F766F2E706E67',X'687474703A2F2F7777772E6C656E6F766F2E636F6D2F'),
	(68,0,1,1,X'4C274F72C3A9616C',X'687474703A2F2F776973656D626C792D636F6E74656E742E73332D776562736974652D65752D776573742D312E616D617A6F6E6177732E636F6D2F636C69656E74732D6C6F676F732F6C6F7265616C2E706E67',X'687474703A2F2F7777772E6C6F7265616C2E66722F'),
	(69,0,0,1,X'4C274F72C3A9616C20555341',X'687474703A2F2F776973656D626C792D636F6E74656E742E73332D776562736974652D65752D776573742D312E616D617A6F6E6177732E636F6D2F636C69656E74732D6C6F676F732F6C6F7265616C75732E706E67',X'687474703A2F2F7777772E6C6F7265616C7573612E636F6D2F'),
	(70,0,0,2,X'4D65646566',X'687474703A2F2F776973656D626C792D636F6E74656E742E73332D776562736974652D65752D776573742D312E616D617A6F6E6177732E636F6D2F636C69656E74732D6C6F676F732F6D656465662E706E67',X'687474703A2F2F7777772E6D656465662E636F6D2F'),
	(71,0,1,1,X'4D6963726F736F6674',X'687474703A2F2F776973656D626C792D636F6E74656E742E73332D776562736974652D65752D776573742D312E616D617A6F6E6177732E636F6D2F636C69656E74732D6C6F676F732F6D6963726F736F66742E706E67',X'687474703A2F2F7777772E6D6963726F736F66742E636F6D2F'),
	(72,0,0,3,X'4D6964656D',X'687474703A2F2F776973656D626C792D636F6E74656E742E73332D776562736974652D65752D776573742D312E616D617A6F6E6177732E636F6D2F636C69656E74732D6C6F676F732F6D6964656D2E676966',X'687474703A2F2F7777772E6D6964656D2E636F6D2F'),
	(73,0,0,3,X'4D69705456',X'687474703A2F2F776973656D626C792D636F6E74656E742E73332D776562736974652D65752D776573742D312E616D617A6F6E6177732E636F6D2F636C69656E74732D6C6F676F732F6D697074762E706E67',X'687474703A2F2F7777772E6D6970776F726C642E636F6D2F6D697074762F'),
	(74,0,0,2,X'4D6F62696C654D6F6E646179',X'687474703A2F2F776973656D626C792D636F6E74656E742E73332D776562736974652D65752D776573742D312E616D617A6F6E6177732E636F6D2F636C69656E74732D6C6F676F732F6D6D6F6E6461792E6A706567',X'687474703A2F2F7777772E6D6F62696C656D6F6E6461796672616E63652E6F72672F'),
	(75,0,0,1,X'4E4253',X'687474703A2F2F776973656D626C792D636F6E74656E742E73332D776562736974652D65752D776573742D312E616D617A6F6E6177732E636F6D2F636C69656E74732D6C6F676F732F6E62732E706E67',X'687474703A2F2F7777772E6E62732D73797374656D2E636F6D2F'),
	(76,0,0,1,X'4E4543',X'687474703A2F2F776973656D626C792D636F6E74656E742E73332D776562736974652D65752D776573742D312E616D617A6F6E6177732E636F6D2F636C69656E74732D6C6F676F732F6E65632E706E67',X'687474703A2F2F7777772E6E65632E66722F'),
	(77,0,0,2,X'4E65744578706C6F726174657572',X'687474703A2F2F776973656D626C792D636F6E74656E742E73332D776562736974652D65752D776573742D312E616D617A6F6E6177732E636F6D2F636C69656E74732D6C6F676F732F6E65746578706C6F7261746575722E706E67',X'687474703A2F2F7777772E6E65746578706C6F2E6F72672F'),
	(78,0,0,1,X'4E595345204575726F6E657874',X'687474703A2F2F776973656D626C792D636F6E74656E742E73332D776562736974652D65752D776573742D312E616D617A6F6E6177732E636F6D2F636C69656E74732D6C6F676F732F6E7973652E706E67',X'68747470733A2F2F6575726F7065616E65717569746965732E6E79782E636F6D2F66722F77656C636F6D65'),
	(79,0,0,1,X'4F62657274687572',X'687474703A2F2F776973656D626C792D636F6E74656E742E73332D776562736974652D65752D776573742D312E616D617A6F6E6177732E636F6D2F636C69656E74732D6C6F676F732F6F626572746875722E706E67',X'687474703A2F2F7777772E6F626572746875722E636F6D2F'),
	(80,1,0,1,X'4F72616E6765',X'687474703A2F2F776973656D626C792D636F6E74656E742E73332D776562736974652D65752D776573742D312E616D617A6F6E6177732E636F6D2F636C69656E74732D6C6F676F732F6F72616E67652E706E67',X'687474703A2F2F6F72616E67652D656E2D6672616E63652E6F72616E67652E66722F'),
	(81,0,0,1,X'50617970616C',X'687474703A2F2F776973656D626C792D636F6E74656E742E73332D776562736974652D65752D776573742D312E616D617A6F6E6177732E636F6D2F636C69656E74732D6C6F676F732F70617970616C2E706E67',X'68747470733A2F2F7777772E70617970616C2E636F6D2F66722F6367692D62696E2F7765627363723F636D643D5F686F6D65'),
	(82,0,0,1,X'506F6C6520456D706C6F69',X'687474703A2F2F776973656D626C792D636F6E74656E742E73332D776562736974652D65752D776573742D312E616D617A6F6E6177732E636F6D2F636C69656E74732D6C6F676F732F70652E706E67',X'687474703A2F2F7777772E706F6C652D656D706C6F692E66722F'),
	(83,0,0,3,X'50726F64656F',X'687474703A2F2F776973656D626C792D636F6E74656E742E73332D776562736974652D65752D776573742D312E616D617A6F6E6177732E636F6D2F636C69656E74732D6C6F676F732F70726F64656F2E706E67',X'687474703A2F2F7777772E70726F64656F2E636F6D2F'),
	(84,0,0,1,X'50726F736F646965',X'687474703A2F2F776973656D626C792D636F6E74656E742E73332D776562736974652D65752D776573742D312E616D617A6F6E6177732E636F6D2F636C69656E74732D6C6F676F732F70726F736F6469652E706E67',X'687474703A2F2F7777772E70726F736F6469652E66722F'),
	(85,0,1,1,X'505341',X'687474703A2F2F776973656D626C792D636F6E74656E742E73332D776562736974652D65752D776573742D312E616D617A6F6E6177732E636F6D2F636C69656E74732D6C6F676F732F7073612E706E67',X'687474703A2F2F7777772E7073612D70657567656F742D636974726F656E2E636F6D2F'),
	(86,0,0,3,X'5075626C696369732047726F757065',X'687474703A2F2F776973656D626C792D636F6E74656E742E73332D776562736974652D65752D776573742D312E616D617A6F6E6177732E636F6D2F636C69656E74732D6C6F676F732F7075626C696369732E706E67',X'687474703A2F2F7777772E7075626C6963697367726F7570652E636F6D2F'),
	(87,0,0,3,X'4C65205075626C69632053797374656D',X'687474703A2F2F776973656D626C792D636F6E74656E742E73332D776562736974652D65752D776573742D312E616D617A6F6E6177732E636F6D2F636C69656E74732D6C6F676F732F7075626C696373797374656D2E706E67',X'687474703A2F2F7777772E6C657075626C696373797374656D652E636F6D2F'),
	(88,0,0,1,X'52656463617473',X'687474703A2F2F776973656D626C792D636F6E74656E742E73332D776562736974652D65752D776573742D312E616D617A6F6E6177732E636F6D2F636C69656E74732D6C6F676F732F726564636174732E706E67',X'687474703A2F2F7777772E726564636174732E636F6D2F'),
	(89,0,0,1,X'524646',X'687474703A2F2F776973656D626C792D636F6E74656E742E73332D776562736974652D65752D776573742D312E616D617A6F6E6177732E636F6D2F636C69656E74732D6C6F676F732F7266662E706E67',X'687474703A2F2F7777772E7266662E66722F6672'),
	(90,0,0,1,X'52686F646961',X'687474703A2F2F776973656D626C792D636F6E74656E742E73332D776562736974652D65752D776573742D312E616D617A6F6E6177732E636F6D2F636C69656E74732D6C6F676F732F72686F6469612E706E67',X'687474703A2F2F7777772E72686F6469612E636F6D2F66722F'),
	(91,1,1,1,X'53616E6F6669',X'687474703A2F2F776973656D626C792D636F6E74656E742E73332D776562736974652D65752D776573742D312E616D617A6F6E6177732E636F6D2F636C69656E74732D6C6F676F732F73616E6F66692E706E67',X'687474703A2F2F7777772E73616E6F66692E66722F'),
	(92,0,0,4,X'536369656E636520506F',X'687474703A2F2F776973656D626C792D636F6E74656E742E73332D776562736974652D65752D776573742D312E616D617A6F6E6177732E636F6D2F636C69656E74732D6C6F676F732F736369656E636573706F2E676966',X'687474703A2F2F7777772E736369656E636573706F2E66722F'),
	(93,0,0,1,X'53656C6F6765722E636F6D',X'687474703A2F2F776973656D626C792D636F6E74656E742E73332D776562736974652D65752D776573742D312E616D617A6F6E6177732E636F6D2F636C69656E74732D6C6F676F732F73656C6F6765722E706E67',X'687474703A2F2F7777772E73656C6F6765722E636F6D2F'),
	(94,0,0,2,X'53696C69636F6E2053656E74696572',X'687474703A2F2F776973656D626C792D636F6E74656E742E73332D776562736974652D65752D776573742D312E616D617A6F6E6177732E636F6D2F636C69656E74732D6C6F676F732F73696C69636F6E73656E746965722E706E67',X'687474703A2F2F73696C69636F6E73656E746965722E6F72672F'),
	(95,0,0,2,X'537461727420496E205061726973',X'687474703A2F2F776973656D626C792D636F6E74656E742E73332D776562736974652D65752D776573742D312E616D617A6F6E6177732E636F6D2F636C69656E74732D6C6F676F732F7369702E706E67',X'687474703A2F2F7777772E7374617274696E70617269732E636F6D2F'),
	(96,0,0,2,X'534D58',X'687474703A2F2F776973656D626C792D636F6E74656E742E73332D776562736974652D65752D776573742D312E616D617A6F6E6177732E636F6D2F636C69656E74732D6C6F676F732F736D782E706E67',X'687474703A2F2F736D786D75656E6368656E2E64652F'),
	(97,1,1,1,X'534E4346',X'687474703A2F2F776973656D626C792D636F6E74656E742E73332D776562736974652D65752D776573742D312E616D617A6F6E6177732E636F6D2F636C69656E74732D6C6F676F732F736E63662E706E67',X'687474703A2F2F7777772E736E63662E636F6D2F66722F'),
	(98,0,1,1,X'536F6465786F',X'687474703A2F2F776973656D626C792D636F6E74656E742E73332D776562736974652D65752D776573742D312E616D617A6F6E6177732E636F6D2F636C69656E74732D6C6F676F732F736F6465786F2E6A7067',X'687474703A2F2F66722E736F6465786F2E636F6D2F'),
	(99,1,1,1,X'536F6C766179',X'687474703A2F2F776973656D626C792D636F6E74656E742E73332D776562736974652D65752D776573742D312E616D617A6F6E6177732E636F6D2F636C69656E74732D6C6F676F732F736F6C7661792E706E67',X'687474703A2F2F7777772E736F6C7661792E66722F'),
	(100,0,0,1,X'536F7265676F72',X'687474703A2F2F776973656D626C792D636F6E74656E742E73332D776562736974652D65752D776573742D312E616D617A6F6E6177732E636F6D2F636C69656E74732D6C6F676F732F736F7265676F722E706E67',X'687474703A2F2F7777772E736F7265676F722E66722F'),
	(101,0,0,3,X'537472617465676963204576656E74',X'687474703A2F2F776973656D626C792D636F6E74656E742E73332D776562736974652D65752D776573742D312E616D617A6F6E6177732E636F6D2F636C69656E74732D6C6F676F732F7374726174656769636576656E742E706E67',X'687474703A2F2F7777772E736576656E742E66722F'),
	(102,0,0,2,X'53746172747570205765656B656E64',X'687474703A2F2F776973656D626C792D636F6E74656E742E73332D776562736974652D65752D776573742D312E616D617A6F6E6177732E636F6D2F636C69656E74732D6C6F676F732F73772E706E67',X'687474703A2F2F737461727475707765656B656E642E6F72672F'),
	(103,0,0,1,X'53796E657267656E6365',X'687474703A2F2F776973656D626C792D636F6E74656E742E73332D776562736974652D65752D776573742D312E616D617A6F6E6177732E636F6D2F636C69656E74732D6C6F676F732F73796E657267656E63652E706E67',X'687474703A2F2F7777772E73796E657267656E63652E636F6D2F'),
	(104,0,0,2,X'546563686372756E63682046522052656D6978',X'687474703A2F2F776973656D626C792D636F6E74656E742E73332D776562736974652D65752D776573742D312E616D617A6F6E6177732E636F6D2F636C69656E74732D6C6F676F732F74636672656D69782E706E67',X'687474703A2F2F66722E746563686372756E63682E636F6D2F'),
	(105,0,1,1,X'544631',X'687474703A2F2F776973656D626C792D636F6E74656E742E73332D776562736974652D65752D776573742D312E616D617A6F6E6177732E636F6D2F636C69656E74732D6C6F676F732F7466312E706E67',X'687474703A2F2F7777772E7466312E66722F'),
	(106,0,0,1,X'4172657661',X'687474703A2F2F776973656D626C792D636F6E74656E742E73332E616D617A6F6E6177732E636F6D2F636C69656E74732D6C6F676F732F61726576612E706E67',X'687474703A2F2F7777772E61726576612E636F6D2F'),
	(107,0,0,1,X'5669636879',X'687474703A2F2F776973656D626C792D636F6E74656E742E73332D776562736974652D65752D776573742D312E616D617A6F6E6177732E636F6D2F636C69656E74732D6C6F676F732F76696368792E676966',X'687474703A2F2F7777772E76696368792E66722F'),
	(108,0,0,3,X'56696C6C6164616CC3A973696126436F',X'687474703A2F2F776973656D626C792D636F6E74656E742E73332D776562736974652D65752D776573742D312E616D617A6F6E6177732E636F6D2F636C69656E74732D6C6F676F732F76696C6C612E706E67',X'687474703A2F2F7777772E76696C6C6164616C65736961616E64636F2E636F6D2F'),
	(109,0,0,1,X'56696E6369204175746F726F75746573',X'687474703A2F2F776973656D626C792D636F6E74656E742E73332D776562736974652D65752D776573742D312E616D617A6F6E6177732E636F6D2F636C69656E74732D6C6F676F732F76696E6369612E706E67',X'687474703A2F2F7777772E76696E63692D6175746F726F757465732E636F6D2F'),
	(110,0,0,1,X'5765617665',X'687474703A2F2F776973656D626C792D636F6E74656E742E73332D776562736974652D65752D776573742D312E616D617A6F6E6177732E636F6D2F636C69656E74732D6C6F676F732F77656176652E706E67',X'687474703A2F2F77656176652E65752F'),
	(111,0,0,2,X'576F6D656E277320466F72756D',X'687474703A2F2F776973656D626C792D636F6E74656E742E73332D776562736974652D65752D776573742D312E616D617A6F6E6177732E636F6D2F636C69656E74732D6C6F676F732F77662E6A7067',X'687474703A2F2F7777772E776F6D656E732D666F72756D2E636F6D2F'),
	(112,0,0,1,X'5961686F6F',X'687474703A2F2F776973656D626C792D636F6E74656E742E73332D776562736974652D65752D776573742D312E616D617A6F6E6177732E636F6D2F636C69656E74732D6C6F676F732F7961686F6F2E706E67',X'687474703A2F2F66722E7961686F6F2E636F6D2F'),
	(113,0,0,1,X'47616C6C6572696573204C6166617965747465',X'687474703A2F2F776973656D626C792D636F6E74656E742E73332D776562736974652D65752D776573742D312E616D617A6F6E6177732E636F6D2F636C69656E74732D6C6F676F732F6C61666179657474652E706E67',X'687474703A2F2F7777772E67616C65726965736C61666179657474652E636F6D2F'),
	(114,0,0,1,X'5361696E742D476F6261696E',X'687474703A2F2F776973656D626C792D636F6E74656E742E73332D776562736974652D65752D776573742D312E616D617A6F6E6177732E636F6D2F636C69656E74732D6C6F676F732F7361696E74676F6261696E2E706E67',X'687474703A2F2F7777772E7361696E742D676F6261696E2E636F6D2F'),
	(115,0,0,3,X'4C6120466F6E6465726965',X'687474703A2F2F776973656D626C792D636F6E74656E742E73332D776562736974652D65752D776573742D312E616D617A6F6E6177732E636F6D2F636C69656E74732D6C6F676F732F666F6E64657269652E706E67',X'687474703A2F2F7777772E6C61666F6E64657269652D6964662E66722F'),
	(116,0,0,1,X'4D6F62697669612047726F757065',X'687474703A2F2F776973656D626C792D636F6E74656E742E73332D776562736974652D65752D776573742D312E616D617A6F6E6177732E636F6D2F636C69656E74732D6C6F676F732F6D6F62697669612E706E67',X'687474703A2F2F7777772E6D6F626976696167726F7570652E636F6D2F'),
	(117,0,0,1,X'4F6C69766965722057796D616E',X'687474703A2F2F776973656D626C792D636F6E74656E742E73332D776562736974652D65752D776573742D312E616D617A6F6E6177732E636F6D2F636C69656E74732D6C6F676F732F6F6C697669657277796D616E2E706E67',X'687474703A2F2F7777772E6F6C6976657277796D616E2E636F6D2F'),
	(118,0,0,3,X'4D616E67616E656C6C69',X'687474703A2F2F776973656D626C792D636F6E74656E742E73332D776562736974652D65752D776573742D312E616D617A6F6E6177732E636F6D2F636C69656E74732D6C6F676F732F6D616E67616E656C6C692E706E67',X'687474703A2F2F7777772E6D616E67616E656C6C692E636F6D2F'),
	(119,0,0,2,X'4D6173682D7570',X'687474703A2F2F776973656D626C792D636F6E74656E742E73332D776562736974652D65752D776573742D312E616D617A6F6E6177732E636F6D2F636C69656E74732D6C6F676F732F6D61736875702E706E67',X'687474703A2F2F7777772E6D6173682D75702E66722F'),
	(120,1,1,1,X'424D57',X'687474703A2F2F776973656D626C792D636F6E74656E742E73332D776562736974652D65752D776573742D312E616D617A6F6E6177732E636F6D2F636C69656E74732D6C6F676F732F626D772E706E67',X'687474703A2F2F7777772E626D772E636F6D2F'),
	(121,1,0,1,X'415841',X'687474703A2F2F776973656D626C792D636F6E74656E742E73332D776562736974652D65752D776573742D312E616D617A6F6E6177732E636F6D2F636C69656E74732D6C6F676F732F6178612E6A7067',X'687474703A2F2F6178612E636F6D'),
	(122,1,0,1,X'416972627573',X'687474703A2F2F776973656D626C792D636F6E74656E742E73332D776562736974652D65752D776573742D312E616D617A6F6E6177732E636F6D2F636C69656E74732D6C6F676F732F6169726275732E6A7067',X'687474703A2F2F7777772E6169726275732E636F6D'),
	(123,1,0,1,X'4C6120506F737465',X'687474703A2F2F776973656D626C792D636F6E74656E742E73332D776562736974652D65752D776573742D312E616D617A6F6E6177732E636F6D2F636C69656E74732D6C6F676F732F6C612D706F7374652E706E67',X'687474703A2F2F7777772E6C61706F7374652E6672'),
	(124,1,0,1,X'44656C6F69747465',X'687474703A2F2F776973656D626C792D636F6E74656E742E73332D776562736974652D65752D776573742D312E616D617A6F6E6177732E636F6D2F636C69656E74732D6C6F676F732F64656C6F697474652E6A7067',X'687474703A2F2F7777772E64656C6F697474652E636F6D'),
	(125,1,0,1,X'4C274F7265616C',X'687474703A2F2F776973656D626C792D636F6E74656E742E73332D776562736974652D65752D776573742D312E616D617A6F6E6177732E636F6D2F636C69656E74732D6C6F676F732F6C6F7265616C2E706E67',X'687474703A2F2F7777772E6C6F7265616C2E636F6D'),
	(126,1,0,1,X'4372C3A96469742041677269636F6C65',X'687474703A2F2F776973656D626C792D636F6E74656E742E73332D776562736974652D65752D776573742D312E616D617A6F6E6177732E636F6D2F636C69656E74732D6C6F676F732F6372656469742D61677269636F6C652E6A7067',X'687474703A2F2F7777772E6372656469742D61677269636F6C652E6672'),
	(127,1,1,1,X'536F63696574C3A92047C3A96EC3A972616C65',X'687474703A2F2F776973656D626C792D636F6E74656E742E73332D776562736974652D65752D776573742D312E616D617A6F6E6177732E636F6D2F636C69656E74732D6C6F676F732F736F63696574652D67656E6572616C652E706E67',X'687474703A2F2F7777772E736F636965746567656E6572616C652E66722F'),
	(128,0,0,2,X'576F726C642053747564656E7420466F72756D',X'687474703A2F2F776973656D626C792D636F6E74656E742E73332E616D617A6F6E6177732E636F6D2F636C69656E74732D6C6F676F732F776F726C6473747564656E74666F72756D2E706E67',X'687474703A2F2F7777772E776F726C6473747564656E74666F72756D2E636F6D2F');

/*!40000 ALTER TABLE `client` ENABLE KEYS */;
UNLOCK TABLES;


# Dump of table client_category
# ------------------------------------------------------------

DROP TABLE IF EXISTS `client_category`;

CREATE TABLE `client_category` (
  `id` int(11) NOT NULL AUTO_INCREMENT,
  `name` varchar(255) COLLATE utf8_bin NOT NULL,
  `icon` varchar(255) COLLATE utf8_bin NOT NULL,
  PRIMARY KEY (`id`)
) ENGINE=InnoDB DEFAULT CHARSET=utf8 COLLATE=utf8_bin;

LOCK TABLES `client_category` WRITE;
/*!40000 ALTER TABLE `client_category` DISABLE KEYS */;

INSERT INTO `client_category` (`id`, `name`, `icon`)
VALUES
	(1,X'456E747265707269736573',X'69636F6E2D627269656663617365'),
	(2,X'4173736F63696174696F6E73',X'69636F6E2D67726F7570'),
	(3,X'4167656E636573',X'69636F6E2D6661636574696D652D766964656F'),
	(4,X'4772616E6465732045636F6C6573202620556E69766572736974C3A973',X'69636F6E2D6265616B6572');

/*!40000 ALTER TABLE `client_category` ENABLE KEYS */;
UNLOCK TABLES;


# Dump of table events
# ------------------------------------------------------------

DROP TABLE IF EXISTS `events`;

CREATE TABLE `events` (
  `id` int(11) unsigned NOT NULL AUTO_INCREMENT,
  `title` char(255) CHARACTER SET utf8 COLLATE utf8_bin NOT NULL DEFAULT '',
  `date` varchar(255) CHARACTER SET utf8 COLLATE utf8_bin NOT NULL DEFAULT '',
  `time` varchar(255) CHARACTER SET utf8 COLLATE utf8_bin NOT NULL DEFAULT '',
  `address` varchar(255) CHARACTER SET utf8 COLLATE utf8_bin DEFAULT NULL,
  `description` varchar(255) CHARACTER SET utf8 COLLATE utf8_bin DEFAULT NULL,
  `url` varchar(255) CHARACTER SET utf8 COLLATE utf8_bin NOT NULL DEFAULT '',
  `type` varchar(255) CHARACTER SET utf8 COLLATE utf8_bin NOT NULL DEFAULT '',
  PRIMARY KEY (`id`)
) ENGINE=InnoDB DEFAULT CHARSET=utf8;



# Dump of table features_event
# ------------------------------------------------------------

DROP TABLE IF EXISTS `features_event`;

CREATE TABLE `features_event` (
  `key` varchar(255) NOT NULL,
  `value` text NOT NULL,
  UNIQUE KEY `key` (`key`)
) ENGINE=InnoDB DEFAULT CHARSET=latin1;

LOCK TABLES `features_event` WRITE;
/*!40000 ALTER TABLE `features_event` DISABLE KEYS */;

INSERT INTO `features_event` (`key`, `value`)
VALUES
	('event_seminaries_desc','Wisembly gives everyone at your seminar the chance to speak.  Collect all the questions and provide a better response!'),
	('event_seminaries_title','Get your audience to join in'),
	('event_stream_item_1_author','Sébastien F. via email'),
	('event_stream_item_1_text','Should we change the top management to become digital ?'),
	('event_stream_item_2_author','Cédric E. via mobile'),
	('event_stream_item_2_text','Being Digital Ready for our businesses is it not a matter of survival?'),
	('event_stream_item_3_author','Cécile D. via Web'),
	('event_stream_item_3_text','What place for innovation in companies run by 1.0 profiles?'),
	('event_stream_item_4_author','Mohamed M. via Twitter'),
	('event_stream_item_4_text','Finally a true reflection on a business that could change .....Change management is hard .... bravo!'),
	('event_stream_item_5_author','Christina D. via SMS'),
	('event_stream_item_5_text','Thank you for answering all our questions, that\'s great!'),
	('feedback_survey_desc','<p>Wisembly has an integrated feedback survey so you can collect feedback at any time, directly via our platform.  Unlike paper questionnaires or emails sent after the event, Wisembly surveys guarantee a maximum response rate.p> <p>Collect feedback at each event and monitor progress on Wisembly to better adapt content to audience expectations. </p>'),
	('feedback_survey_link','Feedback survey'),
	('feedback_survey_title','Make your events better and better'),
	('fullscreen_desc','Display messages from the audience in the room to boost interaction whilst highlighting audience reactions.  You can toggle between slides and questions, choose the display method, and customize the colors and logo of your screen.'),
	('fullscreen_link','Full screen'),
	('fullscreen_title','Display a 100% interactive screen'),
	('interaction_analysis_desc1','Wisembly collates and analyzes all your data after each event: questions, comments, votes, number of participants, word cloud, etc.'),
	('interaction_analysis_desc2','You can visualize the highlights of your event from the GUI and export them in different formats.'),
	('interaction_analysis_link','Interaction analysis'),
	('interaction_analysis_title','Visualize the content of your event'),
	('moderation_desc','You can moderate messages from the audience before publication, if you wish, then only messages that you approve will be published.  You can also moderate messages after publication, if you change your mind.'),
	('moderation_link','Moderation'),
	('moderation_title','Moderate messages from the audience'),
	('multi_devices_desc1','Why change the habits of your audience by making them use cumbersome vote boxes or keypads?'),
	('multi_devices_desc2','<p>Web, cellphone, tablet, Twitter, email, SMS, etc.</p> <p>Wisembly works with all modern devices.</p>'),
	('multi_devices_desc3','Participants can use the device that they feel most comfortable with – the one they already have in their purses and pockets.'),
	('multi_devices_link','Multi-device'),
	('multi_devices_title','Wisembly works everywhere…and we mean everywhere.'),
	('qna_desc1','<p>Your audience can share questions and reactions, whether anonymously or otherwise, via their cell phones without interrupting you.</p> <p>We took part in all kinds of events before we designed Wisembly.</p>'),
	('qna_desc2','<p>Just like us you must be tired of those who are too shy to ask questions and those who love the sound of their own voices and won’t shut up!</p>\r\n<p>With Wisembly everyone gets to have their say and you select the best questions.</p>'),
	('qna_link','Collect questions'),
	('qna_title','Give your audience the chance to speak'),
	('question_answers_desc','Of course, you won’t have time to answer all of the audience’s questions during the seminar.  Why not answer questions directly on Wisembly?  As they come in or straight after the event, you can continue your dialog with your audience and provide satisfactory answers.'),
	('question_answers_link','Answers to questions'),
	('question_answers_title','Continue the dialog with your audience'),
	('votes_desc','Do you usually hand out vote boxes to your participants?  Do you have to take care of the rental, the deposit, and their distribution? Go digital and let your participants use the devices they’ve already got in their pockets and purses.  It’s simpler, it’s cheaper, and it’s definitely more modern!'),
	('votes_link','Votes'),
	('votes_title','Forget about vote boxes!');

/*!40000 ALTER TABLE `features_event` ENABLE KEYS */;
UNLOCK TABLES;


# Dump of table features_meeting
# ------------------------------------------------------------

DROP TABLE IF EXISTS `features_meeting`;

CREATE TABLE `features_meeting` (
  `key` varchar(255) NOT NULL,
  `value` text NOT NULL,
  UNIQUE KEY `key` (`key`)
) ENGINE=InnoDB DEFAULT CHARSET=latin1;

LOCK TABLES `features_meeting` WRITE;
/*!40000 ALTER TABLE `features_meeting` DISABLE KEYS */;

INSERT INTO `features_meeting` (`key`, `value`)
VALUES
	('decision_taking_desc1','<p>Meetings are the perfect place to make shared decisions.</p> <p>No need to keep going round and round the table without reaching a clear decision. You can organize a vote on Wisembly with a single click.</p>'),
	('decision_taking_desc2','<p>The result is immediate.</p> <p>You can keep track of every decision taken in all your meetings.</p>'),
	('decision_taking_link','Decision making'),
	('decision_taking_title','Make real decisions during your meetings'),
	('documents_desc1','No need to juggle all your different PowerPoint presentations and documents to email to participants.'),
	('documents_desc2','It’s all there on your Wisembly interface and you decide in one click what to screen and what to make available to everyone. Your content is 100% secure. Only approved users can access it.'),
	('documents_link','Document sharing'),
	('documents_title','All the materials for your meeting all together in one place'),
	('feedback_survey_desc1','Why not get the most out of your participants by gathering feedback at the end of your meeting?'),
	('feedback_survey_desc2','With Wisembly you can get their opinions on how the meeting went, the subjects covered, and the decisions taken – fast.'),
	('feedback_survey_desc3','You can identify unresolved issues with a few clicks and improve future meetings.'),
	('feedback_survey_link','Feedback survey'),
	('feedback_survey_title','Make your meetings better and better'),
	('meeting_confcalls_desc','Wisembly now helps hundreds of companies to prepare, facilitate, and monitor their meetings and conference calls.'),
	('meeting_confcalls_title','Give your meetings a boost'),
	('meeting_poll_choice_1','What every manager must know about Wisembly'),
	('meeting_poll_choice_2','To the Manager who Hates Meetings'),
	('meeting_poll_choice_3','Confidential for innovative Managers'),
	('meeting_poll_title','Which subject line for the next newsletter?'),
	('meeting_stream_item_1_author','Tristan D. via Twitter'),
	('meeting_stream_item_1_text','How to avoid the meeting mania?'),
	('meeting_stream_item_2_author','Mathieu G. via Mobile'),
	('meeting_stream_item_2_text','Is it true that managers spend a third of their time in meetings? '),
	('meeting_stream_item_3_author','Baptiste C. via Web'),
	('meeting_stream_item_3_text','What is your advice to improve the quality of our meetings?'),
	('meeting_stream_item_4_author','Rémy G. via email'),
	('meeting_stream_item_4_text','The meeting mania reveals a communication problem'),
	('meeting_stream_item_5_author','Gabriel M. via SMS'),
	('meeting_stream_item_5_text','How to involve everyone without running out of time?'),
	('multi_devices_desc_1','<p>Why waste time on endless explanations at the start of your meetings?</p>'),
	('multi_devices_desc_2','<p>Your participants connect with the device of their choice (phone, Smartphone, tablet, or PC). No need to create an account, no software to download.</p>'),
	('multi_devices_desc_3','<p>Access is immediate and intuitive.</p>'),
	('multi_devices_link','Multi-device'),
	('multi_devices_title','Your participants are already equipped'),
	('questions_and_ideas_desc1','<p>Every participant can react or ask a question on the subject in hand at any point without interrupting the presentation.</p> <p>You don’t miss any bright ideas.</p>'),
	('questions_and_ideas_desc2','<p>Participants feel involved and that their ideas are heard during your meetings.</p> <p>Everyone can follow the meeting and remain involved.</p>'),
	('questions_and_ideas_link','Collect ideas'),
	('questions_and_ideas_title','Your participants are involved and stay focused'),
	('schedule_link','Schedule'),
	('schedule_meetings_desc','<p>Prepare the agenda for your meeting according to the subjects to be handled.</p> <p>Share it with everyone who will participate in the meeting.</p> <p>Keep track of ideas, suggestions, and decisions taken on each subject with ease.</p>'),
	('schedule_meetings_title','Organize your meetings point by point'),
	('statistics_desc_1','<p>Wisembly remembers everything that happens during your meeting.</p>'),
	('statistics_desc_2','<p>Find the subjects discussed, documents shared, questions raised, and decisions made - fast.</p>'),
	('statistics_desc_3','<p>Wisembly becomes the record of your meetings.</p>'),
	('statistics_link','Statistics and reports'),
	('statistics_title','Keep track of all your meetings');

/*!40000 ALTER TABLE `features_meeting` ENABLE KEYS */;
UNLOCK TABLES;


# Dump of table features_training
# ------------------------------------------------------------

DROP TABLE IF EXISTS `features_training`;

CREATE TABLE `features_training` (
  `key` varchar(255) COLLATE utf8_bin NOT NULL,
  `value` text COLLATE utf8_bin NOT NULL,
  UNIQUE KEY `key` (`key`)
) ENGINE=InnoDB DEFAULT CHARSET=utf8 COLLATE=utf8_bin;

LOCK TABLES `features_training` WRITE;
/*!40000 ALTER TABLE `features_training` DISABLE KEYS */;

INSERT INTO `features_training` (`key`, `value`)
VALUES
	(X'636C61737365735F747261696E696E67735F6465736331',X'576973656D626C79206272656174686573206C69666520696E746F20796F757220747261696E696E672073657373696F6E732E'),
	(X'636C61737365735F747261696E696E67735F6465736332',X'596F75722073747564656E74732074616B65206F776E657273686970206F662074686520636F6E74656E742E20596F7520666F6C6C6F772074686569722070726F67726573732E'),
	(X'636C61737365735F747261696E696E67735F7469746C65',X'436C617373657320616E6420747261696E696E67'),
	(X'646F63756D656E74735F6D616E6167656D656E745F64657363',X'4E6F206E65656420746F20736F7274207468726F75676820616C6C20796F757220506F776572506F696E742070726573656E746174696F6E7320616E6420646F63756D656E747320746F20626520646973747269627574656420746F2073747564656E74732E20204974E280997320616C6C20746F676574686572206F6E20612073696E676C6520696E746572666163652E202053637265656E207468656D206F72207368617265207468656D207769746820796F75722073747564656E7473207769746820612073696E676C6520636C69636B2E'),
	(X'646F63756D656E74735F6D616E6167656D656E745F6C696E6B',X'446F63756D656E74206D616E6167656D656E74'),
	(X'646F63756D656E74735F6D616E6167656D656E745F7469746C65',X'416C6C20796F757220747261696E696E67206D6174657269616C7320746F67657468657220696E206F6E6520706C616365'),
	(X'6D756C74695F6465766963655F6465736331',X'576879206368616E67652074686520686162697473206F6620796F75722073747564656E7473206279206D616B696E67207468656D207573652063756D626572736F6D6520766F746520626F786573206F72206B6579706164733F'),
	(X'6D756C74695F6465766963655F6465736332',X'3C703E5765622C2063656C6C70686F6E652C207461626C65742C20547769747465722C20656D61696C2C20534D532C206574632E3C2F703E203C703E576973656D626C7920776F726B73206F6E20616C6C206D6F6465726E20646576696365732E3C2F703E'),
	(X'6D756C74695F6465766963655F6465736333',X'596F75722073747564656E74732063616E2075736520746865206465766963652074686579206665656C206D6F737420636F6D666F727461626C65207769746820E2809320746865206F6E65207468657920616C7265616479206861766520696E2074686569722070757273657320616E6420706F636B6574732E'),
	(X'6D756C74695F6465766963655F7469746C65',X'596F75722073747564656E74732061726520616C7265616479206571756970706564'),
	(X'6D756C74695F646576696365735F6C696E6B',X'4D756C74692D706C6174666F726D'),
	(X'716E615F64657363',X'3C703E5468657265E2809973206E6F2073756368207468696E67206173206120737475706964207175657374696F6E206F7220636F6D6D656E742E204576657279207175657374696F6E2073686F756C64206265206465616C7420776974682E3C2F703E203C703E5769746820576973656D626C7920796F75722073747564656E74732063616E2061736B207175657374696F6E7320617420616E792074696D6520776974686F757420696E74657272757074696E672074686520636C6173732E3C2F703E203C703E546865792063616E20616C736F20726561637420746F206F746865722073747564656E7473E280992070726573656E746174696F6E7320616E64206D61796265207368617265206164646974696F6E616C20696E666F726D6174696F6E2E3C2F703E203C703E596F752063616E206465616C2077697468207175657374696F6E73206C6976652C2061742074686520656E64206F6620636C6173732C206F7220616674657277617264732C206469726563746C79206F6E20796F75722057697A2E3C2F703E'),
	(X'716E615F6C696E6B',X'512641'),
	(X'716E615F7469746C65',X'416E7377657220616C6C20796F75722073747564656E7473E28099207175657374696F6E73'),
	(X'7175697A5F6C696E6B',X'5175697A7A6573'),
	(X'7175697A7A65735F64657363',X'427265616B20757020796F757220636C617373207769746820717569636B207175697A7A65732E20596F752063616E20636865636B20746861742074686520746F706963732070726573656E7465642068617665206265656E20756E64657273746F6F6420616E6420746861742065766572796F6E65206973206B656570696E672075702E2020507265706172656420696E20616476616E63652C207468657365207175697A7A65732061726520612067726561742077617920746F20666F63757320617474656E74696F6E20616E64206272696E6720796F757220747261696E696E6720746F206C6966652E'),
	(X'7175697A7A65735F7469746C65',X'436865636B20746861742065766572796F6E652068617320756E64657273746F6F64'),
	(X'73746174735F7265706F7274696E675F6465736331',X'416674657220656163682073657373696F6E2C20796F752063616E2061636365737320612064657461696C656420616E616C79736973206F6620796F757220636C6173733A206E756D62657220616E642074797065206F6620696E746572616374696F6E732C20636F6E74656E742C2067726164696E67206F662073747564656E74732C2061766572616765206772616465732C206574632E'),
	(X'73746174735F7265706F7274696E675F6465736332',X'3C703E46696E64696E6720796F7572207175657374696F6E732C20736C696465732C20616E64206E6F7465732066726F6D206120636C6173732066726F6D206120666577206D6F6E7468732061676F206973206368696C64E280997320706C617920616E64206F6E6C792074616B6573207365636F6E64732E2020596F752063616E206576656E20E280987265706C6179E280992074686520636C6173732E3C2F703E203C703E576973656D626C79206265636F6D657320746865207265636F7264206F6620616C6C20796F757220636C617373657320616E6420747261696E696E672E3C2F703E'),
	(X'73746174735F7265706F7274696E675F6C696E6B',X'5374617469737469637320616E64207265706F727473'),
	(X'73746174735F7265706F7274696E675F7469746C65',X'546865207265636F7264206F6620616C6C20796F757220747261696E696E67'),
	(X'73747564656E74735F6576616C756174696F6E5F6465736331',X'3C703E596F752073686F756C646EE28099742062652077617374696E672070726563696F75732074696D6520636F7272656374696E67206D756C7469706C652063686F696365207175657374696F6E6E61697265732E205769746820576973656D626C79206974E280997320616C6C206175746F6D617469632E3C2F703E203C703E596F75206F6E6C79206861766520746F2064657369676E20796F7572207175657374696F6E733A206F70656E207175657374696F6E732C206D756C7469706C65206F722073696E676C652063686F696365207175657374696F6E732C206574632E3C2F703E203C703E596F75722073747564656E747320616E73776572206469726563746C79207669612074686569722070686F6E65732C207461626C657473206F72205043732E3C2F703E'),
	(X'73747564656E74735F6576616C756174696F6E5F6465736332',X'3C703E436F7272656374696F6E20697320646F6E65206175746F6D61746963616C6C792E3C2F703E203C703E596F75722073747564656E74732061636365737320746865697220726573756C747320696D6D6564696174656C792061732077656C6C20617320746865206C697374206F6620636F727265637420616E73776572732E3C2F703E203C703E596F752063616E206163636573732065766572796F6E65E280997320616E737765727320616E64206772616465732061732077656C6C206173206F766572616C6C20636C61737320726573756C74732E3C2F703E'),
	(X'73747564656E74735F6576616C756174696F6E5F6C696E6B',X'53747564656E74204576616C756174696F6E'),
	(X'73747564656E74735F6576616C756174696F6E5F7469746C65',X'596F7572206576616C756174696F6E7320617265206175746F6D61746963616C6C7920636F72726563746564'),
	(X'747261696E696E675F6576616C756174696F6E5F64657363',X'3C703E596F752063616E2061736B20796F75722073747564656E747320746F206769766520666565646261636B206F6E20796F757220636C6173732E203C2F703E203C703E526573756C74732061726520636F6C6C61746564206469726563746C79206F6E2074686520706C6174666F726D20616E6420796F7520646F6EE2809974206861766520746F207472616E73666572207468656D2066726F6D20706170657220666F726D732E20416C6C20726573756C74732063616E206265206578706F7274656420696E20457863656C2E3C2F703E203C703E596F7520676574206120636F6D706C657465206F76657276696577206F6620796F757220636C61737320616E6420796F752063616E20616461707420636F6E74656E7420746F206D61746368207468652070726F66696C657320616E64206578706563746174696F6E73206F66207061727469636970616E74732E3C2F703E'),
	(X'747261696E696E675F6576616C756174696F6E5F7469746C65',X'496D70726F766520796F757220747261696E696E67207769746820796F75722073747564656E7473'),
	(X'747261696E696E675F706F6C6C5F63686F6963655F31',X'4120636F6C6C61626F72617469766520736F6C7574696F6E20666F7220627573696E657373206D656574696E6773'),
	(X'747261696E696E675F706F6C6C5F63686F6963655F32',X'4120766F74696E6720626F7865732073797374656D'),
	(X'747261696E696E675F706F6C6C5F63686F6963655F33',X'412070726F66657373696F6E616C20736F6369616C206E6574776F726B'),
	(X'747261696E696E675F706F6C6C5F7469746C65',X'5768617420697320576973656D626C7920666F7220796F753F0D0A'),
	(X'747261696E696E675F73747265616D5F6974656D5F315F617574686F72',X'596F616E6E204C2E20766961206D6F62696C65'),
	(X'747261696E696E675F73747265616D5F6974656D5F315F74657874',X'486F772063616E207765206D6561737572652074686520696E666C75656E6365206F6620736F6369616C206D65646961206F6E20612070757263686173653F'),
	(X'747261696E696E675F73747265616D5F6974656D5F325F617574686F72',X'4C75646F76696320422E2076696120534D53'),
	(X'747261696E696E675F73747265616D5F6974656D5F325F74657874',X'4772C3A9676F72792C20686F77206D75636820636F7374206120766972616C2063616D706169676E20616E6420686F7720746F20627265616B20646F776E2074686520696E766573746D656E743F'),
	(X'747261696E696E675F73747265616D5F6974656D5F335F617574686F72',X'436861726C6F74746520422E2076696120656D61696C'),
	(X'747261696E696E675F73747265616D5F6974656D5F335F74657874',X'446F206272616E6473206E65676C65637420666F72756D206265636175736520746865792061726520756E61626C6520746F206D61737465722074686520636F6E74656E7420287269736B206F66206261642062757A7A202E2E2E293F'),
	(X'747261696E696E675F73747265616D5F6974656D5F345F617574686F72',X'416D6175727920442E20766961206D6F62696C65'),
	(X'747261696E696E675F73747265616D5F6974656D5F345F74657874',X'486F77206D75636820646F657320697420636F737420746F20646576656C6F7020616E206170706C69636174696F6E20666F722061206272616E643F'),
	(X'747261696E696E675F73747265616D5F6974656D5F355F617574686F72',X'4A756C657320422E2076696120576562'),
	(X'747261696E696E675F73747265616D5F6974656D5F355F74657874',X'536F6D65206272616E64732073756368206173204170706C65207365656D20746F20686176652061207265616C20616666696E697479207769746820746865697220637573746F6D6572732C7468616E6B277320746F20736F6369616C206D656469613F'),
	(X'747261696E696E67735F6576616C756174696F6E5F6C696E6B',X'4576616C756174696F6E206F6620747261696E696E67');

/*!40000 ALTER TABLE `features_training` ENABLE KEYS */;
UNLOCK TABLES;


# Dump of table history
# ------------------------------------------------------------

DROP TABLE IF EXISTS `history`;

CREATE TABLE `history` (
  `id` int(11) NOT NULL AUTO_INCREMENT,
  `date` varchar(255) COLLATE utf8_bin NOT NULL,
  `title` varchar(255) COLLATE utf8_bin NOT NULL,
  `description` text COLLATE utf8_bin,
  `link` varchar(255) COLLATE utf8_bin DEFAULT NULL,
  `image` varchar(255) COLLATE utf8_bin DEFAULT NULL,
  PRIMARY KEY (`id`)
) ENGINE=InnoDB DEFAULT CHARSET=utf8 COLLATE=utf8_bin;

LOCK TABLES `history` WRITE;
/*!40000 ALTER TABLE `history` DISABLE KEYS */;

INSERT INTO `history` (`id`, `date`, `title`, `description`, `link`, `image`)
VALUES
	(1,X'4A756E652032303130',X'42616C6C6F6F6E20697320666F756E64656420627920416E647265C3AF2C2050696572726520616E6420526F6D61696E',X'42616C6C6F6F6E277320666972737420696465612069732061206C6F63616C20736F6369616C206E6574776F726B3A20746F20616C6C6F772070656F706C6520696E207468652073616D65206C6F636174696F6E20746F2065786368616E6765206D657373616765732066726F6D207468656972206D6F62696C652070686F6E65732E3C62722F3E3C62722F3E0D0A0D0A4166746572207365766572616C20746573742070686173657320647572696E672073747564656E742063616D706169676E732C20656E746572707269736520666F72756D73206F72206576656E696E67732C2042616C6C6F6F6E206973207573656420647572696E67206120636F6E666572656E636520746F20616C6C6F77207061727469636970616E747320616E6420636F6E7472696275746F727320746F20686176652065786368616E67657320696E206120636F6D706C6574656C79206E6577207761792E3C62722F3E3C62722F3E0D0A0D0A42616C6C6F6F6E2C2061732069742065786973747320746F6461792C20697320626F726E2E',NULL,X'687474703A2F2F776973656D626C792E636F6D2F7374617469632F696D672D73746F72792F73746F7279312E6A7067'),
	(2,X'4175677573742032303130',X'4775696C6C61756D65206A6F696E732042616C6C6F6F6E20616E64206265636F6D65732043544F',X'466F6C6C6F77696E672074686520646570617274757265206F66205069657272652C204775696C6C61756D65206172726976657320746F20636F6D706C65746520746865207465616D20616E6420626567696E7320776F726B20746F20646576656C6F7020746865206E65772076657273696F6E206F662042616C6C6F6F6E2E',NULL,X'687474703A2F2F776973656D626C792E636F6D2F7374617469632F696D672D73746F72792F73746F7279322E6A7067'),
	(3,X'53657074656D6265722032303130',X'496E746567726174696F6E2077697468207468652048454320696E63756261746F72',X'466F6C6C6F77696E672061207375636365737366756C20737461727420616E64207468652073756363657373206F6620746865206E65772076657273696F6E2C2042616C6C6F6F6E20696E74656772617465732077697468207468652048454320696E63756261746F7220666F7220612079656172206F6620737570706F72742E',X'687474703A2F2F7777772E6865632E66722F696E63756261746575722D6865632F',X'687474703A2F2F776973656D626C792E636F6D2F7374617469632F696D672D73746F72792F73746F7279332E6A706567'),
	(4,X'4D617263682032303131',X'4C61756E6368206F6620746865206F6E6C696E652076657273696F6E206F662042616C6C6F6F6E',X'42616C6C6F6F6E206973206469726563746C7920617661696C61626C65206F6E6C696E6520616E64206265636F6D65732075736561626C6520696E2061207374616E642D616C6F6E65206D616E6E6572206279206F757220637573746F6D6572732E20497420697320746865207374617274206F662068756E6472656473206F66206576656E74732070726F64756365642061726F756E642074686520776F726C6420776974686F7574206F75722064697265637420696E766F6C76656D656E742E',NULL,X'687474703A2F2F776973656D626C792E636F6D2F7374617469632F696D672D73746F72792F53746F7279342E706E67'),
	(5,X'53657074656D6265722032303131',X'546865203130302C3030303C7375703E74683C2F7375703E207175657374696F6E2069732061736B6564206F6E2042616C6C6F6F6E',X'3130302C303030207175657374696F6E732068617665206265656E2061736B6564206F6E2042616C6C6F6F6E20696E2061206C6974746C65206F766572206F6E6520796561722E20416E20696D706F7274616E74207374657020666F72207468652077686F6C65207465616D2C20746861742064656D6F6E7374726174657320746865206368616E676520746861742042616C6C6F6F6E206861732062726F7567687420746F2069747320637573746F6D65727327206576656E74732E',NULL,X'687474703A2F2F776973656D626C792E636F6D2F7374617469632F696D672D73746F72792F73746F7279352E6A706567'),
	(6,X'46656272756172792032303132',X'42616C6C6F6F6E2067726F7773',X'42616C6C6F6F6E206D6F76657320746F2031302C20727565205468C3A972C3A873652C207665727920636C6F736520746F204F70C3A972612C20746F206163636F6D6D6F6461746520746865203130207465616D206D656D626572732E',NULL,X'687474703A2F2F776973656D626C792E636F6D2F7374617469632F696D672D73746F72792F73746F7279362E6A706567'),
	(7,X'4D61792032303132',X'4E6F77206973207468652074696D6520666F72206368616E6765',X'4C61756E6368206F6620746865206E65772076657273696F6E206F662042616C6C6F6F6E2C2062726F756768742061626F757420627920746865206C617465737420746563686E6F6C6F676963616C20696E6E6F766174696F6E733A2053796D666F6E793220666F722074686520504850206672616D65776F726B2C204261636B626F6E652E6A7320666F7220746865206170706C6963617469766520696E746572616374696F6E20636C69656E7420616E64207265616C2D74696D6520707573682076696120736F636B65742E696F20616E64206E6F64652E6A73',NULL,X'687474703A2F2F776973656D626C792E636F6D2F7374617469632F696D672D73746F72792F73746F7279372E6A706567'),
	(8,X'53657074656D6265722032303132',X'42616C6C6F6F6E206265636F6D657320576973656D626C79',X'42616C6C6F6F6E206265636F6D657320576973656D626C7920616E642061747461636B732074686520747261696E696E6720616E642070726F66657373696F6E616C206D656574696E6773206D61726B6574732E',NULL,X'687474703A2F2F776973656D626C792E636F6D2F7374617469632F6C6F676F2E706E67');

/*!40000 ALTER TABLE `history` ENABLE KEYS */;
UNLOCK TABLES;


# Dump of table homepage
# ------------------------------------------------------------

DROP TABLE IF EXISTS `homepage`;

CREATE TABLE `homepage` (
  `key` varchar(255) NOT NULL,
  `value` text NOT NULL,
  UNIQUE KEY `key` (`key`)
) ENGINE=InnoDB DEFAULT CHARSET=latin1;

LOCK TABLES `homepage` WRITE;
/*!40000 ALTER TABLE `homepage` DISABLE KEYS */;

INSERT INTO `homepage` (`key`, `value`)
VALUES
	('discover_our_happy_clients','See our<strong>400</strong> happy customers and what they think'),
	('discover_wisembly_for','Use Wisembly for:'),
	('events','Events'),
	('formations','Trainings'),
	('homepage_baseline','Wisembly is a web & mobile solution that allows you to prepare, facilitate and monitor your meetings.'),
	('homepage_poll_choice_1','Concrete figures'),
	('homepage_poll_choice_2','A clear overall vision'),
	('homepage_poll_choice_3','An accurate roadmap'),
	('homepage_poll_question','What do you expect from today\'s presentation?'),
	('homepage_title','Work together in meetings'),
	('meetings','Meetings'),
	('quote_dias','Everybody loved it – it’s a brand new way to contribute [...]Wisembly lets you go beyond the presentation and open a dialog.'),
	('testimonials','Testimonials');

/*!40000 ALTER TABLE `homepage` ENABLE KEYS */;
UNLOCK TABLES;


# Dump of table messages
# ------------------------------------------------------------

DROP TABLE IF EXISTS `messages`;

CREATE TABLE `messages` (
  `key` varchar(255) COLLATE utf8_bin NOT NULL,
  `value` text COLLATE utf8_bin NOT NULL,
  UNIQUE KEY `key` (`key`)
) ENGINE=InnoDB DEFAULT CHARSET=utf8 COLLATE=utf8_bin;

LOCK TABLES `messages` WRITE;
/*!40000 ALTER TABLE `messages` DISABLE KEYS */;

INSERT INTO `messages` (`key`, `value`)
VALUES
	(X'61626F7574',X'41626F7574'),
	(X'61626F75745F696E5F7468655F7072657373',X'496E20746865207072657373'),
	(X'61626F75745F6F75725F73746F7279',X'4F75722073746F7279'),
	(X'61626F75745F70726573735F706167655F64657363',X'54686579E2809972652073696E67696E67206F75722070726169736573'),
	(X'61626F75745F70726573735F706167655F7469746C65',X'57686174207468652070726573732068617320746F207361792061626F757420576973656D626C79'),
	(X'61626F75745F7265736F7572636573',X'5265736F7572636573'),
	(X'61626F75745F7465616D5F706167655F64657363',X'5468652062657374207465616D20696E20506172697320627920666172'),
	(X'61626F75745F7465616D5F706167655F7469746C65',X'4F7572207465616D'),
	(X'61626F75745F7468655F7465616D',X'546865207465616D'),
	(X'61626F75745F776973656D626C795F706167655F64657363',X'486F7720697420616C6C20626567616EE280A6'),
	(X'61626F75745F776973656D626C795F706167655F7469746C65',X'41626F757420576973656D626C79'),
	(X'617069',X'41504973'),
	(X'61736B5F666F725F71756F7465',X'41736B20666F7220612071756F7465'),
	(X'6261636B',X'4261636B'),
	(X'63616C6C5F7573',X'43616C6C207573'),
	(X'636173655F636F6E746578745F7469746C65',X'54686520736F6C7574696F6E'),
	(X'636173655F726573756C74735F7469746C65',X'54686520726573756C7473'),
	(X'636173655F73747564696573',X'436173652073747564696573'),
	(X'636173655F737475646965735F676C6F62616C5F706167655F64657363',X'576973656D626C792068656C70732068756E6472656473206F6620636F6D70616E69657320746F20776F726B20746F67657468657220696E207468656972206D656574696E677320616E6420626F6F73742070726F6475637469766974792E'),
	(X'636173655F737475646965735F676C6F62616C5F706167655F7469746C65',X'4265206C696B65206F757220636C69656E747320616E64206D616B6520796F7572206D656574696E6773206D6F72652070726F64756374697665'),
	(X'636173655F737475646965735F6D656E755F7469746C65',X'436173652073747564696573'),
	(X'636173655F75736167655F7469746C65',X'486F772074686579207573656420576973656D626C79'),
	(X'63686F6F73655F796F75725F77697A',X'43686F6F736520796F75722057697A'),
	(X'63686F6F73655F796F75725F77697A5F68656C70',X'4E6F206C6F6E672D7465726D20636F6E74726163742C2066616972207072696365202D20696465616C20666F7220796F7572206E65656421'),
	(X'636C61737365735F616E5F747261696E696E67735F6D656E755F7469746C65',X'436C6173736573202620747261696E696E67'),
	(X'636C69656E7473',X'436C69656E7473'),
	(X'636C69656E74735F706167655F64657363',X'4861707079207769746820576973656D626C79'),
	(X'636C69656E74735F706167655F7469746C65',X'4F757220636C69656E7473'),
	(X'636F6D70616E79',X'436F6D70616E79'),
	(X'636F6E74616374',X'436F6E74616374'),
	(X'636F6E746163745F666F756E64657273',X'436F6E746163742074686520666F756E64657273'),
	(X'636F6E746163745F706167655F626173656C696E65',X'446F20796F75206E65656420612071756F746520666173743F2020446F20796F7520686176652061207175657374696F6E3F205765E280996C6C207265706C7920696D6D6564696174656C792E'),
	(X'636F6E746163745F706167655F64657363',X'446F20796F75206E656564206D6F726520696E666F726D6174696F6E3F2020576F756C6420796F75206C696B6520612064657461696C65642071756F74653F20436F6E746163742075732C207765E28099726520616C7761797320686170707920746F2068656C7020616E64207765E280996C6C207265706C7920696D6D6564696174656C792E'),
	(X'636F6E746163745F706167655F7469746C65',X'436F6E74616374207573'),
	(X'636F6E746163745F75735F6E756D626572',X'436F6E74616374207573206174203C7374726F6E673E256E756D626572253C2F7374726F6E673E'),
	(X'646576656C6F70657273',X'446576656C6F70657273'),
	(X'656D61696C',X'452D6D61696C'),
	(X'656D61696C5F73656E745F6572726F72',X'576520646964206E6F74206D616E61676520746F2073656E6420796F757220656D61696C2C20706C6561736520636F6E74616374207573206469726563746C79206174203C6120687265663D276D61696C746F3A636F6E7461637440776973656D626C792E636F6D3F7375626A6563743D6D65737361676520646520776973656D626C792E636F6D273E636F6E7461637440776973656D626C792E636F6D3C2F613E'),
	(X'656D61696C5F73656E745F73756363657373',X'5468616E6B732C207765206861766520726563656976656420796F757220656D61696C2C2077652077696C6C207265706C7920746F20796F7520617320736F6F6E20617320706F737369626C6521'),
	(X'6576656E745F6B6579776F7264',X'4576656E74206B6579776F7264'),
	(X'6576656E7473',X'4576656E7473'),
	(X'6576656E74735F6166746572776F726B73',X'4166746572776F726B73'),
	(X'6576656E74735F616E645F73656D696E61726965735F6D656E755F7469746C65',X'4576656E747320262073656D696E617273'),
	(X'6576656E74735F626173656C696E65',X'4A6F696E20757320666F72206F7572206576656E7473'),
	(X'6576656E74735F627265616B6661737473',X'427265616B6661737473'),
	(X'6576656E74735F706173736564',X'506173736564206576656E7473'),
	(X'6576656E74735F776562696E617273',X'576562696E617273'),
	(X'667265655F747269616C',X'4672656520747269616C'),
	(X'667265655F747269616C5F696E63656E74697665',X'4769766520576973656D626C792061207472792E20467265652E204E6F2063726564697420636172642072657175697265642E'),
	(X'66756C6C6E616D65',X'46756C6C206E616D65'),
	(X'676F746F5F617070',X'476F20746F20746865206170706C69636174696F6E'),
	(X'686561645F6F66666963655F61646472657373',X'373320626F756C6576617264205374204765726D61696E203C62722F3E3735303035205061726973204672616E6365'),
	(X'686F6D65706167655F736C6964655F696E666F',X'576973656D626C792070726573656E746174696F6E2E707074'),
	(X'696E63656E746976655F746F5F636F6E746163745F666F725F70726963696E67',X'436F6E7461637420757320666F7220737562736372697074696F6E207261746573'),
	(X'6A6F6273',X'526563727569746D656E74'),
	(X'6A6F62735F706167655F626173656C696E65',X'4865726520617420576973656D626C792C207765E280997265206275696C64696E6720612070726F64756374207769746820616E6420666F72206F757220636C69656E74732E2041726520796F7520696E74657265737465643F'),
	(X'6A6F62735F706167655F626173656C696E655F64657363',X'3C703E4865726520617420576973656D626C792C207765206D616B6520746865207175616C697479206F662074686520776F726B2F6C6966652062616C616E6365206F66206F7572207465616D732061207072696F726974792E205765656B6C79207465616D206D656574696E67732C2062656572206F6E20467269646179732C207465616D2D6275696C64696E672C207469636B6574732D72657374617572616E7420286D65616C20766F756368657273292C20636F6D70616E79206865616C746820736368656D652E2020416C6C2074686520616476616E7461676573206F6620612062696720636F72706F726174696F6E2062757420696E206120626F6F6D696E6720506172697369616E207374617274757021203C2F703E'),
	(X'6A6F62735F706167655F64657363',X'5765E280997265206368616E67696E6720746865207761792070656F706C65206D65657420616E6420776F726B20746F676574686572'),
	(X'6A6F62735F706167655F6C6F636174696F6E5F7469746C65',X'496E207468652063656E746572206F66205061726973206F70656E20746F207468652077686F6C6520776F726C64'),
	(X'6A6F62735F706167655F6F70656E5F706F736974696F6E735F7469746C65',X'5765E28099726520686972696E67'),
	(X'6A6F62735F706167655F7469746C65',X'4A6F696E20576973656D626C79'),
	(X'6A6F62735F706167655F7768795F776973656D626C795F64657363',X'3C703E4865726520617420576973656D626C792C207765206D616B6520746865207175616C697479206F662074686520776F726B2F6C6966652062616C616E6365206F66206F7572207465616D732061207072696F726974792E205765656B6C79207465616D206D656574696E67732C2062656572206F6E20467269646179732C207465616D2D6275696C64696E672C207469636B6574732D72657374617572616E7420286D65616C20766F756368657273292C20636F6D70616E79206865616C746820736368656D652E2020416C6C2074686520616476616E7461676573206F6620612062696720636F72706F726174696F6E2062757420696E206120626F6F6D696E6720506172697369616E207374617274757021203C2F703E'),
	(X'6A6F62735F706167655F7768795F776973656D626C795F7469746C65',X'57687920776F726B20617420576973656D626C793F'),
	(X'6A6F696E5F616E5F6576656E74',X'4A6F696E20612057697A'),
	(X'6A6F696E5F6576656E745F627574746F6E',X'4A6F696E'),
	(X'6A6F75726E616C697374735F646F776E6C6F61645F6B69745F627574746F6E',X'446F776E6C6F6164207468656D2068657265'),
	(X'6A6F75726E616C697374735F646F776E6C6F61645F6B69745F7469746C65',X'4A6F75726E616C6973747320E280932061726520796F75206C6F6F6B696E6720666F7220696D61676573206F722070686F746F7320666F7220796F75722061727469636C65733F'),
	(X'6C6F67696E',X'4C6F67696E'),
	(X'6C6F67696E5F627574746F6E',X'4C6F67696E'),
	(X'6C6F676F',X'4C6F676F'),
	(X'6C6F6F6B696E675F666F725F736F6D657468696E675F656C7365',X'4469646EE28099742066696E64207768617420796F752077657265206C6F6F6B696E6720666F723F'),
	(X'6D656574696E67735F616E645F636F6E6663616C6C735F6D656E755F7469746C65',X'4D656574696E6773202620636F6E666572656E63652063616C6C73'),
	(X'6D6F72655F696E666F726D6174696F6E',X'5265717565737420666F72206D6F726520696E666F726D6174696F6E'),
	(X'6F66666963655F61646472657373',X'313020727565207468C3A972C3A87365203C62722F3E3735303031205061726973204672616E6365'),
	(X'6F66666963655F686F757273',X'3C7020636C6173733D276C6162656C273E4F666669636520686F7572733C2F703E0D0A3C7020636C6173733D27686F757273273E4D6F6E64617920746F204672696461793C2F703E0D0A3C7020636C6173733D27686F757273273E3130616D20746F2036706D3C2F703E'),
	(X'6F7267616E697A6572',X'4F7267616E697A6572'),
	(X'6F74686572',X'4F74686572'),
	(X'6F75725F636C69656E74735F6D656E755F7469746C65',X'4F757220636C69656E7473'),
	(X'7061727469636970616E74',X'5061727469636970616E74'),
	(X'70617373776F7264',X'50617373776F7264'),
	(X'70686F6E655F6E756D626572',X'50686F6E65206E756D626572'),
	(X'7069637475726573',X'50686F746F73'),
	(X'706C616E5F636C61737365735F747261696E696E675F626173656C696E65',X'476574206120636F6D706C657465206F76657276696577206F6620796F757220636C61737320616E6420696D70726F766520796F757220747261696E696E67732E'),
	(X'706C616E5F636C61737365735F747261696E696E675F6974656D73',X'3C6C693E3C6920636C6173733D276C6973742D646F74273E3C2F693E205175697A7A657320616E6420666565646261636B203C2F6C693E203C6C693E203C6920636C6173733D276C6973742D646F74273E3C2F693E20446F63756D656E742073686172696E6720616E642076697375616C697A6174696F6E203C2F6C693E203C6C693E203C6920636C6173733D276C6973742D646F74273E3C2F693E205374617469737469637320616E642072616E6B696E67206F66207061727469636970616E7473203C2F6C693E'),
	(X'706C616E5F636C61737365735F747261696E696E675F7469746C65',X'456475636174696F6E20616E6420747261696E696E67'),
	(X'706C616E5F64656D6F5F76657273696F6E5F666F6F746E6F746573',X'4E6F204372656469742063617264732072657175697265642E'),
	(X'706C616E5F6576656E74735F73656D696E61726965735F626173656C696E65',X'476976652065766572796F6E6520617420796F75722073656D696E617220746865206368616E636520746F20737065616B2E'),
	(X'706C616E5F6576656E74735F73656D696E61726965735F6974656D73',X'3C6C693E3C6920636C6173733D276C6973742D646F74273E3C2F693E20512641203C2F6C693E203C6C693E203C6920636C6173733D276C6973742D646F74273E3C2F693E20534D532C20547769747465722C20766F746573203C2F6C693E203C6C693E203C6920636C6173733D276C6973742D646F74273E3C2F693E204D6F6465726174696F6E20616E6420637573746F6D697A6174696F6E203C2F6C693E'),
	(X'706C616E5F6576656E74735F73656D696E61726965735F7469746C65',X'4576656E747320616E642073656D696E617273'),
	(X'706C616E5F6D656574696E67735F636F6E665F63616C6C735F626173656C696E65',X'507265706172652C20666163696C69746174652C20616E64206D6F6E69746F7220796F7572206D656574696E677320616E6420636F6E666572656E63652063616C6C732E'),
	(X'706C616E5F6D656574696E67735F636F6E665F63616C6C735F6974656D73',X'3C6C693E3C6920636C6173733D276C6973742D646F74273E3C2F693E205126412C207375727665797320616E64207175657374696F6E6E6169726573203C2F6C693E203C6C693E203C6920636C6173733D276C6973742D646F74273E3C2F693E20446F63756D656E742073686172696E6720616E642076697375616C697A6174696F6E3C2F6C693E203C6C693E203C6920636C6173733D276C6973742D646F74273E3C2F693E20526573706F6E73657320616E6420636F6D6D656E7473203C2F6C693E'),
	(X'706C616E5F6D656574696E67735F636F6E665F63616C6C735F7469746C65',X'4D656574696E677320616E6420636F6E666572656E63652063616C6C73'),
	(X'706C616E735F6D656E755F7469746C65',X'506C616E73'),
	(X'706C616E735F706167655F64657363',X'497420636F737473206E6F7468696E6720746F207472792E20426F6F737420796F75722070726F64756374697669747920616E6420696D707265737320796F757220636F6C6C65616775657320617420796F7572206E65787420636F6E666572656E63652063616C6C2C20747261696E696E672073657373696F6E2C206F722073656D696E61722E'),
	(X'706C616E735F706167655F7469746C65',X'43726561746520612064656D6F206163636F756E7420696E203320636C69636B73'),
	(X'706C616E735F747279',X'547279206974'),
	(X'706C656173655F73656C656374',X'506C656173652073656C6563742E2E2E'),
	(X'706F6C6C5F627574746F6E5F73656E64696E67',X'53656E64696E67'),
	(X'706F6C6C5F627574746F6E5F73656E74',X'53656E74'),
	(X'706F6C6C5F627574746F6E5F7375626D6974',X'5375626D6974'),
	(X'7072657373',X'5072657373'),
	(X'726561645F636173655F73747564795F6C696E6B',X'52656164207468652063617365207374756479'),
	(X'726561736F6E',X'5375626A656374'),
	(X'7265736F7572636573',X'5265736F7572636573'),
	(X'7265736F75726365735F706167655F64657363',X'5072657373206B6974'),
	(X'7265736F75726365735F706167655F7469746C65',X'5265736F7572636573'),
	(X'73656E645F627574746F6E',X'53656E64'),
	(X'736F6369616C',X'436F6D6D756E697479'),
	(X'7375736372696265',X'537562736372696265'),
	(X'74656C6570686F6E655F696E666F',X'3C7020636C6173733D276C6162656C273E50686F6E653C2F703E0D0A3C7020636C6173733D2770686F6E65273E256E756D626572253C2F703E'),
	(X'7472795F666F725F66726565',X'4672656520747269616C'),
	(X'77655F6172655F686972696E67',X'57652061726520686972696E6721'),
	(X'776964676574',X'576964676574'),
	(X'77726974655F616E5F61727469636C65',X'577269746520616E2061727469636C652061626F757420576973656D626C79'),
	(X'77726974655F746F5F7573',X'577269746520746F207573'),
	(X'796F75',X'596F75207669612077656273697465'),
	(X'796F75725F6D657373616765',X'596F7572206D657373616765');

/*!40000 ALTER TABLE `messages` ENABLE KEYS */;
UNLOCK TABLES;


# Dump of table meta
# ------------------------------------------------------------

DROP TABLE IF EXISTS `meta`;

CREATE TABLE `meta` (
  `page` varchar(255) CHARACTER SET utf8 COLLATE utf8_bin NOT NULL,
  `title` varchar(255) CHARACTER SET utf8 COLLATE utf8_bin NOT NULL,
  `description` varchar(255) CHARACTER SET utf8 COLLATE utf8_bin DEFAULT NULL,
  `keywords` varchar(255) CHARACTER SET utf8 COLLATE utf8_bin DEFAULT NULL,
  UNIQUE KEY `page` (`page`)
) ENGINE=InnoDB DEFAULT CHARSET=latin1;

LOCK TABLES `meta` WRITE;
/*!40000 ALTER TABLE `meta` DISABLE KEYS */;

INSERT INTO `meta` (`page`, `title`, `description`, `keywords`)
VALUES
	(X'61626F7574',X'576973656D626C79202D20C3802070726F706F7320646520576973656D626C79',NULL,NULL),
	(X'61626F75745F7072657373',X'576973656D626C79202D2044616E73206C6120707265737365',NULL,NULL),
	(X'61626F75745F7465616D',X'576973656D626C79202D204C27C3A97175697065',NULL,NULL),
	(X'6173737572657A5F766F75735F7175655F746F75745F6C655F6D6F6E64655F73756974',X'4173737572657A2D766F75732071756520746F7574206C65206D6F6E64652073756974',NULL,NULL),
	(X'6361736573747564696573',X'576973656D626C79202D20436F6D6D65206E6F7320636C69656E74732C206761676E657A20656E2070726F6475637469766974C3A920647572616E7420766F73206D656574696E6773',NULL,NULL),
	(X'636C61737365735F747261696E696E6773',X'576973656D626C79202D20436F75727320657420666F726D6174696F6E73',NULL,NULL),
	(X'636C69656E7473',X'4F757220617765736F6D6520636C69656E747321',X'4F757220617765736F6D6520636C69656E7473',NULL),
	(X'636F6E74616374',X'576973656D626C79202D20436F6E74616374657A206E6F7573',NULL,NULL),
	(X'6576656E7473',X'576973656D626C79202D204576656E7473',NULL,NULL),
	(X'6576656E74735F73656D696E6172696573',X'576973656D626C79202D20466169746573207061727469636970657220766F747265207075626C6963',NULL,NULL),
	(X'696E646578',X'576973656D626C79202D20436F6C6C61626F72657A20656E2072C3A9756E696F6E',NULL,NULL),
	(X'6A6F6273',X'576973656D626C79202D20456D706C6F6973',NULL,NULL),
	(X'6C61697373657A5F7365787072696D65725F766F7472655F7075626C6963',X'576973656D626C79202D204C61697373657A20732765787072696D657220766F747265207075626C6963',NULL,NULL),
	(X'6D656574696E67735F636F6E6663616C6C73',X'576973656D626C79202D20426F6F7374657A20766F732072C3A9756E696F6E73',NULL,NULL),
	(X'6F75626C69657A5F6C65735F626F6974696572735F64655F766F7465',X'576973656D626C79202D204F75626C69657A206C657320626F69746965727320646520766F7465',NULL,NULL),
	(X'706C616E73',X'576973656D626C79202D204372C3A9657A20756E20636F6D7074652064652064C3A96D6F6E7374726174696F6E20656E203320636C696373',NULL,NULL),
	(X'7072656E657A5F64655F7672616965735F6465636973696F6E735F647572616E745F766F735F7265756E696F6E73',X'576973656D626C79202D205072656E657A206465207672616965732064C3A9636973696F6E7320647572616E7420766F732072C3A9756E696F6E73',NULL,NULL),
	(X'7265736F7572636573',X'576973656D626C79202D20526573736F7572636573',NULL,NULL),
	(X'766F735F6576616C756174696F6E735F736F6E745F636F727269676565735F696D6D6564696174656D656E74',X'576973656D626C79202D20566F7320C3A976616C756174696F6E7320736F6E7420636F72726967C3A9657320696D6DC3A964696174656D656E74',NULL,NULL);

/*!40000 ALTER TABLE `meta` ENABLE KEYS */;
UNLOCK TABLES;


# Dump of table press
# ------------------------------------------------------------

DROP TABLE IF EXISTS `press`;

CREATE TABLE `press` (
  `id` int(11) NOT NULL AUTO_INCREMENT,
  `featured` tinyint(1) NOT NULL DEFAULT '0',
  `logo` varchar(255) COLLATE utf8_bin DEFAULT NULL,
  `date` varchar(255) COLLATE utf8_bin NOT NULL,
  `support` varchar(255) COLLATE utf8_bin DEFAULT NULL,
  `title` varchar(255) COLLATE utf8_bin NOT NULL,
  `link` varchar(255) COLLATE utf8_bin DEFAULT NULL,
  PRIMARY KEY (`id`)
) ENGINE=InnoDB DEFAULT CHARSET=utf8 COLLATE=utf8_bin;

LOCK TABLES `press` WRITE;
/*!40000 ALTER TABLE `press` DISABLE KEYS */;

INSERT INTO `press` (`id`, `featured`, `logo`, `date`, `support`, `title`, `link`)
VALUES
	(1,0,NULL,X'31352F30362F32303130',NULL,X'436F6E6E61697373657A2D766F757320526F6D61696E2044617669642066726F6D205061726973203F204C6120636F6E66C3A972656E636520747261646974696F6E6E656C6C65207365206D657420617520322E30',X'687474703A2F2F62696C6C6175742E747970657061642E636F6D2F6A6D2F323031302F30362F636F6E6E61697373657A766F75732D726F6D61696E2D64617669642D66726F6D2D70617269732D2E68746D6C'),
	(2,0,X'687474703A2F2F7777772E746564647974727563686F742E636F6D2F77702D636F6E74656E742F75706C6F6164732F323031312F30352F6C6F676F2D746366722E6A7067',X'30392F30392F32303130',X'546563686372756E6368',X'417665632042616C6C6F6F6E2C2052656E64657A20766F7320636F6E66C3A972656E63657320657420C3A976C3A96E656D656E747320706C757320696E746572616374696673',X'687474703A2F2F66722E746563686372756E63682E636F6D2F323031302F30392F30392F617665632D62616C6C6F6F6E2D72656E64657A2D766F732D636F6E666572656E6365732D65742D6576656E656D656E74732D706C75732D696E7465726163746966732F'),
	(3,0,X'687474703A2F2F7777772E706F757271756F692D656E7472657072656E6472652E66722F77702D636F6E74656E742F75706C6F6164732F323031322F30372F6C6F676F2D6C6F636974612D6F6666696369656C2E6A706567',X'32322F30392F32303130',X'4C6F63697461',X'42616C6C6F6F6E207175692072656E6420766F7320C3A976C3A96E656D656E747320706C757320696E746572616374696673',X'687474703A2F2F66722E6C6F636974612E636F6D2F627573696E6573732F696E74657276696577732F696E746572766965772D64652D726F6D61696E2D64617669642D64652D62616C6C6F6F6E2D7175692D72656E642D766F732D6576656E656D656E74732D706C75732D696E7465726163746966732F'),
	(4,0,X'687474703A2F2F7777772E746564647974727563686F742E636F6D2F77702D636F6E74656E742F75706C6F6164732F323031312F30352F6C6F676F2D746366722E6A7067',X'31382F31312F32303130',X'546563686372756E6368',X'2354434652656D6978203A206C652042696C616E2064657320696E74C3A972616374696F6E73206C69766520617665632042616C6C6F6F6E',X'687474703A2F2F66722E746563686372756E63682E636F6D2F323031302F31312F31382F74636672656D69782D6C652D62696C616E2D6465732D696E746572616374696F6E732D6C6976652D617665632D62616C6C6F6F6E2F'),
	(5,0,X'687474703A2F2F626F7264656175782E737461727475707765656B656E642E6F72672F66696C65732F323031322F31312F6C6F676F2D6672656E63687765622D31302E35352E30342E6A706567',X'31322F30312F32303131',X'4672656E6368776562',X'42616C6C6F6F6E2C20736F6C7574696F6E206427696E74657261637469766974C3A920706F757220766F7320C3A976C3A96E656D656E7473',X'687474703A2F2F6672656E63687765622E66722F62616C6C6F6F6E2D736F6C7574696F6E2D696E74657261637469766974652D6576656E656D656E74'),
	(6,0,X'687474703A2F2F65737468657262656E62617373612E65656C762E66722F66696C65732F323031322F31312F492D74656C652E676966',X'32302F30312F32303131',X'492D54C3A96CC3A9',X'22432765737420756E65207472C3A873207472C3A87320626F6E6E65206964C3A9652E2E2E22203A20616E616C797365206465204D6172632053696D6F6E63696E6920C3A02070726F706F732064652042616C6C6F6F6E206C6F7273206465206C27C3A96D697373696F6E20694C406220737572206954C3A96CC3A9206C65203230206A616E76696572206465726E6965722E',NULL),
	(7,0,X'687474703A2F2F6D79636172656572746F7069612E636F6D2F77702D636F6E74656E742F75706C6F6164732F323031332F31312F627573696E6573732D696E73696465722E6A7067',X'32362F30322F32303131',X'427573696E65737320496E7369646572',X'42616C6C6F6F6E2048656C707320596F752048616E646C6520546865205A696C6C696F6E205175657374696F6E7320596F752047657420447572696E6720416E204576656E74',X'687474703A2F2F7777772E627573696E657373696E73696465722E636F6D2F62616C6C6F6F6E2D323031312D32'),
	(8,0,X'68747470733A2F2F656E637279707465642D74626E332E676F6F676C652E636F6D2F696D616765733F713D74626E3A414E6439476352773333496B7169647A6274675848762D336A7842544B5A366E394C585272676A4D304C316B3057765043524F345353436F3951',X'30382F30342F32303131',X'5477697374',X'42616C6C6F6F6E2C207661696E7175657572206475205457495354205061726973206772C3A2636520C3A0204A61736F6E2043616C6163616E6973',X'687474703A2F2F7777772E747769737470617269732E636F6D2F73746172747570732D706974636865732F30332D6D65657475702D617072696C2D3874682D323031312F62616C6C6F6F6E2F'),
	(9,0,X'687474703A2F2F7777772E67726F7570652D616C7068612E636F6D2F646174612F70686F746F2F39332E6A7067',X'30362F30352F32303131',X'42464D',X'42616C6C6F6F6E20656E2071756172742064652066696E616C65206465206C612042464D2041636164C3A96D69652032303131',X'687474703A2F2F7777772E726164696F62666D2E636F6D2F66726F6E745F6F66666963652F7374617469632F42464D5F41636164656D69652F63616E6469646174732F736169736F6E342F657069736F64655F32342E68746D6C'),
	(10,0,X'687474703A2F2F7777772E636F6E736F7374617469632E636F6D2F77702D636F6E74656E742F75706C6F6164732F323031302F30362F6368616C6C656E6765735F6C6F676F2E706E67',X'31322F30352F32303131',X'4368616C6C656E676573',X'42616C6C6F6F6E20636C617373C3A9207061726D69206C657320223130302073746172747570206FC3B920696E7665737469722220706172206C65206D6167617A696E65204368616C6C656E676573',NULL),
	(11,1,X'687474703A2F2F7777772E636F6E736F7374617469632E636F6D2F77702D636F6E74656E742F75706C6F6164732F323031302F30362F6368616C6C656E6765735F6C6F676F2E706E67',X'30362F31312F32303131',X'4368616C6C656E676573',X'42616C6C6F6F6E20636974C3A920656E206578656D706C6520706F7572207469726572206C6573206C65C3A76F6E73206465207365732074657374732064616E73206C65206EC2B0323731206465204368616C6C656E676573',NULL),
	(12,1,X'687474703A2F2F7777772E6C732D6368656D6973652E636F6D2F7374796C652F6C6F676F5F6D616E6167656D656E742E6A7067',X'30372F31312F32303131',X'4D616E6167656D656E74',X'42616C6C6F6F6E20636974C3A920656E206578656D706C6520706F75722061766F6972206465206C2761706C6F6D62206574207361766F697220626C75666665722064616E73206C65206D6167617A696E65204D616E6167656D656E74',NULL),
	(13,1,X'687474703A2F2F75706C6F61642E77696B696D656469612E6F72672F77696B6970656469612F66722F652F65642F4C6F676F2D6C65732D6563686F732E676966',X'33302F31312F32303131',X'4C6573204563686F73',X'42616C6C6F6F6E206D65742064752022736F6369616C222064616E73206C657320636F6E66C3A972656E636573202D20C389646974696F6E206475203330206E6F76656D6272652032303131206475206A6F75726E616C204C657320C38963686F73',NULL),
	(14,0,X'687474703A2F2F7777772E6775696C68656D62657274686F6C65742E636F6D2F626C6F672F77702D636F6E74656E742F75706C6F6164732F323031322F30342F6C6F676F2D77656C6F7665736161732D7371756172652D343034783330302E706E67',X'30372F30392F32303132',X'57654C6F766553616153',X'42616C6C6F6F6E2064657669656E7420576973656D626C7920657420732761747461717565206175206D61726368C3A9206465206C6120666F726D6174696F6E206574206465732072C3A9756E696F6E732070726F66657373696F6E6E656C6C6573',X'687474703A2F2F6D61672E77656C6F7665736161732E636F6D2F696E6465782E7068702F323031322F62616C6C6F6F6E2D64657669656E742D776973656D626C792F'),
	(15,0,X'687474703A2F2F7777772E746564647974727563686F742E636F6D2F77702D636F6E74656E742F75706C6F6164732F323031312F30352F6C6F676F2D746366722E6A7067',X'31322F30392F32303132',X'546563686372756E6368',X'42616C6C6F6F6E2064657669656E7420576973656D626C792065742070726F706F7365206465206E6F7576656C6C6573206F6666726573207370C3A96369616C657320656E747265707269736573',X'687474703A2F2F66722E746563686372756E63682E636F6D2F323031322F30392F31322F62616C6C6F6F6E2D64657669656E742D776973656D626C792D65742D70726F706F73652D64652D6E6F7576656C6C65732D6F66667265732D7370656369616C65732D656E7472657072697365732F'),
	(16,0,X'687474703A2F2F7777772E646F63756D6174696F6E2E6E65742F77702D636F6E74656E742F75706C6F6164732F6C6F676F5F636F6C6C61626F72617469662D696E666F2E706E67',X'31382F30392F32303132',X'436F6C6C61626F72617469662E696E666F',X'42616C6C6F6F6E2064657669656E7420576973656D626C792065742061647265737365206465206E6F7576656175782075736167657320656E20656E7472657072697365',X'687474703A2F2F7777772E636F6C6C61626F72617469662D696E666F2E66722F61637475616C6974652F62616C6C6F6F6E2D64657669656E742D776973656D626C792D65742D616472657373652D64652D6E6F7576656175782D7573616765732D656E2D656E7472657072697365'),
	(17,0,X'687474703A2F2F7777772E63626E6577732E66722F7661722F6D656469612F39372F6F726967696E616C2F6C612D74726962756E652D6C6F676F2D323031322D353935706E672D39363331382E6A7067',X'30352F31302F32303132',X'4C612054726962756E65',X'2244C3A9736F726D6169732C206C65206D6F64C3A86C652063E2809965737420756E207065752042616C6C6F6F6E207175692065737420646576656E7520576973656D626C7922',X'687474703A2F2F7777772E6C6174726962756E652E66722F61637475616C697465732F65636F6E6F6D69652F3230313231303035747269623030303732323939332F73746172742D75702D696C2D6E2D792D612D7061732D7175652D6C2D617267656E742D7175692D636F6D7074652E68746D6C'),
	(18,0,X'687474703A2F2F6C6F6C2E6E65742F702F6A6F75726E616C64756E65742D636F6D2D6D696E692E6A7067',X'32342F31302F32303132',X'4A6F75726E616C204475204E6574',X'352073746172742D7570206672616EC3A76169736573206475205361615320C3A02073756976726520656E2032303133',X'687474703A2F2F7777772E6A6F75726E616C64756E65742E636F6D2F736F6C7574696F6E732F636C6F75642D636F6D707574696E672F73746172742D75702D6672616E6361697365732D64752D736161732E7368746D6C'),
	(19,0,X'687474703A2F2F7777772E746573746E74727573742E66722F696D616765732F6974656D696D616765732F617669732F3631303030302F3630313539382F3139313237393939313333333535325F636F6D6D656E742D63612D6D61726368652D2D63636D2D2D2D2D636F6D6D756E617574652D696E666F726D6174697175652E6A7067',X'31342F31312F32303132',X'436F6D6D656E74206361206D6172636865',X'506F75722064657320636F6E66C3A972656E63657320322E302C20576973656D626C792073616974206372C3A9657220756E6520767261696520696E746572616374696F6E2061766563206C65207075626C6963',X'687474703A2F2F7777772E636F6D6D656E7463616D61726368652E6E65742F6E6577732F353836313338312D706F75722D6465732D636F6E666572656E6365732D322D302D776973656D626C792D736169742D63726565722D756E652D76726169652D696E746572616374696F6E2D617665632D6C652D7075626C6963'),
	(20,0,X'687474703A2F2F626C6F672E776973656D626C792E636F6D2F77702D636F6E74656E742F75706C6F6164732F323031332F30312F6575726F7061732E706E67',X'31302F30312F32303133',X'546865206575726F706173',X'546865204575726F7061733A20576973656D626C7920696E207468652073686F72746C69737420666F722042657374204672656E6368205374617274757021',X'687474703A2F2F626C6F672E776973656D626C792E636F6D2F323031332F30312F776973656D626C792D6E6F6D696E652D64616E732D6C612D63617465676F7269652D6D65696C6C657572652D737461727475702D6672616E63616973652F'),
	(21,0,X'687474703A2F2F7465636862616775657474652E66696C65732E776F726470726573732E636F6D2F323031322F30342F6C6F676F5F746563686261677565747465322E706E67',X'372F30332F32303133',X'546563686261677565747465',X'5448452032303133204C4953543A20323020484F54204652454E434820454E5452455052454E4555525320554E444552203330',X'687474703A2F2F7465636862616775657474652E636F6D2F323031332F30332F30362F686F742D322D323031332F'),
	(22,0,X'687474703A2F2F77696C6C69616D6C656772616E642E66696C65732E776F726470726573732E636F6D2F323031322F30362F77656C6F7665736161735F6269675F6C6F676F2E706E67',X'31362F30352F32303133',X'57654C6F766553616153',X'576973656D626C79203A206C6120636F6C6C61626F726174696F6E206574206CE28099696E74C3A97261637469766974C3A920656E7472656E742064616E73206C65732073616C6C657320646520636F75727320657420646520666F726D6174696F6EE280A6',X'687474703A2F2F6D61672E77656C6F7665736161732E636F6D2F696E6465782E7068702F323031332F776973656D626C792D6C612D636F6C6C61626F726174696F6E2D65742D6C696E74657261637469766974652D656E7472652D64616E732D6C65732D73616C6C65732D64652D636F7572732D65742D64652D666F726D6174696F6E2F'),
	(23,0,X'687474703A2F2F7777772E692D656E74726570726973652E636F6D2F74656D706C617465732F7468656D653536302F696D616765732F6C6F676F2E676966',X'31372F30352F32303133',X'692D656E7472657072697365',X'576973656D626C79203A206F7074696D6973657A206C612070726F6475637469766974C3A920646520766F732072C3A9756E696F6E73',X'687474703A2F2F7777772E692D656E74726570726973652E636F6D2F696E6465782E7068702F7275627269717565732F73657276696365732F3334302D776973656D626C792D6F7074696D6973657A2D6C612D70726F6475637469766974652D64652D766F732D7265756E696F6E73'),
	(24,0,X'687474703A2F2F706963732E323031322E6C65736563686F732E636F6D2F6373732F323031322F696D672F6C6F676F2D627573696E6573732E706E67',X'32302F30362F32303133',X'4C6573204563686F7320427573696E657373',X'4C276964C3A96520627573696E657373203A206176656320576973656D626C792C20736F6C7574696F6E20636F6C6C61626F7261746976652C206465732072C3A9756E696F6E7320656E66696E20696E746572616374697665732021',X'687474703A2F2F627573696E6573732E6C65736563686F732E66722F656E7472657072656E657572732F69646565732D64652D627573696E6573732F31303033303237332D6C2D696465652D627573696E6573732D617665632D776973656D626C792D736F6C7574696F6E2D636F6C6C61626F7261746976652D6465732D7265756E696F6E732D656E66696E2D696E746572616374697665732D32363631312E706870'),
	(25,0,X'687474703A2F2F7777772E636C617373656D656E746772616E64657365636F6C65732E636F6D2F77702D636F6E74656E742F75706C6F6164732F323031332F30372F6C6F676F332E706E67',X'32302F30362F32303133',X'436C617373656D656E74204772616E6465732D45636F6C6573',X'576973656D626C7920E28093206C65206675747572206465206CE28099656E736569676E656D656E7420656E20C3A9636F6C6520646520636F6D6D65726365',X'687474703A2F2F7777772E636C617373656D656E746772616E64657365636F6C65732E636F6D2F776973656D626C792D6C652D6675747572652D64652D6C656E736569676E656D656E742D656E2D65636F6C652D64652D636F6D6D657263652F'),
	(26,0,X'687474703A2F2F7777772E6172657373792D72702E636F6D2F77702D636F6E74656E742F75706C6F6164732F323031332F30352F41727469636C652D31362E6A7067',X'30352F30392F32303133',X'303120427573696E657373',X'44616E732073657320616D706869732C2048454320636F6D62696E6520636F757273206465206D61726B6574696E672065742072C3A97365617520736F6369616C',X'68747470733A2F2F73636F6E74656E742D612D6672612E78782E666263646E2E6E65742F6870686F746F732D70726E322F74312F313233393637325F3637313333353936393536313431335F313839323835323731395F6E2E6A7067'),
	(27,0,X'687474703A2F2F7777772E616464697465616D2E636F6D2F535349492F77702D636F6E74656E742F75706C6F6164732F323031322F31302F62666D2D627573696E6573732E6A7067',X'31372F30392F32303133',X'42464D20427573696E657373',X'496E7465727669657720646520526F6D61696E204461766964202D20436F2D666F6E64617465757220646520576973656D626C79',X'687474703A2F2F7777772E6461696C796D6F74696F6E2E636F6D2F766964656F2F78313474356B355F6D6164652D696E2D70617269732D726F6D61696E2D64617669642D636F2D666F6E6461746575722D64652D776973656D626C792D64616E732D70617269732D6573742D612D766F75732D31372D30395F6E657773'),
	(28,0,X'687474703A2F2F7777772E6D616464796E6573732E636F6D2F77702D636F6E74656E742F7468656D65732F766F6C742F696D616765732F6C6F676F2E706E67',X'33312F31302F32303133',X'4D616464796E657373',X'576973656D626C792C206C61206D65696C6C6575726520736F6C7574696F6E20706F7572207072C3A970617265722C20616E696D65722065742061737375726572206C6520737569766920646520766F732072C3A9756E696F6E73',X'687474703A2F2F7777772E6D616464796E6573732E636F6D2F6F7574696C732F323031332F31302F33312F776973656D626C792D6F7574696C2D7072657061726174696F6E2D616E696D6174696F6E2D7265756E696F6E2F'),
	(29,0,X'687474703A2F2F6672656E63687765622E66722F77702D636F6E74656E742F75706C6F6164732F323031332F30342F6C6F676F2D6672656E63687765622D323031332D333030783539315F322E706E67',X'392F31322F32303133',X'4672656E6368776562',X'576973656D626C792C20756E6520736F6C7574696F6E20706F75722064796E616D69736572207365732072C3A9756E696F6E73',X'687474703A2F2F6672656E63687765622E66722F6C612D737461727475702D64752D6A6F75722D776973656D626C792D706F75722D64796E616D697365722D7365732D7265756E696F6E732D67726163652D6175782D726573656175782D736F63696175782F313334393731'),
	(30,0,X'687474703A2F2F7374617469632E6C656E74726570726973652E636F6D2F696D616765732F6C6F676F5F3337327837392E706E67',X'32332F30312F32303133',X'4C2765787072657373',X'53746172742D75703A207365707420636F6E7365696C7320706F757220666169726520647520627573696E6573732061766563206C6573206772616E647320636F6D70746573',X'687474703A2F2F6C656E74726570726973652E6C657870726573732E66722F74726F757665722D6465732D6E6F7576656175782D636C69656E74732F73746172742D75702D736570742D636F6E7365696C732D706F75722D66616972652D64752D627573696E6573732D617665632D6C65732D6772616E64732D636F6D707465735F34353530322E68746D6C');

/*!40000 ALTER TABLE `press` ENABLE KEYS */;
UNLOCK TABLES;


# Dump of table team
# ------------------------------------------------------------

DROP TABLE IF EXISTS `team`;

CREATE TABLE `team` (
  `id` int(11) NOT NULL AUTO_INCREMENT,
  `name` varchar(255) COLLATE utf8_bin NOT NULL,
  `job` varchar(255) COLLATE utf8_bin NOT NULL,
  `job_category_id` int(11) NOT NULL,
  `main_pic` varchar(255) COLLATE utf8_bin NOT NULL,
  `secondary_pic` varchar(255) COLLATE utf8_bin NOT NULL,
  `description` text COLLATE utf8_bin NOT NULL,
  `twitter` varchar(255) COLLATE utf8_bin DEFAULT NULL,
  `mail` varchar(255) COLLATE utf8_bin DEFAULT NULL,
  `website` varchar(255) COLLATE utf8_bin DEFAULT NULL,
  PRIMARY KEY (`id`)
) ENGINE=InnoDB DEFAULT CHARSET=utf8 COLLATE=utf8_bin;

LOCK TABLES `team` WRITE;
/*!40000 ALTER TABLE `team` DISABLE KEYS */;

INSERT INTO `team` (`id`, `name`, `job`, `job_category_id`, `main_pic`, `secondary_pic`, `description`, `twitter`, `mail`, `website`)
VALUES
	(1,X'4775696C6C61756D6520506F74696572',X'436F2D666F756E646572',1,X'687474703A2F2F776973656D626C792D636F6E74656E742E73332E616D617A6F6E6177732E636F6D2F636F72706F2F7465616D2F6775696C6C61756D652E6A7067',X'68747470733A2F2F7369302E7477696D672E636F6D2F70726F66696C655F696D616765732F313232363134383934382F6775695F726561736F6E61626C795F736D616C6C2E706E67',X'546563686E6963616C204469726563746F722C204775696C6C61756D65206973207468652067656E69757320626568696E6420746865206D696C6C696F6E73206F66206C696E6573206F6620636F6465207772697474656E2073696E636520746865206372656174696F6E206F6620576973656D62792E204F7574736964652074686520426C756520526F6F6D2C20686520697320612072656E6F776E656420736B69657220616E642061206772656174206C6F766572206F662073696E676C65206D616C742053636F74636820776869736B6965732C2061732077656C6C2061732074686520536F757468206F66204672616E63652E204974207365656D7320746861742C206E6F772C20686520707265666572732050617269732E2E2E',X'6775696C6C61756D65706F74696572',X'6775696C6C61756D6540776973656D626C792E636F6D',X'687474703A2F2F7777772E696D63746F62697463682E636F6D2F'),
	(2,X'526F6D61696E204461766964',X'436F2D666F756E646572',1,X'687474703A2F2F776973656D626C792D636F6E74656E742E73332E616D617A6F6E6177732E636F6D2F636F72706F2F7465616D2F726F6D61696E2E6A7067',X'68747470733A2F2F7369302E7477696D672E636F6D2F70726F66696C655F696D616765732F313136393533353532332F496E63756261746575725F4845435F323031305F3030315F31375F726561736F6E61626C795F736D616C6C2E6A7067',X'412070726F64756374206775792C20526F6D61696E207374616E647320626568696E6420576973656D626C7927732070726F6475637420766973696F6E20616E6420646F65732065766572797468696E6720746F206D616B65207573696E67206F757220736F6C7574696F6E732061207265616C20706C6561737572652E20486520646F776E6C6F6164732061726F756E64203330206E6577206170706C69732065766572792064617920616E6420686173206265747765656E203220616E642033206D696C6C696F6E2070726F66696C6573207265636F72646564206F6E20646966666572656E742073657276696365732E2E2E2E2EE2809D6A75737420666F722074657374696E67E2809D2E0D0A4F75747369646520746865206F66666963652C206974277320746865207069616E6F2C2067756974617220616E642070686F746F732E',X'526F6D61696E64',X'726F6D61696E40776973656D626C792E636F6D',X'687474703A2F2F7777772E726F6D61696E64617669642E6672'),
	(3,X'416E647265C3AF2056657374656D65616E75',X'436F2D666F756E646572',1,X'687474703A2F2F776973656D626C792D636F6E74656E742E73332E616D617A6F6E6177732E636F6D2F636F72706F2F7465616D2F616E647265692E6A7067',X'68747470733A2F2F7369302E7477696D672E636F6D2F70726F66696C655F696D616765732F3536323239393338392F31323135325F3139333336393433363533305F3638313630363533305F333634323739365F373335313336375F6E5F726561736F6E61626C795F736D616C6C2E6A7067',X'496E20636861726765206F6620627573696E6573732C20697420697320416E647265692773206A6F6220746F20636F6E74726F6C207468652061726D79206F6620576973656D62792073616C657370656F706C652120486520756E6465727374616E6473206F757220637573746F6D65727320616E64207468656972206E656564732C20686F7720746F206F70656E2074686520726967687420646F6F727320616E64206E657665722067697665732075702E2048652069732061206C6F766572206F6620676F6F6420626565722C2074726176656C20616E642C206F6620636F757273652C205061726973205374204765726D61696E21',X'6176657374656D65616E75',X'616E6472656940776973656D626C792E636F6D',NULL),
	(4,X'43C3A964726963204573706F7369746F2D466172657365',X'427573696E65737320446576656C6F706572',2,X'687474703A2F2F776973656D626C792D636F6E74656E742E73332E616D617A6F6E6177732E636F6D2F636F72706F2F7465616D2F6365647269632E6A7067',X'68747470733A2F2F7369302E7477696D672E636F6D2F70726F66696C655F696D616765732F313236383638393037322F54776565745F726561736F6E61626C795F736D616C6C2E6A7067',X'4365647269632077617320576973656D626C79277320666972737420656D706C6F7965652E2045666665637469766520616E64206120676F6F64206C697374656E65722C2068652072617069646C7920626563616D652074686520676F2D746F20706572736F6E20666F72207468652077686F6C65207465616D20616E642C2061626F766520616C6C2C206F757220637573746F6D6572732E21204120677265617420526F6C6C657220486F636B657920706C6179657220616E642065636F6C6F677920636F6E766572742C2068652074616B65732063617265206F6620707265616368696E672074686520676F6F6420776F726420746F207468652077686F6C65207465616D2E',X'4365445F4546',X'63656472696340776973656D62792E636F6D',NULL),
	(5,X'436872697374696E61204461676F',X'4F6666696365204D616E61676572',3,X'687474703A2F2F776973656D626C792D636F6E74656E742E73332E616D617A6F6E6177732E636F6D2F636F72706F2F7465616D2F636872697374696E612E6A7067',X'68747470733A2F2F666263646E2D70726F66696C652D612E616B616D616968642E6E65742F6870726F66696C652D616B2D617368322F3336393538385F3531353032343833325F313433333439303735315F6E2E6A7067',X'417661696C61626C652C2067656E65726F757320616E6420617474656E746976652C20436872697374696E61206973206D6F7468657220746F20757320616C6C2120536865206D6F76657320656173696C79206265747765656E20726563727569746D656E742C20696E766F696365732C20737570706C6965727320616E6420696E7465726E616C206576656E74206F7267616E69736174696F6E2E2053686520697320677265617420666F6C6C6F776572206F662066756E6E792073746F726965732C20736F20646F6E277420666F7267657420746F2074656C6C206865722061206A6F6B652066726F6D2074696D6520746F2074696D6521',NULL,X'636872697374696E6140776973656D626C792E636F6D',NULL),
	(6,X'4E69636F6C6173204368656E6574',X'46726F6E74656E6420446576656C6F706572',4,X'687474703A2F2F776973656D626C792D636F6E74656E742E73332E616D617A6F6E6177732E636F6D2F636F72706F2F7465616D2F6E69636F6C61732E6A7067',X'68747470733A2F2F7369302E7477696D672E636F6D2F70726F66696C655F696D616765732F313739303337363132312F63383436313433633461393131316531616262303132333133383162363565335F375F726561736F6E61626C795F736D616C6C2E6A7067',X'4E69636F2069732068616C662064657369676E65722C2068616C6620646576656C6F7065722E2050617373696F6E6174652061626F757420636C65616E2C20696E7475697469766520696E74657266616365732C2068652075736573206869732074616C656E747320746F207468652062656E65666974206F6620616C6C20576973656D626C7927732066656174757265732E205768656E20686520676F657320686F6D652C206865206265636F6D657320616E20756E636F6E646974696F6E616C20636174206C6F7665722C20616C6C206361747321',X'6E69636F6C61736368656E6574',X'6E69636F6C617340776973656D626C792E636F6D',NULL),
	(7,X'426170746973746520436C617669C3A9',X'4261636B2D656E6420446576656C6F706572',4,X'687474703A2F2F776973656D626C792D636F6E74656E742E73332E616D617A6F6E6177732E636F6D2F636F72706F2F7465616D2F62617074697374652E6A7067',X'68747470733A2F2F7369302E7477696D672E636F6D2F70726F66696C655F696D616765732F313339393930373939332F32383234656637343632363962333530393132343065643665363665323161355F726561736F6E61626C795F736D616C6C2E6A706567',X'426170746973746520697320612070617373696F6E61746520646576656C6F706572207769746820612070726F6E6F756E63656420616666656374696F6E20666F72206F70656E2D736F7572636520616E6420746865206D617374657279206F66207468652073756274696C6520617274206F662054726F6C6C696E672E20486520737769746368657320697473206765656B202F206F74616B7520706572736F6E616C697479206F6E20776F726B20686F75727320746F206265206F7572207175616C697479206775792C2050522072657669657765722C20616E642061206C6974746C65206269742074726F6C6C657220746F6F2E',X'74616C75735F',X'626170746973746540776973656D626C792E636F6D',X'687474703A2F2F62617074697374652E636C617669C3A92E6E65742F'),
	(8,X'4D6F68616D6564204D617572616E6E65',X'496E20436861726765206F66204576656E7473',4,X'687474703A2F2F776973656D626C792D636F6E74656E742E73332E616D617A6F6E6177732E636F6D2F636F72706F2F7465616D2F6D6F68616D65642E6A7067',X'68747470733A2F2F7369302E7477696D672E636F6D2F70726F66696C655F696D616765732F323437323531313635332F336D72767571306635306C6B30377471673374775F726561736F6E61626C795F736D616C6C2E6A706567',X'4865206C696E6B732050686F746F73686F70206B6579626F6172642073686F72746375747320717569636B6572207468616E2068697320736861646F7720616E642063616E2068616E646C6520616E7920736974756174696F6E206F6E207468652067726F756E642E2054686973206973206F7572206576656E74206D616E2D696E2D6368617267652E204120776F726B61686F6C69632C206865207374696C6C2066696E64732074696D6520666F722068697320706572736F6E616C2070726F6A65637473206173206163746F722C2070726F647563657220616E642063726561746F72206F66206120776562206D6167617A696E652E',X'6D6F6D617572616E6E65',X'6D6F68616D656440776973656D626C792E636F6D',NULL),
	(9,X'52C3A96D792047617A656C6F74',X'4261636B2D656E6420446576656C6F706572',4,X'687474703A2F2F776973656D626C792D636F6E74656E742E73332E616D617A6F6E6177732E636F6D2F636F72706F2F7465616D2F72656D792E6A7067',X'68747470733A2F2F7369302E7477696D672E636F6D2F70726F66696C655F696D616765732F323534333436363833312F773469316776376A7672786136657938306B6C615F726561736F6E61626C795F736D616C6C2E6A706567',X'52C3A96D79206973206D61642061626F757420636F64696E672E204865207370656E647320686F7572732C206120736D696C65206F6E2068697320666163652C20696E2066726F6E74206F6620686973207465726D696E616C2E2048652069732C2061626F766520616C6C2C20766572792067696674656420616E6420766572792070726F647563746976652E204865207370656E647320686973207765656B656E6473206174205072696E636573207061726B2C20776865726520686520686173206265656E206120737562736372696265722073696E636520746865206372656174696F6E206F662074686520636C75622C206966206E6F74206265666F72652E',X'72656D7967617A656C6F74',X'72656D7940776973656D626C792E636F6D',NULL),
	(10,X'4761627269656C204D616A6F756C6574',X'46726F6E742D656E6420446576656C6F706572',4,X'687474703A2F2F776973656D626C792D636F6E74656E742E73332E616D617A6F6E6177732E636F6D2F636F72706F2F7465616D2F6761627269656C2E6A7067',X'68747470733A2F2F7369302E7477696D672E636F6D2F70726F66696C655F696D616765732F313738323630333338312F6761627269656C2D6D616A6F756C65745F726561736F6E61626C795F736D616C6C2E6A7067',X'4761627269656C207374617274656420617320616E20696E7465726E20616E6420717569636B6C7920626563616D6520696E64697370656E7369626C652E2048697320746563686E6963616C20736B696C6C7320616E6420686973206566666563746976656E6573732061726520717569636B6C79206265636F6D696E67206C6567656E6461727920696E207468652066616D6F757320426C756520526F6F6D2E205768656E206865206C656176657320746865206F66666963652C206865206F6674656E20676F657320746F207468652067796D2C207768696368206D616B65732068696D20576973656D626C79277320424D49207265636F726420686F6C6465722E',X'676D616A6F756C6574',X'6761627269656C40776973656D626C792E636F6D',X'687474703A2F2F7777772E6761627269656C2D6D616A6F756C65742E66722F'),
	(18,X'436872697374656C2056616E2D497361636B6572',X'427573696E65737320446576656C6F706572',0,X'687474703A2F2F776973656D626C792D636F6E74656E742E73332D776562736974652D65752D776573742D312E616D617A6F6E6177732E636F6D2F636F72706F2F7465616D2F636872697374656C2E6A7067',X'','',NULL,NULL,NULL),
	(19,X'43C3A963696C652044656372756C6C65',X'427573696E65737320446576656C6F706572',0,X'687474703A2F2F776973656D626C792D636F6E74656E742E73332E616D617A6F6E6177732E636F6D2F636F72706F2F7465616D2F636563696C652E6A7067',X'','',NULL,NULL,NULL),
	(20,X'4D617468696575204768616C6562',X'46726F6E742D656E6420646576656C6F706572',0,X'687474703A2F2F776973656D626C792D636F6E74656E742E73332E616D617A6F6E6177732E636F6D2F636F72706F2F7465616D2F6D6174686965752E6A7067',X'','',NULL,NULL,NULL),
	(21,X'5472697374616E204461657363686E6572',X'50726F647563742044657369676E6572',0,X'687474703A2F2F776973656D626C792D636F6E74656E742E73332E616D617A6F6E6177732E636F6D2F636F72706F2F7465616D2F7472697374616E2E6A7067',X'','',NULL,NULL,NULL),
	(22,X'41726E617564204761676E65',X'427573696E65737320446576656C6F706572',0,X'687474703A2F2F776973656D626C792D636F6E74656E742E73332D776562736974652D65752D776573742D312E616D617A6F6E6177732E636F6D2F636F72706F2F7465616D2F61726E6175642E6A7067',X'687474703A2F2F776973656D626C792D636F6E74656E742E73332D776562736974652D65752D776573742D312E616D617A6F6E6177732E636F6D2F636F72706F2F7465616D2F61726E6175642E6A7067',X'61726E617564',NULL,NULL,NULL),
	(23,X'56696E63656E74204A616D6D6573',X'50726F64756374204576616E67656C697374',0,X'687474703A2F2F776973656D626C792D636F6E74656E742E73332D776562736974652D65752D776573742D312E616D617A6F6E6177732E636F6D2F636F72706F2F7465616D2F76696E63656E742E6A7067',X'687474703A2F2F776973656D626C792D636F6E74656E742E73332D776562736974652D65752D776573742D312E616D617A6F6E6177732E636F6D2F636F72706F2F7465616D2F76696E63656E742E6A7067',X'76696E63656E74',NULL,NULL,NULL),
	(25,X'416C6578616E6472652042726F7564696E',X'46726F6E742D656E6420446576656C6F706572',0,X'687474703A2F2F776973656D626C792D636F6E74656E742E73332D776562736974652D65752D776573742D312E616D617A6F6E6177732E636F6D2F636F72706F2F7465616D2F616C65782E6A7067',X'687474703A2F2F776973656D626C792D636F6E74656E742E73332D776562736974652D65752D776573742D312E616D617A6F6E6177732E636F6D2F636F72706F2F7465616D2F616C65782E6A7067',X'616C6578',NULL,NULL,NULL),
	(26,X'4164656C696E6520427261657363752D4B65726C616E',X'437573746F6D65722053756363657373204D616E61676572',0,X'687474703A2F2F776973656D626C792D636F6E74656E742E73332E616D617A6F6E6177732E636F6D2F636F72706F2F7465616D2F6164656C696E652E6A7067',X'687474703A2F2F776973656D626C792D636F6E74656E742E73332E616D617A6F6E6177732E636F6D2F636F72706F2F7465616D2F6164656C696E652E6A7067',X'4164656C696E6520427261657363752D4B65726C616E',NULL,NULL,NULL),
	(27,X'4C617572612054686965727279',X'437573746F6D65722053756363657373204D616E61676572',0,X'687474703A2F2F776973656D626C792D636F6E74656E742E73332E616D617A6F6E6177732E636F6D2F636F72706F2F7465616D2F6C617572612E6A7067',X'687474703A2F2F776973656D626C792D636F6E74656E742E73332E616D617A6F6E6177732E636F6D2F636F72706F2F7465616D2F6C617572612E6A7067',X'4C617572612054686965727279',NULL,NULL,NULL);

/*!40000 ALTER TABLE `team` ENABLE KEYS */;
UNLOCK TABLES;


# Dump of table testimonial
# ------------------------------------------------------------

DROP TABLE IF EXISTS `testimonial`;

CREATE TABLE `testimonial` (
  `id` smallint(4) NOT NULL AUTO_INCREMENT,
  `quote` text NOT NULL,
  `picture` varchar(255) NOT NULL,
  `name` varchar(255) NOT NULL,
  `title` varchar(255) NOT NULL,
  `logo` varchar(255) DEFAULT NULL,
  `home_featured` tinyint(1) NOT NULL DEFAULT '0',
  `cases_featured` tinyint(1) NOT NULL DEFAULT '0',
  PRIMARY KEY (`id`),
  KEY `home_featured` (`home_featured`,`cases_featured`)
) ENGINE=InnoDB DEFAULT CHARSET=utf8;

LOCK TABLES `testimonial` WRITE;
/*!40000 ALTER TABLE `testimonial` DISABLE KEYS */;

INSERT INTO `testimonial` (`id`, `quote`, `picture`, `name`, `title`, `logo`, `home_featured`, `cases_featured`)
VALUES
	(1,'Beyond the obvious fun dynamic that creates Wisembly, it restores our intervention practices a significant gain in the ability to interact.','http://wisembly-content.s3.amazonaws.com/corpo/testimonial/picture/lagree.png','Olivier Lagrée','Consultant, Deloitte','http://wisembly-content.s3.amazonaws.com/corpo/testimonial/logo/la-poste.png',0,1),
	(2,'Wisembly created a genuine U-turn in the company’s managerial relationship. Their solution assists us in all our meetings.','http://wisembly-content.s3.amazonaws.com/corpo/testimonial/picture/ropert.png','Patrick Ropert','Communication Director, SNCF','http://wisembly-content.s3.amazonaws.com/corpo/testimonial/logo/sncf.png',0,1),
	(3,'The control of live questions and evaluations has quickly led to share decision making, where the only conference call often sent the host back into loneliness.','http://wisembly-content.s3.amazonaws.com/corpo/testimonial/picture/lebouille.png','Emmanuel Le Bouille','Directeur Innovation, AUCHAN','http://wisembly-content.s3.amazonaws.com/corpo/testimonial/logo/auchan.png',0,1),
	(4,'Wisembly is a training and education booster. It becomes an \"interactive manual\" which accompanies of all participants, in line with their trainers.','http://wisembly-content.s3.amazonaws.com/corpo/testimonial/picture/dias.jpg','Georges-Edouard Dias','Prof at the HEC','http://wisembly-content.s3.amazonaws.com/corpo/testimonial/logo/hec.png',0,1),
	(5,'Everybody loved it – it’s a brand new way to contribute [...] Wisembly lets you go beyond the presentation and open a dialog.','http://wisembly-content.s3.amazonaws.com/corpo/testimonial/picture/dias.jpg','Georges-Edouard Dias','L\'Oréal','http://wisembly-content.s3.amazonaws.com/corpo/testimonial/logo/hec.png',0,0),
	(6,'Wisembly has allowed freedom of speech of our employees. Our internal meetings have become much more participative with a number of questions multiplied by 5!','http://wisembly-content.s3.amazonaws.com/corpo/testimonial/picture/guillaumevraux.png','Guillaume Vraux','Cofely Services, Groupe GDF SUEZ',NULL,1,0),
	(7,'Wisembly facilitates speaking and boosts animation conferences. It also offers the opportunity to prepare in advance the questions and keep after the event ended. It is the memory of our animations.','http://wisembly-content.s3.amazonaws.com/corpo/testimonial/picture/clairebussac.png','Claire Bussac','Head of Marketing and RH Innovation, Crédit Agricole S.A',NULL,1,0),
	(8,'We use it to discuss ideas, gather feedback and arrive at collective solutions.','http://wisembly-content.s3.amazonaws.com/corpo/testimonial/picture/stelmaszyk.jpg','Patric Stelmaszyk','Capgemini Consulting',NULL,0,0),
	(9,'Wisembly has deeply changed the conduct of our meetings by introducing the interactivity that we all expected more or less consciously. We were dreaming about it, Wisembly made it happen !','http://wisembly-content.s3.amazonaws.com/corpo/testimonial/picture/dominiquelefebvre.png','Dominique Lefebvre','Intern consultant','http://wisembly-content.s3.amazonaws.com/clients-logos/total_logo.png',1,0);

/*!40000 ALTER TABLE `testimonial` ENABLE KEYS */;
UNLOCK TABLES;



/*!40111 SET SQL_NOTES=@OLD_SQL_NOTES */;
/*!40101 SET SQL_MODE=@OLD_SQL_MODE */;
/*!40014 SET FOREIGN_KEY_CHECKS=@OLD_FOREIGN_KEY_CHECKS */;
/*!40101 SET CHARACTER_SET_CLIENT=@OLD_CHARACTER_SET_CLIENT */;
/*!40101 SET CHARACTER_SET_RESULTS=@OLD_CHARACTER_SET_RESULTS */;
/*!40101 SET COLLATION_CONNECTION=@OLD_COLLATION_CONNECTION */;
