# ************************************************************
# Sequel Pro SQL dump
# Version 4096
#
# http://www.sequelpro.com/
# http://code.google.com/p/sequel-pro/
#
# Host: 127.0.0.1 (MySQL 5.6.20)
# Database: wisembly_it
# Generation Time: 2014-10-16 15:25:11 +0000
# ************************************************************


/*!40101 SET @OLD_CHARACTER_SET_CLIENT=@@CHARACTER_SET_CLIENT */;
/*!40101 SET @OLD_CHARACTER_SET_RESULTS=@@CHARACTER_SET_RESULTS */;
/*!40101 SET @OLD_COLLATION_CONNECTION=@@COLLATION_CONNECTION */;
/*!40101 SET NAMES utf8 */;
/*!40014 SET @OLD_FOREIGN_KEY_CHECKS=@@FOREIGN_KEY_CHECKS, FOREIGN_KEY_CHECKS=0 */;
/*!40101 SET @OLD_SQL_MODE=@@SQL_MODE, SQL_MODE='NO_AUTO_VALUE_ON_ZERO' */;
/*!40111 SET @OLD_SQL_NOTES=@@SQL_NOTES, SQL_NOTES=0 */;


# Dump of table cases
# ------------------------------------------------------------

DROP TABLE IF EXISTS `cases`;

CREATE TABLE `cases` (
  `id` smallint(4) NOT NULL AUTO_INCREMENT,
  `slug` varchar(255) CHARACTER SET utf8 COLLATE utf8_bin NOT NULL,
  `client` varchar(255) CHARACTER SET utf8 COLLATE utf8_bin NOT NULL,
  `client_logo` varchar(255) CHARACTER SET utf8 COLLATE utf8_bin NOT NULL,
  `title` varchar(255) CHARACTER SET utf8 COLLATE utf8_bin NOT NULL,
  `intro` text,
  `type` varchar(255) CHARACTER SET utf8 COLLATE utf8_bin NOT NULL,
  `illustration_image` varchar(255) CHARACTER SET utf8 COLLATE utf8_bin DEFAULT NULL,
  `context` text CHARACTER SET utf8 COLLATE utf8_bin NOT NULL,
  `usage` text CHARACTER SET utf8 COLLATE utf8_bin NOT NULL,
  `results` text CHARACTER SET utf8 COLLATE utf8_bin NOT NULL,
  `blockquote` text CHARACTER SET utf8 COLLATE utf8_bin NOT NULL,
  `interviewed` varchar(255) CHARACTER SET utf8 COLLATE utf8_bin NOT NULL,
  `blockquote_logo` varchar(255) DEFAULT NULL,
  `illustration_type` varchar(20) NOT NULL,
  `related_cases` varchar(255) NOT NULL,
  PRIMARY KEY (`id`)
) ENGINE=InnoDB DEFAULT CHARSET=latin1;

LOCK TABLES `cases` WRITE;
/*!40000 ALTER TABLE `cases` DISABLE KEYS */;

INSERT INTO `cases` (`id`, `slug`, `client`, `client_logo`, `title`, `intro`, `type`, `illustration_image`, `context`, `usage`, `results`, `blockquote`, `interviewed`, `blockquote_logo`, `illustration_type`, `related_cases`)
VALUES
	(1,X'6C612D706F737465',X'4C6120506F737465',X'2F7374617469632F696D616765732F6C612D706F7374652E706E67',X'53656D696E6172692061204C6120506F737465',NULL,X'53656D696E617269',X'2F7374617469632F696D616765732F6C612D706F7374652E706E67',X'3C756C3E203C6C693E556E2067696F726E6F2064692073656D696E6172696F2C20756E6120766F6C7461206CE28099616E6E6F2C20706572206C6F207363616D62696F20646920696E666F726D617A696F6E692073756C6C652070726F6365647572653C2F6C693E203C6C693E313230206D616E616765722064656C20636F6D706172746F2066696E616E7A61206465204C6120506F7374653C2F6C693E203C6C693E54656D612064656C2067696F726E6F3A20446563656E7472616C697A7A617A696F6E6520646920737563636573736F3C2F6C693E203C2F756C3E',X'3C756C3E203C6C693E41706572747572612064656C6C6120706961747461666F726D6120696E20616E74696369706F20706572206C6120726163636F6C74612064656C6C6520646F6D616E646520646120706172746520646569206D616E616765723C2F6C693E203C6C693E526973636F6E74726920696E2064697265747461206520636F6D6D656E7469207370656469746920646169206C6F726F20736D61727470686F6E652028534D53206520696E7465726E657429203C2F6C693E203C6C693E4C697665206B6579776F726420636C6F75643C2F6C693E203C6C693E4C61766F726920696E20736F74746F2D6772757070692064692031352E2052656C617A696F6E65206520766F74617A696F6E652073756C6C6120666174746962696C6974C3A020646569206C6F726F20737567676572696D656E7469206174747261766572736F20696C206D6F64756C6F20646920736F6E64616767696F3C2F6C693E203C2F756C3E',X'3C7461626C6520636C6173733D276B70692D7461626C65273E0D0A093C747220636C6173733D276669727374273E0D0A09093C746420636C6173733D276669727374273E0D0A0909093C7370616E3E39353C2F7370616E3E0D0A090909646F6D616E646520726163636F6C746520696E20616E74696369706F0D0A09093C2F74643E0D0A09093C746420636C6173733D276C617374273E0D0A0909093C7370616E3E3132303C2F7370616E3E0D0A090909646F6D616E646520666174746520647572616E746520696C2073656D696E6172696F0D0A09093C2F74643E0D0A093C2F74723E0D0A093C747220636C6173733D276C617374273E0D0A09093C746420636C6173733D276669727374273E0D0A0909093C7370616E3E373C2F7370616E3E0D0A090909736F6E6461676769206F6E6C696E6520706572206964656E7469666963617265206920666174746F726920646920737563636573736F0D0A09093C2F74643E0D0A09093C746420636C6173733D276C617374273E0D0A0909093C7370616E3E313030253C2F7370616E3E0D0A0909096469207061727469636970617A696F6E650D0A09093C2F74643E0D0A093C2F74723E0D0A3C2F7461626C653E',X'4F6C7472652061676C69206F7676696920656C656D656E746920646920646976657274696D656E746F2067656E657261746920646120576973656D626C792C20736920C3A82063726561746F20756E206E6F7465766F6C6520696E637265616D656E746F206469206F70706F7274756E6974C3A020646920696E746572617A696F6E652070657220696C206D6F646F20696E2063756920C3A820737461746F20636F6E646F74746F20696C2073656D696E6172696F2E',X'4F6C6976696572204C616772C3A9652C20436F6E73756C656E74652044454C4F49545445','/static/images/lagree.png','wallpaper','3,2,1'),
	(2,X'736E6366',X'534E4346',X'2F7374617469632F696D616765732F736E63662E706E67',X'534E434620446973636F72736F2064656C20507265736964656E7465',NULL,X'636F6E6663616C6C73',X'2F7374617469632F696D616765732F736E63662E706E67',X'3C756C3E203C6C693E54757474692069206D657369203930206D696E757469206469204D616E6167656D656E742043616C6C203C2F6C693E203C6C693E36303020746F70206D616E6167657220726567696F6E616C6920636F6E6E657373693C2F6C693E203C6C693E50726573656E74617A696F6E652064656920726973756C746174692065206C696E65206775696461207374726174656769636865206120637572612064692020436F6D65783C2F6C693E203C2F756C3E',X'3C756C3E203C6C693E50726573656E74617A696F6E6520696E2064697265747461206520636F6E6469766973696F6E652064656C6C6520736C6964652073756C6C6120706961747461666F726D613C2F6C693E203C6C693E436F6D6D656E7469206520646F6D616E646520696E206469726574746120646120706172746520646569206D616E61676572206174747261766572736F2069206C6F726F20636F6D70757465723C2F6C693E203C6C693E49206D616E6167657220766F74616E6F206C6520646F6D616E6465206469206C6F726F20696E746572657373653C2F6C693E203C6C693E496C20507265736964656E746520726973706F6E646520616C6C6520646F6D616E6465206520616920636F6D6D656E746920646569206D616E6167657220696E206F7264696E6520646920706F706F6C61726974C3A03C2F6C693E3C6C693E416C6C612066696E652064656C6C612063616C6C2C2069206D616E6167657220636F6D70696C616E6F20756E207175657374696F6E6172696F20646920736F6464697366617A696F6E653C2F6C693E203C2F756C3E',X'3C756C3E203C6C693E436F6E666572656E63652063616C6C20737472757474757261746520656420656666696369656E74693C2F6C693E203C6C693E363025206469207061727465636970617A696F6E653C2F6C693E203C6C693E31353020646F6D616E6465206520636F6D6D656E74693C2F6C693E203C6C693E6D656469612064692039303020766F746920646920706F706F6C61726974C3A0206120636F6D6D656E7469206520646F6D616E64653C2F6C693E203C6C693E37352520646920746173736F20646920726973706F73746120616C207175657374696F6E6172696F20646920736F6464697366617A696F6E653C2F6C693E3C2F756C3E',X'576973656D626C7920686120706F727461746F20756E612073766F6C74612067656E75696E65206E656C6C652072656C617A696F6E6920696E7465722D6D616E6167657269616C692064656C6CE28099617A69656E64612E204F726120757369616D6F206C6120736F6C757A696F6E6520696E207475747465206C65206E6F73747265207269756E696F6E692E',X'5061747269636B20526F706572742C20446972656374746F726520436F6D756E6963617A696F6E692C20534E4346','/static/images/ropert.png','logo','1,2,3'),
	(3,X'61756368616E',X'41756368616E',X'2F7374617469632F696D616765732F61756368616E2E706E67',X'436F6E666572656E63652063616C6C20696E2041756368616E',NULL,X'636F6E6663616C6C73',X'2F7374617469632F696D616765732F61756368616E2E706E67',X'3C756C3E203C6C693E527269756E696F6E6920646920737461746F206176616E7A616D656E746F2070726F67657474692062696D65737472616C692064692032206F72653C2F6C693E203C6C693E3135207061727469636970616E74693C2F6C693E203C6C693E49207061727465636970616E746920736F6E6F206469736C6F6361746920696E206C756F676869206520706165736920646976657273693C2F6C693E203C2F756C3E',X'3C756C3E203C6C693E436F6E6469766973696F6E652064656C6C6520736C69646520696E2074656D706F207265616C653C2F6C693E203C6C693E4169207061727465636970616E74692073756C6C6120706961747461666F726D612076656E676F6E6F20696E766961746520646F6D616E6465206E656C20636F72736F2064656C6C612063616C6C3C2F6C693E203C6C693E526973706F73746520696E206469726574746120646569207061727465636970616E74693C2F6C693E203C6C693E416C6C612066696E65206469206F676E692063616C6C2C20646566696E697A696F6E652064656C6CE280996167656E646120706572206C612063616C6C20737563636573736976613C2F6C693E203C6C693E436F6E6469766973696F6E6520646569206D6564696120616C6C612066696E652064656C6C6120636F6E666572656E63652063616C6C3C2F6C693E203C2F756C3E',X'3C756C3E203C6C693E31303025206469207061727465636970617A696F6E653C2F6C693E203C6C693E4D6564696120646920353020646F6D616E64652065206E756F7665206964656520706572207269756E696F6E653C2F6C693E203C6C693E3320646F63756D656E746920636F6E6469766973693C2F6C693E203C2F756C3E',X'496C20636F6E74726F6C6C6F206C6976652064656C6C6520646F6D616E646520652064656920666565646261636B207065726D65747465206469207072656E64657265206465636973696F6E692076656C6F63692C20636F6E646976697365206520696E20636F6C6C61626F72617A696F6E652C20646F766520696E76656365206C6120736F6C612074656C65666F6E6174612C2073706573736F20636F72726973706F6E6465206120756E206C656164657220636865207061726C6120612073652073746573736F2E',X'456D6D616E75656C204C6520426F75696C6C652C204469726574746F72652064656C6CE28099496E6E6F76617A696F6E652C2041554348414E','/static/images/lebouille.png','logo','4,3,2'),
	(4,X'686563',X'484543',X'2F7374617469632F696D616765732F6865632E706E67',X'466F726D617A696F6E6520696E20484543',NULL,X'747261696E696E6773',X'2F7374617469632F696D616765732F6865632E6A7067',X'3C756C3E203C6C693E362073656573696F6E6920646920636F7273692064612033206F72653C2F6C693E203C6C693E33352073747564656E74693C2F6C693E203C6C693E52656C61746F72692065737465726E692C2070726573656E74617A696F6E692064692063617369203C2F6C693E203C2F756C3E',X'3C756C3E203C6C693E4361726963616D656E746F2073756C6C6120706961747461666F726D612064656C6C652064697370656E73652064656C20636F72736F2070657220676C692073747564656E7469207363617269636162696C692074726120756E612073657373696F6E652065206CE28099616C7472613C2F6C693E203C6C693E496E74657276656E7469206465676C692073747564656E746920647572616E7465206C652070726573656E74617A696F6E692064656920636F6C6C65676869206520696E70757420646569206C6F726F20636F6E747269627574693C2F6C693E203C6C693E436F6E7472696275746F20616C206C6976656C6C6F20646920636F6E6F7363656E7A6120652061692070726F677265737369206465676C692073747564656E7469206772617A6965206120576973656D626C793C2F6C693E203C6C693E526973706F737465206120646F6D616E64652073656C657A696F6E6174652073756C6C6120706961747461666F726D613C2F6C693E203C2F756C3E',X'3C756C3E203C6C693E39343420646F6D616E6465206520636F6D6D656E74692C20636F6E20342E30303720766F746920646920706F706F6C61726974C3A03C2F6C693E203C6C693E363020726973706F737465206120646F6D616E646520646972657474616D656E74652073756C6C6120706961747461666F726D613C2F6C693E203C6C693E3230207175697A20647572616E7465206C652073657373696F6E693C2F6C693E203C6C693E3220636F7273692064692076616C7574617A696F6E65202B2032207465737420646920636F6E6F7363656E7A613C2F6C693E203C6C693E353020646F63756D656E746920636F6E6469766973693C2F6C693E203C2F756C3E',X'576973656D626C7920706F74656E7A696120696C20524F492064656920636F72736920646920666F726D617A696F6E6520652064656C6CE28099696E7365676E616D656E746F2E2045E2809920646976656E7461746F20756E20E2809C6C6962726F20646920746573746F20696E74657261747469766FE2809D2070657220737570706F72746172652074757474692069207061727465636970616E746920696E7369656D65206169206C6F726F206564756361746F72692E',X'47656F726765732D45646F7561726420446961732C2050726F666573736F72652064656C6C6120627573696E657373207363686F6F6C20484543','/static/images/dias.png','wallpaper','1,2,3');

/*!40000 ALTER TABLE `cases` ENABLE KEYS */;
UNLOCK TABLES;


# Dump of table client
# ------------------------------------------------------------

DROP TABLE IF EXISTS `client`;

CREATE TABLE `client` (
  `id` int(11) NOT NULL AUTO_INCREMENT,
  `home_featured` tinyint(1) NOT NULL DEFAULT '0',
  `cases_featured` tinyint(1) NOT NULL DEFAULT '0',
  `client_category_id` int(11) NOT NULL,
  `name` varchar(255) COLLATE utf8_bin NOT NULL,
  `logo` varchar(255) COLLATE utf8_bin NOT NULL,
  `url` varchar(255) COLLATE utf8_bin NOT NULL,
  PRIMARY KEY (`id`),
  KEY `cases_featured` (`cases_featured`)
) ENGINE=InnoDB DEFAULT CHARSET=utf8 COLLATE=utf8_bin;

LOCK TABLES `client` WRITE;
/*!40000 ALTER TABLE `client` DISABLE KEYS */;

INSERT INTO `client` (`id`, `home_featured`, `cases_featured`, `client_category_id`, `name`, `logo`, `url`)
VALUES
	(1,0,0,1,X'416972204C697175696465',X'687474703A2F2F776973656D626C792D636F6E74656E742E73332D776562736974652D65752D776573742D312E616D617A6F6E6177732E636F6D2F636C69656E74732D6C6F676F732F6169726C6971756964652E706E67',X'687474703A2F2F7777772E6169726C6971756964652E636F6D2F'),
	(5,0,0,1,X'416C74696D61',X'687474703A2F2F776973656D626C792D636F6E74656E742E73332D776562736974652D65752D776573742D312E616D617A6F6E6177732E636F6D2F636C69656E74732D6C6F676F732F616C74696D612E706E67',X'687474703A2F2F7777772E616C74696D612E6672'),
	(6,0,0,1,X'4174656C696572',X'687474703A2F2F776973656D626C792D636F6E74656E742E73332D776562736974652D65752D776573742D312E616D617A6F6E6177732E636F6D2F636C69656E74732D6C6F676F732F6174656C6965722E706E67',X'687474703A2F2F7777772E6174656C6965722E6E6574'),
	(7,0,0,1,X'41746C616E746963',X'687474703A2F2F776973656D626C792D636F6E74656E742E73332D776562736974652D65752D776573742D312E616D617A6F6E6177732E636F6D2F636C69656E74732D6C6F676F732F61746C616E7469632E706E67',X'687474703A2F2F7777772E61746C616E746963322E6F72672F'),
	(8,1,1,1,X'41756368616E',X'687474703A2F2F776973656D626C792D636F6E74656E742E73332D776562736974652D65752D776573742D312E616D617A6F6E6177732E636F6D2F636C69656E74732D6C6F676F732F61756368616E2E706E67',X'687474703A2F2F7777772E61756368616E2E6672'),
	(9,0,0,1,X'42654D79417070',X'687474703A2F2F776973656D626C792D636F6E74656E742E73332D776562736974652D65752D776573742D312E616D617A6F6E6177732E636F6D2F636C69656E74732D6C6F676F732F62656D796170702E706E67',X'687474703A2F2F66722E62656D796170702E636F6D2F'),
	(10,0,0,1,X'42696F6465726D61',X'687474703A2F2F776973656D626C792D636F6E74656E742E73332D776562736974652D65752D776573742D312E616D617A6F6E6177732E636F6D2F636C69656E74732D6C6F676F732F62696F6465726D612E676966',X'687474703A2F2F7777772E62696F6465726D612E636F6D'),
	(11,0,1,1,X'424E502050617269626173',X'687474703A2F2F776973656D626C792D636F6E74656E742E73332D776562736974652D65752D776573742D312E616D617A6F6E6177732E636F6D2F636C69656E74732D6C6F676F732F626E702E6A7067',X'687474703A2F2F7777772E626E70706172696261732E6E65742F'),
	(12,0,0,1,X'54686520426F64792053686F70',X'687474703A2F2F776973656D626C792D636F6E74656E742E73332D776562736974652D65752D776573742D312E616D617A6F6E6177732E636F6D2F636C69656E74732D6C6F676F732F626F64792E706E67',X'687474703A2F2F7777772E746865626F647973686F702E66722F'),
	(13,0,0,1,X'426F7579677565732054656C65636F6D',X'687474703A2F2F776973656D626C792D636F6E74656E742E73332D776562736974652D65752D776573742D312E616D617A6F6E6177732E636F6D2F636C69656E74732D6C6F676F732F626F7579677565732E6A7067',X'687474703A2F2F7777772E626F75796775657374656C65636F6D2E66722F'),
	(14,0,1,1,X'4372C3A96469742041677269636F6C65',X'687474703A2F2F776973656D626C792D636F6E74656E742E73332D776562736974652D65752D776573742D312E616D617A6F6E6177732E636F6D2F636C69656E74732D6C6F676F732F63612E706E67',X'687474703A2F2F7777772E6372656469742D61677269636F6C652E66722F'),
	(15,0,0,1,X'436169737365206427416C6C6F636174696F6E732046616D696C69616C6573',X'687474703A2F2F776973656D626C792D636F6E74656E742E73332D776562736974652D65752D776573742D312E616D617A6F6E6177732E636F6D2F636C69656E74732D6C6F676F732F6361662E706E67',X'687474703A2F2F7777772E6361662E66722F'),
	(16,0,0,1,X'416363656E74757265',X'687474703A2F2F776973656D626C792D636F6E74656E742E73332D776562736974652D65752D776573742D312E616D617A6F6E6177732E636F6D2F636C69656E74732D6C6F676F732F616363656E747572652E706E67',X'687474703A2F2F7777772E616363656E747572652E636F6D2F'),
	(17,0,0,2,X'41646574656D',X'687474703A2F2F776973656D626C792D636F6E74656E742E73332D776562736974652D65752D776573742D312E616D617A6F6E6177732E636F6D2F636C69656E74732D6C6F676F732F61646574656D2E706E67',X'687474703A2F2F7777772E61646574656D2E6F7267'),
	(18,0,0,1,X'416C696F722042616E6B',X'687474703A2F2F776973656D626C792D636F6E74656E742E73332D776562736974652D65752D776573742D312E616D617A6F6E6177732E636F6D2F636C69656E74732D6C6F676F732F616C696F7262616E6B2E706E67',X'687474703A2F2F7777772E616C696F7262616E6B2E706C2F'),
	(19,0,0,3,X'417274656120436F6D6D756E69636174696F6E',X'687474703A2F2F776973656D626C792D636F6E74656E742E73332D776562736974652D65752D776573742D312E616D617A6F6E6177732E636F6D2F636C69656E74732D6C6F676F732F6172746561636F6D6D756E69636174696F6E2E706E67',X'687474703A2F2F7777772E61727465612D6672616E63652E636F6D2F'),
	(20,0,0,2,X'41534D4550',X'687474703A2F2F776973656D626C792D636F6E74656E742E73332D776562736974652D65752D776573742D312E616D617A6F6E6177732E636F6D2F636C69656E74732D6C6F676F732F61736D65702E706E67',X'687474703A2F2F7777772E61736D65702D6574692E66722F'),
	(21,0,0,2,X'4176656265',X'687474703A2F2F776973656D626C792D636F6E74656E742E73332D776562736974652D65752D776573742D312E616D617A6F6E6177732E636F6D2F636C69656E74732D6C6F676F732F61766562652E706E67',X'687474703A2F2F7777772E61766562652E636F6D2F'),
	(22,0,0,1,X'42616E71756520506F70756C61697265',X'687474703A2F2F776973656D626C792D636F6E74656E742E73332D776562736974652D65752D776573742D312E616D617A6F6E6177732E636F6D2F636C69656E74732D6C6F676F732F62616E717565706F70756C616972652E706E67',X'687474703A2F2F7777772E62616E717565706F70756C616972652E66722F'),
	(23,0,0,1,X'42656172696E6720506F696E74',X'687474703A2F2F776973656D626C792D636F6E74656E742E73332D776562736974652D65752D776573742D312E616D617A6F6E6177732E636F6D2F636C69656E74732D6C6F676F732F62656172696E67706F696E742E706E67',X'687474703A2F2F7777772E62656172696E67706F696E742E636F6D2F66722D66722F'),
	(24,0,0,1,X'425049',X'687474703A2F2F776973656D626C792D636F6E74656E742E73332D776562736974652D65752D776573742D312E616D617A6F6E6177732E636F6D2F636C69656E74732D6C6F676F732F6270692E706E67',X'687474703A2F2F7777772E67726F7570652D6270692E636F6D2F'),
	(25,0,1,1,X'4361727265666F7572',X'687474703A2F2F776973656D626C792D636F6E74656E742E73332D776562736974652D65752D776573742D312E616D617A6F6E6177732E636F6D2F636C69656E74732D6C6F676F732F6361727265666F75722E706E67',X'687474703A2F2F7777772E6361727265666F75722E636F6D2F'),
	(26,0,0,3,X'4167656E63652043617272C3A96D656E74',X'687474703A2F2F776973656D626C792D636F6E74656E742E73332D776562736974652D65752D776573742D312E616D617A6F6E6177732E636F6D2F636C69656E74732D6C6F676F732F63617272656D656E742E706E67',X'687474703A2F2F7777772E6167656E636563617272656D656E742E636F6D2F'),
	(27,0,0,3,X'436861C3AF6B616E61204576656E74',X'687474703A2F2F776973656D626C792D636F6E74656E742E73332D776562736974652D65752D776573742D312E616D617A6F6E6177732E636F6D2F636C69656E74732D6C6F676F732F636861696B616E612E706E67',X'687474703A2F2F7777772E636861696B616E616576656E742E636F6D2F'),
	(28,0,0,2,X'434E4343',X'687474703A2F2F776973656D626C792D636F6E74656E742E73332D776562736974652D65752D776573742D312E616D617A6F6E6177732E636F6D2F636C69656E74732D6C6F676F732F636E63632E706E67',X'687474703A2F2F7777772E636E63632E66722F'),
	(29,0,0,3,X'436F6D6578706F7369756D',X'687474703A2F2F776973656D626C792D636F6E74656E742E73332D776562736974652D65752D776573742D312E616D617A6F6E6177732E636F6D2F636C69656E74732D6C6F676F732F636F6D6578706F7369756D2E706E67',X'687474703A2F2F7777772E636F6D6578706F7369756D2E636F6D2F'),
	(30,0,0,3,X'436F766973696F6E',X'687474703A2F2F776973656D626C792D636F6E74656E742E73332D776562736974652D65752D776573742D312E616D617A6F6E6177732E636F6D2F636C69656E74732D6C6F676F732F636F766973696F6E2E706E67',X'687474703A2F2F7777772E636F766973696F6E2E636F6D2F'),
	(31,0,0,2,X'454352204575726F7065',X'687474703A2F2F776973656D626C792D636F6E74656E742E73332D776562736974652D65752D776573742D312E616D617A6F6E6177732E636F6D2F636C69656E74732D6C6F676F732F6563726575726F70652E706E67',X'687474703A2F2F7777772E6563722D6575726F70652E6F72672F'),
	(32,0,0,1,X'45676F6E205A656E64657220496E7465726E6174696F6E616C',X'687474703A2F2F776973656D626C792D636F6E74656E742E73332D776562736974652D65752D776573742D312E616D617A6F6E6177732E636F6D2F636C69656E74732D6C6F676F732F65676F6E7A2E706E67',X'687474703A2F2F7777772E65676F6E7A65686E6465722E636F6D2F'),
	(33,0,0,1,X'456C6C65204D6167617A696E65',X'687474703A2F2F776973656D626C792D636F6E74656E742E73332D776562736974652D65752D776573742D312E616D617A6F6E6177732E636F6D2F636C69656E74732D6C6F676F732F656C6C652E706E67',X'687474703A2F2F7777772E656C6C652E66722F'),
	(34,0,0,1,X'4575726F636F70746572',X'687474703A2F2F776973656D626C792D636F6E74656E742E73332D776562736974652D65752D776573742D312E616D617A6F6E6177732E636F6D2F636C69656E74732D6C6F676F732F6575726F636F707465722E706E67',X'687474703A2F2F7777772E6575726F636F707465722E636F6D2F'),
	(35,0,0,2,X'45574541',X'687474703A2F2F776973656D626C792D636F6E74656E742E73332D776562736974652D65752D776573742D312E616D617A6F6E6177732E636F6D2F636C69656E74732D6C6F676F732F657765612E706E67',X'687474703A2F2F7777772E657765612E6F72672F'),
	(36,0,0,1,X'466F7274756E656F',X'687474703A2F2F776973656D626C792D636F6E74656E742E73332D776562736974652D65752D776573742D312E616D617A6F6E6177732E636F6D2F636C69656E74732D6C6F676F732F666F7274756E656F2E706E67',X'687474703A2F2F7777772E666F7274756E656F2E66722F'),
	(37,0,0,1,X'4672616E63652054C3A96CC3A9766973696F6E',X'687474703A2F2F776973656D626C792D636F6E74656E742E73332D776562736974652D65752D776573742D312E616D617A6F6E6177732E636F6D2F636C69656E74732D6C6F676F732F6672616E636574762E706E67',X'687474703A2F2F7777772E6672616E636574656C65766973696F6E732E66722F'),
	(38,0,0,1,X'47616E204173737572616E636573',X'687474703A2F2F776973656D626C792D636F6E74656E742E73332D776562736974652D65752D776573742D312E616D617A6F6E6177732E636F6D2F636C69656E74732D6C6F676F732F67616E2E706E67',X'687474703A2F2F7777772E67616E2E66722F'),
	(39,0,0,1,X'47656E6572616C69',X'687474703A2F2F776973656D626C792D636F6E74656E742E73332D776562736974652D65752D776573742D312E616D617A6F6E6177732E636F6D2F636C69656E74732D6C6F676F732F67656E6572616C692E706E67',X'687474703A2F2F7777772E67656E6572616C692E66722F'),
	(40,0,1,1,X'4752542047617A',X'687474703A2F2F776973656D626C792D636F6E74656E742E73332D776562736974652D65752D776573742D312E616D617A6F6E6177732E636F6D2F636C69656E74732D6C6F676F732F67727467617A2E706E67',X'687474703A2F2F7777772E67727467617A2E636F6D2F'),
	(41,0,0,3,X'486170707943686963',X'687474703A2F2F776973656D626C792D636F6E74656E742E73332D776562736974652D65752D776573742D312E616D617A6F6E6177732E636F6D2F636C69656E74732D6C6F676F732F6861707079636869632E706E67',X'687474703A2F2F7777772E68617070796368696367726F75702E636F6D2F'),
	(42,0,0,1,X'4164697373656F',X'687474703A2F2F776973656D626C792D636F6E74656E742E73332D776562736974652D65752D776573742D312E616D617A6F6E6177732E636F6D2F636C69656E74732D6C6F676F732F6164697373656F2E706E67',X'687474703A2F2F7777772E6164697373656F2E636F6D2F'),
	(43,0,0,1,X'43616E616C2B',X'687474703A2F2F776973656D626C792D636F6E74656E742E73332D776562736974652D65752D776573742D312E616D617A6F6E6177732E636F6D2F636C69656E74732D6C6F676F732F63616E616C2E706E67',X'687474703A2F2F7777772E63616E616C706C75736672616E63652E66722F'),
	(44,1,1,1,X'43617047656D696E69',X'687474703A2F2F776973656D626C792D636F6E74656E742E73332D776562736974652D65752D776573742D312E616D617A6F6E6177732E636F6D2F636C69656E74732D6C6F676F732F63617067656D696E692E706E67',X'687474703A2F2F7777772E66722E63617067656D696E692E636F6D'),
	(45,0,0,1,X'436173696E6F',X'687474703A2F2F776973656D626C792D636F6E74656E742E73332D776562736974652D65752D776573742D312E616D617A6F6E6177732E636F6D2F636C69656E74732D6C6F676F732F636173696E6F2E706E67',X'687474703A2F2F7777772E67726F7570652D636173696E6F2E66722F'),
	(46,1,1,1,X'44616E6F6E65',X'687474703A2F2F776973656D626C792D636F6E74656E742E73332D776562736974652D65752D776573742D312E616D617A6F6E6177732E636F6D2F636C69656E74732D6C6F676F732F64616E6F6E652E706E67',X'687474703A2F2F7777772E64616E6F6E652E636F6D2F'),
	(47,0,0,1,X'44434E53',X'687474703A2F2F776973656D626C792D636F6E74656E742E73332D776562736974652D65752D776573742D312E616D617A6F6E6177732E636F6D2F636C69656E74732D6C6F676F732F64636E732E706E67',X'687474703A2F2F66722E64636E7367726F75702E636F6D2F'),
	(48,0,0,2,X'454247',X'687474703A2F2F776973656D626C792D636F6E74656E742E73332D776562736974652D65752D776573742D312E616D617A6F6E6177732E636F6D2F636C69656E74732D6C6F676F732F6562672E6A7067',X'687474703A2F2F7777772E6562672E6E65742F'),
	(49,0,0,2,X'4C6573204563686F7320436F6E66C3A972656E6365',X'687474703A2F2F776973656D626C792D636F6E74656E742E73332D776562736974652D65752D776573742D312E616D617A6F6E6177732E636F6D2F636C69656E74732D6C6F676F732F6C65736563686F732E706E67',X'687474703A2F2F7777772E6C65736563686F732D636F6E666572656E6365732E66722F'),
	(50,0,0,3,X'4564697469616C6973',X'687474703A2F2F776973656D626C792D636F6E74656E742E73332D776562736974652D65752D776573742D312E616D617A6F6E6177732E636F6D2F636C69656E74732D6C6F676F732F6564697469616C69732E706E67',X'687474703A2F2F7777772E6564697469616C69732E66722F'),
	(51,0,0,4,X'4553435020556E69766572736974C3A9',X'687474703A2F2F776973656D626C792D636F6E74656E742E73332D776562736974652D65752D776573742D312E616D617A6F6E6177732E636F6D2F636C69656E74732D6C6F676F732F657363702E706E67',X'687474703A2F2F7777772E657363706575726F70652E65752F66722F'),
	(52,0,0,2,X'464550454D',X'687474703A2F2F776973656D626C792D636F6E74656E742E73332D776562736974652D65752D776573742D312E616D617A6F6E6177732E636F6D2F636C69656E74732D6C6F676F732F666570656D2E706E67',X'687474703A2F2F7777772E666570656D2E66722F6163637565696C'),
	(53,0,0,2,X'4645524D41',X'687474703A2F2F776973656D626C792D636F6E74656E742E73332D776562736974652D65752D776573742D312E616D617A6F6E6177732E636F6D2F636C69656E74732D6C6F676F732F6665726D612E706E67',X'687474703A2F2F7777772E6665726D612E65752F'),
	(54,0,0,2,X'466564657261746564204D65646961',X'687474703A2F2F776973656D626C792D636F6E74656E742E73332D776562736974652D65752D776573742D312E616D617A6F6E6177732E636F6D2F636C69656E74732D6C6F676F732F666D2E706E67',X'687474703A2F2F7777772E6665646572617465646D656469612E6E65742F'),
	(55,0,1,1,X'474446205375657A',X'687474703A2F2F776973656D626C792D636F6E74656E742E73332D776562736974652D65752D776573742D312E616D617A6F6E6177732E636F6D2F636C69656E74732D6C6F676F732F6764662E706E67',X'687474703A2F2F7777772E6764667375657A2E636F6D2F'),
	(56,1,0,1,X'476F6F676C65',X'687474703A2F2F776973656D626C792D636F6E74656E742E73332D776562736974652D65752D776573742D312E616D617A6F6E6177732E636F6D2F636C69656E74732D6C6F676F732F676F6F676C652E706E67',X'68747470733A2F2F7777772E676F6F676C652E66722F696E746C2F66722F61626F75742F'),
	(57,0,0,1,X'47726F7570616D61',X'687474703A2F2F776973656D626C792D636F6E74656E742E73332D776562736974652D65752D776573742D312E616D617A6F6E6177732E636F6D2F636C69656E74732D6C6F676F732F67726F7570616D612E706E67',X'687474703A2F2F7777772E67726F7570616D612E66722F'),
	(58,0,0,1,X'47726F75706F6E',X'687474703A2F2F776973656D626C792D636F6E74656E742E73332D776562736974652D65752D776573742D312E616D617A6F6E6177732E636F6D2F636C69656E74732D6C6F676F732F67726F75706F6E2E706E67',X'687474703A2F2F7777772E67726F75706F6E2E66722F'),
	(59,0,0,2,X'4861636B20465744',X'687474703A2F2F776973656D626C792D636F6E74656E742E73332D776562736974652D65752D776573742D312E616D617A6F6E6177732E636F6D2F636C69656E74732D6C6F676F732F6861636B6677642E706E67',X'687474703A2F2F6861636B6677642E636F6D2F'),
	(60,0,1,3,X'4861766173',X'687474703A2F2F776973656D626C792D636F6E74656E742E73332D776562736974652D65752D776573742D312E616D617A6F6E6177732E636F6D2F636C69656E74732D6C6F676F732F68617661732E6A7067',X'687474703A2F2F7777772E68617661736576656E742E636F6D2F'),
	(61,0,0,4,X'484543',X'687474703A2F2F776973656D626C792D636F6E74656E742E73332D776562736974652D65752D776573742D312E616D617A6F6E6177732E636F6D2F636C69656E74732D6C6F676F732F6865632E676966',X'687474703A2F2F7777772E6865632E66722F'),
	(62,0,0,2,X'48756220466F72756D',X'687474703A2F2F776973656D626C792D636F6E74656E742E73332D776562736974652D65752D776573742D312E616D617A6F6E6177732E636F6D2F636C69656E74732D6C6F676F732F687562666F72756D2E706E67',X'687474703A2F2F7777772E687562666F72756D2E636F6D2F'),
	(63,0,0,3,X'4944414F53',X'687474703A2F2F776973656D626C792D636F6E74656E742E73332D776562736974652D65752D776573742D312E616D617A6F6E6177732E636F6D2F636C69656E74732D6C6F676F732F6964616F732E706E67',X'687474703A2F2F7777772E6964616F732E636F6D2F'),
	(64,0,0,1,X'49464153',X'687474703A2F2F776973656D626C792D636F6E74656E742E73332D776562736974652D65752D776573742D312E616D617A6F6E6177732E636F6D2F636C69656E74732D6C6F676F732F696661732E706E67',X'687474703A2F2F7777772E696661732E6E65742F'),
	(65,0,0,2,X'496E7465726E6574205765656B204E65772D596F726B',X'687474703A2F2F776973656D626C792D636F6E74656E742E73332D776562736974652D65752D776573742D312E616D617A6F6E6177732E636F6D2F636C69656E74732D6C6F676F732F69776E792E706E67',X'68747470733A2F2F7777772E696E7465726E65747765656B6E792E636F6D2F'),
	(66,0,0,1,X'4B7572742053616C6D6F6E',X'687474703A2F2F776973656D626C792D636F6E74656E742E73332D776562736974652D65752D776573742D312E616D617A6F6E6177732E636F6D2F636C69656E74732D6C6F676F732F6B7572742E706E67',X'687474703A2F2F7777772E6B75727473616C6D6F6E2E636F6D2F'),
	(67,0,0,1,X'4C656E6F766F204672616E6365',X'687474703A2F2F776973656D626C792D636F6E74656E742E73332D776562736974652D65752D776573742D312E616D617A6F6E6177732E636F6D2F636C69656E74732D6C6F676F732F6C656E6F766F2E706E67',X'687474703A2F2F7777772E6C656E6F766F2E636F6D2F'),
	(68,0,1,1,X'4C274F72C3A9616C',X'687474703A2F2F776973656D626C792D636F6E74656E742E73332D776562736974652D65752D776573742D312E616D617A6F6E6177732E636F6D2F636C69656E74732D6C6F676F732F6C6F7265616C2E706E67',X'687474703A2F2F7777772E6C6F7265616C2E66722F'),
	(69,0,0,1,X'4C274F72C3A9616C20555341',X'687474703A2F2F776973656D626C792D636F6E74656E742E73332D776562736974652D65752D776573742D312E616D617A6F6E6177732E636F6D2F636C69656E74732D6C6F676F732F6C6F7265616C75732E706E67',X'687474703A2F2F7777772E6C6F7265616C7573612E636F6D2F'),
	(70,0,0,2,X'4D65646566',X'687474703A2F2F776973656D626C792D636F6E74656E742E73332D776562736974652D65752D776573742D312E616D617A6F6E6177732E636F6D2F636C69656E74732D6C6F676F732F6D656465662E706E67',X'687474703A2F2F7777772E6D656465662E636F6D2F'),
	(71,0,1,1,X'4D6963726F736F6674',X'687474703A2F2F776973656D626C792D636F6E74656E742E73332D776562736974652D65752D776573742D312E616D617A6F6E6177732E636F6D2F636C69656E74732D6C6F676F732F6D6963726F736F66742E706E67',X'687474703A2F2F7777772E6D6963726F736F66742E636F6D2F'),
	(72,0,0,3,X'4D6964656D',X'687474703A2F2F776973656D626C792D636F6E74656E742E73332D776562736974652D65752D776573742D312E616D617A6F6E6177732E636F6D2F636C69656E74732D6C6F676F732F6D6964656D2E676966',X'687474703A2F2F7777772E6D6964656D2E636F6D2F'),
	(73,0,0,3,X'4D69705456',X'687474703A2F2F776973656D626C792D636F6E74656E742E73332D776562736974652D65752D776573742D312E616D617A6F6E6177732E636F6D2F636C69656E74732D6C6F676F732F6D697074762E706E67',X'687474703A2F2F7777772E6D6970776F726C642E636F6D2F6D697074762F'),
	(74,0,0,2,X'4D6F62696C654D6F6E646179',X'687474703A2F2F776973656D626C792D636F6E74656E742E73332D776562736974652D65752D776573742D312E616D617A6F6E6177732E636F6D2F636C69656E74732D6C6F676F732F6D6D6F6E6461792E6A706567',X'687474703A2F2F7777772E6D6F62696C656D6F6E6461796672616E63652E6F72672F'),
	(75,0,0,1,X'4E4253',X'687474703A2F2F776973656D626C792D636F6E74656E742E73332D776562736974652D65752D776573742D312E616D617A6F6E6177732E636F6D2F636C69656E74732D6C6F676F732F6E62732E706E67',X'687474703A2F2F7777772E6E62732D73797374656D2E636F6D2F'),
	(76,0,0,1,X'4E4543',X'687474703A2F2F776973656D626C792D636F6E74656E742E73332D776562736974652D65752D776573742D312E616D617A6F6E6177732E636F6D2F636C69656E74732D6C6F676F732F6E65632E706E67',X'687474703A2F2F7777772E6E65632E66722F'),
	(77,0,0,2,X'4E65744578706C6F726174657572',X'687474703A2F2F776973656D626C792D636F6E74656E742E73332D776562736974652D65752D776573742D312E616D617A6F6E6177732E636F6D2F636C69656E74732D6C6F676F732F6E65746578706C6F7261746575722E706E67',X'687474703A2F2F7777772E6E65746578706C6F2E6F72672F'),
	(78,0,0,1,X'4E595345204575726F6E657874',X'687474703A2F2F776973656D626C792D636F6E74656E742E73332D776562736974652D65752D776573742D312E616D617A6F6E6177732E636F6D2F636C69656E74732D6C6F676F732F6E7973652E706E67',X'68747470733A2F2F6575726F7065616E65717569746965732E6E79782E636F6D2F66722F77656C636F6D65'),
	(79,0,0,1,X'4F62657274687572',X'687474703A2F2F776973656D626C792D636F6E74656E742E73332D776562736974652D65752D776573742D312E616D617A6F6E6177732E636F6D2F636C69656E74732D6C6F676F732F6F626572746875722E706E67',X'687474703A2F2F7777772E6F626572746875722E636F6D2F'),
	(80,1,0,1,X'4F72616E6765',X'687474703A2F2F776973656D626C792D636F6E74656E742E73332D776562736974652D65752D776573742D312E616D617A6F6E6177732E636F6D2F636C69656E74732D6C6F676F732F6F72616E67652E706E67',X'687474703A2F2F6F72616E67652D656E2D6672616E63652E6F72616E67652E66722F'),
	(81,0,0,1,X'50617970616C',X'687474703A2F2F776973656D626C792D636F6E74656E742E73332D776562736974652D65752D776573742D312E616D617A6F6E6177732E636F6D2F636C69656E74732D6C6F676F732F70617970616C2E706E67',X'68747470733A2F2F7777772E70617970616C2E636F6D2F66722F6367692D62696E2F7765627363723F636D643D5F686F6D65'),
	(82,0,0,1,X'506F6C6520456D706C6F69',X'687474703A2F2F776973656D626C792D636F6E74656E742E73332D776562736974652D65752D776573742D312E616D617A6F6E6177732E636F6D2F636C69656E74732D6C6F676F732F70652E706E67',X'687474703A2F2F7777772E706F6C652D656D706C6F692E66722F'),
	(83,0,0,3,X'50726F64656F',X'687474703A2F2F776973656D626C792D636F6E74656E742E73332D776562736974652D65752D776573742D312E616D617A6F6E6177732E636F6D2F636C69656E74732D6C6F676F732F70726F64656F2E706E67',X'687474703A2F2F7777772E70726F64656F2E636F6D2F'),
	(84,0,0,1,X'50726F736F646965',X'687474703A2F2F776973656D626C792D636F6E74656E742E73332D776562736974652D65752D776573742D312E616D617A6F6E6177732E636F6D2F636C69656E74732D6C6F676F732F70726F736F6469652E706E67',X'687474703A2F2F7777772E70726F736F6469652E66722F'),
	(85,0,1,1,X'505341',X'687474703A2F2F776973656D626C792D636F6E74656E742E73332D776562736974652D65752D776573742D312E616D617A6F6E6177732E636F6D2F636C69656E74732D6C6F676F732F7073612E706E67',X'687474703A2F2F7777772E7073612D70657567656F742D636974726F656E2E636F6D2F'),
	(86,0,0,3,X'5075626C696369732047726F757065',X'687474703A2F2F776973656D626C792D636F6E74656E742E73332D776562736974652D65752D776573742D312E616D617A6F6E6177732E636F6D2F636C69656E74732D6C6F676F732F7075626C696369732E706E67',X'687474703A2F2F7777772E7075626C6963697367726F7570652E636F6D2F'),
	(87,0,0,3,X'4C65205075626C69632053797374656D',X'687474703A2F2F776973656D626C792D636F6E74656E742E73332D776562736974652D65752D776573742D312E616D617A6F6E6177732E636F6D2F636C69656E74732D6C6F676F732F7075626C696373797374656D2E706E67',X'687474703A2F2F7777772E6C657075626C696373797374656D652E636F6D2F'),
	(88,0,0,1,X'52656463617473',X'687474703A2F2F776973656D626C792D636F6E74656E742E73332D776562736974652D65752D776573742D312E616D617A6F6E6177732E636F6D2F636C69656E74732D6C6F676F732F726564636174732E706E67',X'687474703A2F2F7777772E726564636174732E636F6D2F'),
	(89,0,0,1,X'524646',X'687474703A2F2F776973656D626C792D636F6E74656E742E73332D776562736974652D65752D776573742D312E616D617A6F6E6177732E636F6D2F636C69656E74732D6C6F676F732F7266662E706E67',X'687474703A2F2F7777772E7266662E66722F6672'),
	(90,0,0,1,X'52686F646961',X'687474703A2F2F776973656D626C792D636F6E74656E742E73332D776562736974652D65752D776573742D312E616D617A6F6E6177732E636F6D2F636C69656E74732D6C6F676F732F72686F6469612E706E67',X'687474703A2F2F7777772E72686F6469612E636F6D2F66722F'),
	(91,1,1,1,X'53616E6F6669',X'687474703A2F2F776973656D626C792D636F6E74656E742E73332D776562736974652D65752D776573742D312E616D617A6F6E6177732E636F6D2F636C69656E74732D6C6F676F732F73616E6F66692E706E67',X'687474703A2F2F7777772E73616E6F66692E66722F'),
	(92,0,0,4,X'536369656E636520506F',X'687474703A2F2F776973656D626C792D636F6E74656E742E73332D776562736974652D65752D776573742D312E616D617A6F6E6177732E636F6D2F636C69656E74732D6C6F676F732F736369656E636573706F2E676966',X'687474703A2F2F7777772E736369656E636573706F2E66722F'),
	(93,0,0,1,X'53656C6F6765722E636F6D',X'687474703A2F2F776973656D626C792D636F6E74656E742E73332D776562736974652D65752D776573742D312E616D617A6F6E6177732E636F6D2F636C69656E74732D6C6F676F732F73656C6F6765722E706E67',X'687474703A2F2F7777772E73656C6F6765722E636F6D2F'),
	(94,0,0,2,X'53696C69636F6E2053656E74696572',X'687474703A2F2F776973656D626C792D636F6E74656E742E73332D776562736974652D65752D776573742D312E616D617A6F6E6177732E636F6D2F636C69656E74732D6C6F676F732F73696C69636F6E73656E746965722E706E67',X'687474703A2F2F73696C69636F6E73656E746965722E6F72672F'),
	(95,0,0,2,X'537461727420496E205061726973',X'687474703A2F2F776973656D626C792D636F6E74656E742E73332D776562736974652D65752D776573742D312E616D617A6F6E6177732E636F6D2F636C69656E74732D6C6F676F732F7369702E706E67',X'687474703A2F2F7777772E7374617274696E70617269732E636F6D2F'),
	(96,0,0,2,X'534D58',X'687474703A2F2F776973656D626C792D636F6E74656E742E73332D776562736974652D65752D776573742D312E616D617A6F6E6177732E636F6D2F636C69656E74732D6C6F676F732F736D782E706E67',X'687474703A2F2F736D786D75656E6368656E2E64652F'),
	(97,1,1,1,X'534E4346',X'687474703A2F2F776973656D626C792D636F6E74656E742E73332D776562736974652D65752D776573742D312E616D617A6F6E6177732E636F6D2F636C69656E74732D6C6F676F732F736E63662E706E67',X'687474703A2F2F7777772E736E63662E636F6D2F66722F'),
	(98,0,1,1,X'536F6465786F',X'687474703A2F2F776973656D626C792D636F6E74656E742E73332D776562736974652D65752D776573742D312E616D617A6F6E6177732E636F6D2F636C69656E74732D6C6F676F732F736F6465786F2E6A7067',X'687474703A2F2F66722E736F6465786F2E636F6D2F'),
	(99,1,1,1,X'536F6C766179',X'687474703A2F2F776973656D626C792D636F6E74656E742E73332D776562736974652D65752D776573742D312E616D617A6F6E6177732E636F6D2F636C69656E74732D6C6F676F732F736F6C7661792E706E67',X'687474703A2F2F7777772E736F6C7661792E66722F'),
	(100,0,0,1,X'536F7265676F72',X'687474703A2F2F776973656D626C792D636F6E74656E742E73332D776562736974652D65752D776573742D312E616D617A6F6E6177732E636F6D2F636C69656E74732D6C6F676F732F736F7265676F722E706E67',X'687474703A2F2F7777772E736F7265676F722E66722F'),
	(101,0,0,3,X'537472617465676963204576656E74',X'687474703A2F2F776973656D626C792D636F6E74656E742E73332D776562736974652D65752D776573742D312E616D617A6F6E6177732E636F6D2F636C69656E74732D6C6F676F732F7374726174656769636576656E742E706E67',X'687474703A2F2F7777772E736576656E742E66722F'),
	(102,0,0,2,X'53746172747570205765656B656E64',X'687474703A2F2F776973656D626C792D636F6E74656E742E73332D776562736974652D65752D776573742D312E616D617A6F6E6177732E636F6D2F636C69656E74732D6C6F676F732F73772E706E67',X'687474703A2F2F737461727475707765656B656E642E6F72672F'),
	(103,0,0,1,X'53796E657267656E6365',X'687474703A2F2F776973656D626C792D636F6E74656E742E73332D776562736974652D65752D776573742D312E616D617A6F6E6177732E636F6D2F636C69656E74732D6C6F676F732F73796E657267656E63652E706E67',X'687474703A2F2F7777772E73796E657267656E63652E636F6D2F'),
	(104,0,0,2,X'546563686372756E63682046522052656D6978',X'687474703A2F2F776973656D626C792D636F6E74656E742E73332D776562736974652D65752D776573742D312E616D617A6F6E6177732E636F6D2F636C69656E74732D6C6F676F732F74636672656D69782E706E67',X'687474703A2F2F66722E746563686372756E63682E636F6D2F'),
	(105,0,1,1,X'544631',X'687474703A2F2F776973656D626C792D636F6E74656E742E73332D776562736974652D65752D776573742D312E616D617A6F6E6177732E636F6D2F636C69656E74732D6C6F676F732F7466312E706E67',X'687474703A2F2F7777772E7466312E66722F'),
	(106,0,0,1,X'4172657661',X'687474703A2F2F776973656D626C792D636F6E74656E742E73332E616D617A6F6E6177732E636F6D2F636C69656E74732D6C6F676F732F61726576612E706E67',X'687474703A2F2F7777772E61726576612E636F6D2F'),
	(107,0,0,1,X'5669636879',X'687474703A2F2F776973656D626C792D636F6E74656E742E73332D776562736974652D65752D776573742D312E616D617A6F6E6177732E636F6D2F636C69656E74732D6C6F676F732F76696368792E676966',X'687474703A2F2F7777772E76696368792E66722F'),
	(108,0,0,3,X'56696C6C6164616CC3A973696126436F',X'687474703A2F2F776973656D626C792D636F6E74656E742E73332D776562736974652D65752D776573742D312E616D617A6F6E6177732E636F6D2F636C69656E74732D6C6F676F732F76696C6C612E706E67',X'687474703A2F2F7777772E76696C6C6164616C65736961616E64636F2E636F6D2F'),
	(109,0,0,1,X'56696E6369204175746F726F75746573',X'687474703A2F2F776973656D626C792D636F6E74656E742E73332D776562736974652D65752D776573742D312E616D617A6F6E6177732E636F6D2F636C69656E74732D6C6F676F732F76696E6369612E706E67',X'687474703A2F2F7777772E76696E63692D6175746F726F757465732E636F6D2F'),
	(110,0,0,1,X'5765617665',X'687474703A2F2F776973656D626C792D636F6E74656E742E73332D776562736974652D65752D776573742D312E616D617A6F6E6177732E636F6D2F636C69656E74732D6C6F676F732F77656176652E706E67',X'687474703A2F2F77656176652E65752F'),
	(111,0,0,2,X'576F6D656E277320466F72756D',X'687474703A2F2F776973656D626C792D636F6E74656E742E73332D776562736974652D65752D776573742D312E616D617A6F6E6177732E636F6D2F636C69656E74732D6C6F676F732F77662E6A7067',X'687474703A2F2F7777772E776F6D656E732D666F72756D2E636F6D2F'),
	(112,0,0,1,X'5961686F6F',X'687474703A2F2F776973656D626C792D636F6E74656E742E73332D776562736974652D65752D776573742D312E616D617A6F6E6177732E636F6D2F636C69656E74732D6C6F676F732F7961686F6F2E706E67',X'687474703A2F2F66722E7961686F6F2E636F6D2F'),
	(113,0,0,1,X'47616C6C6572696573204C6166617965747465',X'687474703A2F2F776973656D626C792D636F6E74656E742E73332D776562736974652D65752D776573742D312E616D617A6F6E6177732E636F6D2F636C69656E74732D6C6F676F732F6C61666179657474652E706E67',X'687474703A2F2F7777772E67616C65726965736C61666179657474652E636F6D2F'),
	(114,0,0,1,X'5361696E742D476F6261696E',X'687474703A2F2F776973656D626C792D636F6E74656E742E73332D776562736974652D65752D776573742D312E616D617A6F6E6177732E636F6D2F636C69656E74732D6C6F676F732F7361696E74676F6261696E2E706E67',X'687474703A2F2F7777772E7361696E742D676F6261696E2E636F6D2F'),
	(115,0,0,3,X'4C6120466F6E6465726965',X'687474703A2F2F776973656D626C792D636F6E74656E742E73332D776562736974652D65752D776573742D312E616D617A6F6E6177732E636F6D2F636C69656E74732D6C6F676F732F666F6E64657269652E706E67',X'687474703A2F2F7777772E6C61666F6E64657269652D6964662E66722F'),
	(116,0,0,1,X'4D6F62697669612047726F757065',X'687474703A2F2F776973656D626C792D636F6E74656E742E73332D776562736974652D65752D776573742D312E616D617A6F6E6177732E636F6D2F636C69656E74732D6C6F676F732F6D6F62697669612E706E67',X'687474703A2F2F7777772E6D6F626976696167726F7570652E636F6D2F'),
	(117,0,0,1,X'4F6C69766965722057796D616E',X'687474703A2F2F776973656D626C792D636F6E74656E742E73332D776562736974652D65752D776573742D312E616D617A6F6E6177732E636F6D2F636C69656E74732D6C6F676F732F6F6C697669657277796D616E2E706E67',X'687474703A2F2F7777772E6F6C6976657277796D616E2E636F6D2F'),
	(118,0,0,3,X'4D616E67616E656C6C69',X'687474703A2F2F776973656D626C792D636F6E74656E742E73332D776562736974652D65752D776573742D312E616D617A6F6E6177732E636F6D2F636C69656E74732D6C6F676F732F6D616E67616E656C6C692E706E67',X'687474703A2F2F7777772E6D616E67616E656C6C692E636F6D2F'),
	(119,0,0,2,X'4D6173682D7570',X'687474703A2F2F776973656D626C792D636F6E74656E742E73332D776562736974652D65752D776573742D312E616D617A6F6E6177732E636F6D2F636C69656E74732D6C6F676F732F6D61736875702E706E67',X'687474703A2F2F7777772E6D6173682D75702E66722F'),
	(120,1,1,1,X'424D57',X'687474703A2F2F776973656D626C792D636F6E74656E742E73332D776562736974652D65752D776573742D312E616D617A6F6E6177732E636F6D2F636C69656E74732D6C6F676F732F626D772E706E67',X'687474703A2F2F7777772E626D772E636F6D2F'),
	(121,1,0,1,X'415841',X'687474703A2F2F776973656D626C792D636F6E74656E742E73332D776562736974652D65752D776573742D312E616D617A6F6E6177732E636F6D2F636C69656E74732D6C6F676F732F6178612E6A7067',X'687474703A2F2F6178612E636F6D'),
	(122,1,0,1,X'416972627573',X'687474703A2F2F776973656D626C792D636F6E74656E742E73332D776562736974652D65752D776573742D312E616D617A6F6E6177732E636F6D2F636C69656E74732D6C6F676F732F6169726275732E6A7067',X'687474703A2F2F7777772E6169726275732E636F6D'),
	(123,1,0,1,X'4C6120506F737465',X'687474703A2F2F776973656D626C792D636F6E74656E742E73332D776562736974652D65752D776573742D312E616D617A6F6E6177732E636F6D2F636C69656E74732D6C6F676F732F6C612D706F7374652E706E67',X'687474703A2F2F7777772E6C61706F7374652E6672'),
	(124,1,0,1,X'44656C6F69747465',X'687474703A2F2F776973656D626C792D636F6E74656E742E73332D776562736974652D65752D776573742D312E616D617A6F6E6177732E636F6D2F636C69656E74732D6C6F676F732F64656C6F697474652E6A7067',X'687474703A2F2F7777772E64656C6F697474652E636F6D'),
	(125,1,0,1,X'4C274F7265616C',X'687474703A2F2F776973656D626C792D636F6E74656E742E73332D776562736974652D65752D776573742D312E616D617A6F6E6177732E636F6D2F636C69656E74732D6C6F676F732F6C6F7265616C2E706E67',X'687474703A2F2F7777772E6C6F7265616C2E636F6D'),
	(126,1,0,1,X'4372C3A96469742041677269636F6C65',X'687474703A2F2F776973656D626C792D636F6E74656E742E73332D776562736974652D65752D776573742D312E616D617A6F6E6177732E636F6D2F636C69656E74732D6C6F676F732F6372656469742D61677269636F6C652E6A7067',X'687474703A2F2F7777772E6372656469742D61677269636F6C652E6672'),
	(127,1,1,1,X'536F63696574C3A92047C3A96EC3A972616C65',X'687474703A2F2F776973656D626C792D636F6E74656E742E73332D776562736974652D65752D776573742D312E616D617A6F6E6177732E636F6D2F636C69656E74732D6C6F676F732F736F63696574652D67656E6572616C652E706E67',X'687474703A2F2F7777772E736F636965746567656E6572616C652E66722F'),
	(128,0,0,1,X'576F726C642053747564656E7420466F72756D',X'687474703A2F2F776973656D626C792D636F6E74656E742E73332E616D617A6F6E6177732E636F6D2F636C69656E74732D6C6F676F732F776F726C6473747564656E74666F72756D2E706E67',X'687474703A2F2F7777772E776F726C6473747564656E74666F72756D2E636F6D2F');

/*!40000 ALTER TABLE `client` ENABLE KEYS */;
UNLOCK TABLES;


# Dump of table client_category
# ------------------------------------------------------------

DROP TABLE IF EXISTS `client_category`;

CREATE TABLE `client_category` (
  `id` int(11) NOT NULL AUTO_INCREMENT,
  `name` varchar(255) COLLATE utf8_bin NOT NULL,
  `icon` varchar(255) COLLATE utf8_bin NOT NULL,
  PRIMARY KEY (`id`)
) ENGINE=InnoDB DEFAULT CHARSET=utf8 COLLATE=utf8_bin;

LOCK TABLES `client_category` WRITE;
/*!40000 ALTER TABLE `client_category` DISABLE KEYS */;

INSERT INTO `client_category` (`id`, `name`, `icon`)
VALUES
	(1,X'456E747265707269736573',X'69636F6E2D627269656663617365'),
	(2,X'4173736F63696174696F6E73',X'69636F6E2D67726F7570'),
	(3,X'4167656E636573',X'69636F6E2D6661636574696D652D766964656F'),
	(4,X'4772616E6465732045636F6C6573202620556E69766572736974C3A973',X'69636F6E2D6265616B6572');

/*!40000 ALTER TABLE `client_category` ENABLE KEYS */;
UNLOCK TABLES;


# Dump of table events
# ------------------------------------------------------------

DROP TABLE IF EXISTS `events`;

CREATE TABLE `events` (
  `id` int(11) unsigned NOT NULL AUTO_INCREMENT,
  `title` varchar(255) CHARACTER SET utf8 COLLATE utf8_bin DEFAULT NULL,
  `date` varchar(255) CHARACTER SET utf8 COLLATE utf8_bin DEFAULT NULL,
  `time` varchar(255) CHARACTER SET utf8 COLLATE utf8_bin DEFAULT NULL,
  `address` varchar(255) CHARACTER SET utf8 COLLATE utf8_bin DEFAULT NULL,
  `description` varchar(255) CHARACTER SET utf8 COLLATE utf8_bin DEFAULT NULL,
  `url` varchar(255) CHARACTER SET utf8 COLLATE utf8_bin DEFAULT NULL,
  `type` varchar(255) CHARACTER SET utf8 COLLATE utf8_bin DEFAULT NULL,
  PRIMARY KEY (`id`)
) ENGINE=InnoDB DEFAULT CHARSET=utf8;



# Dump of table features_event
# ------------------------------------------------------------

DROP TABLE IF EXISTS `features_event`;

CREATE TABLE `features_event` (
  `key` varchar(255) CHARACTER SET utf8 COLLATE utf8_bin NOT NULL,
  `value` text CHARACTER SET utf8 COLLATE utf8_bin NOT NULL,
  UNIQUE KEY `key` (`key`)
) ENGINE=InnoDB DEFAULT CHARSET=latin1;

LOCK TABLES `features_event` WRITE;
/*!40000 ALTER TABLE `features_event` DISABLE KEYS */;

INSERT INTO `features_event` (`key`, `value`)
VALUES
	(X'6576656E745F73656D696E61726965735F64657363',X'436F6E20576973656D626C79206F66667269206C6120706F73736962696C6974C3A020612074757474692069207061727465636970616E746920646920696E74657276656E6972652E20526163636F676C692069206C6F726F20636F6D6D656E7469206520646169206C6F726F20756E20726973636F6E74726F21'),
	(X'6576656E745F73656D696E61726965735F7469746C65',X'466169207061727465636970617265206CE2809961756469656E6365'),
	(X'6576656E745F73747265616D5F6974656D5F315F617574686F72',X'53C3A96261737469656E20462E2076696120656D61696C'),
	(X'6576656E745F73747265616D5F6974656D5F315F74657874',X'45E28099206E65636573736172696F2063616D626961726520696C20746F70206D616E6167656D656E742070657220646976656E74617265206469676974616C693F'),
	(X'6576656E745F73747265616D5F6974656D5F325F617574686F72',X'43C3A96472696320452E20766961206D6F62696C65'),
	(X'6576656E745F73747265616D5F6974656D5F325F74657874',X'457373657265204469676974616C20526561647920706572206C61206E6F7374726120617A69656E6461206E6F6E20C3A820756E61207175657374696F6E6520646920736F70726176766976657265206E656C206D6564696F207465726D696E653F'),
	(X'6576656E745F73747265616D5F6974656D5F335F617574686F72',X'43C3A963696C6520442E2076696120576562'),
	(X'6576656E745F73747265616D5F6974656D5F335F74657874',X'5175656C6C6520706C61636520706F7572206C27696E6E6F766174696F6E2064616E73206C657320736F6369C3A974C3A973206469726967C3A9657320706172206465732070726F66696C7320312E30203F'),
	(X'6576656E745F73747265616D5F6974656D5F345F617574686F72',X'4D6F68616D6564204D2E2076696120547769747465720D0A'),
	(X'6576656E745F73747265616D5F6974656D5F345F74657874',X'496E66696E6520756E612076657261207269666C657373696F6E6520737520756E206D657374696572652063686520706F7472C3A02063616D6269617265E280A62E20556E2070726F636573736F2064692063616D6269616D656E746F206E6F6E2073656D706C696365E280A620427261766921'),
	(X'6576656E745F73747265616D5F6974656D5F355F617574686F72',X'436872697374696E6120442E2076696120534D53'),
	(X'6576656E745F73747265616D5F6974656D5F355F74657874',X'4772617A69652064692074656E657220636F6E746F206469207475747465206C65206E6F7374726520646F6D616E64652C20C3A82067656E69616C6521'),
	(X'666565646261636B5F7375727665795F64657363',X'3C703E4174747261766572736F20756E206D6F64756C6F20696E7465677261746F207065722067656E657261726520736F6E64616767692C20576973656D626C79207469207065726D6574746520646920726163636F676C69657265206920666565646261636B2064656C20707562626C69636F20646972657474616D656E7465206520696E207175616C7369617369206D6F6D656E746F2E204920736F6E646167676920646920576973656D626C7920676172616E746973636F6E6F20756E20746173736F20646920726973706F737461206D6F6C746F20656C657661746F207065726368C3A820736F6E6F20696D6D65646961746920652070726F706F73746920647572616E7465206CE280996576656E746F2E3C2F703E203C703E526163636F676C69206920666565646261636B2064656C20707562626C69636F206164206F676E69206576656E746F206520766572696669636120692074756F692070726F67726573736920737520576973656D626C7920706572206164617474617265206D65676C696F206920636F6E74656E75746920696E206261736520616C6C652061737065747461746976652064656C6CE2809961756469656E63652E203C2F703E'),
	(X'666565646261636B5F7375727665795F6C696E6B',X'536F6E646167676920646920666565646261636B'),
	(X'666565646261636B5F7375727665795F7469746C65',X'52656E646920692074756F69206576656E74692073656D707265206D69676C696F7269'),
	(X'66756C6C73637265656E5F64657363',X'50726F6965747469206920636F6D6D656E74692064656C6CE2809961756469656E63652070657220706F74656E7A69617265206CE28099696E746572617A696F6E652065642065766964656E7A69617265206C65207265617A696F6E692061676C69206172676F6D656E74692074726174746174692E2050756F6920616C7465726E6172652074726120736C696465206520636F6D6D656E74692C20736365676C69657265206C61206D6F64616C6974C3A02064692076697375616C697A7A617A696F6E65206520706572736F6E616C697A7A617265206C612070726F69657A696F6E6520636F6E20692074756F6920636F6C6F7269206520696C2074756F206C6F676F2E'),
	(X'66756C6C73637265656E5F6C696E6B',X'53636865726D6F20696E7465726F'),
	(X'66756C6C73637265656E5F7469746C65',X'50726F696574746920756E6F2073636865726D6F20696E74657261747469766F20616C2031303025'),
	(X'696E746572616374696F6E5F616E616C797369735F6465736331',X'416C6C612066696E65206469206F676E69206576656E746F2C20576973656D626C7920726163636F676C696520656420616E616C697A7A61207475747469206920646174692070657276656E7574693A20646F6D616E64652C20636F6D6D656E74692C20766F74692C206E756D65726F20646569207061727465636970616E74692C20776F726420636C6F75642C206563632E'),
	(X'696E746572616374696F6E5F616E616C797369735F6465736332',X'50756F692076656465726520676C6920686967686C696768742064656C2074756F206576656E746F206174747261766572736F206CE28099696E7465726661636369612067726166696361206564206573706F727461726C6920696E206469766572736920666F726D6174692E'),
	(X'696E746572616374696F6E5F616E616C797369735F6C696E6B',X'416E616C69736920646920696E746572617A696F6E65'),
	(X'696E746572616374696F6E5F616E616C797369735F7469746C65',X'567375616C697A7A6920696C20636F6E74656E75746F2064656C2074756F206576656E746F'),
	(X'6D6F6465726174696F6E5F64657363',X'5365206C6F2064657369646572692C2070756F69206D6F646572617265206920636F6D6D656E74692064612070617274652064656C6CE2809961756469656E636520696E206D6F646F2074616C65206368652076656E67616E6F20707562626C696361746920736F6C6F207175656C6C69206368652074752068616920617070726F7661746F2E205365206861692063616D626961746F20696465612C20706F74726169206D6F646572617265206920636F6D6D656E746920616E63686520646F706F206C61206C6F726F20707562626C6963617A696F6E652E'),
	(X'6D6F6465726174696F6E5F6C696E6B',X'4D6F646572617A696F6E65'),
	(X'6D6F6465726174696F6E5F7469746C65',X'4D6F64657261206920636F6D6D656E74692064612070617274652064656C6CE2809961756469656E6365'),
	(X'6D756C74695F646576696365735F6465736331',X'5065726368C3A82063616D6269617265206C6520616269747564696E692064656C6C61207475612061756469656E636520666163656E646F676C6920757361726520766F7461746F726920616E74697175617469206520696E61666669646162696C693F'),
	(X'6D756C74695F646576696365735F6465736332',X'3C703E5765622C2063656C6C756C6172652C20736D61727470686F6E652C207461626C65742C20547769747465722C20656D61696C2C20534D532C206563632E3C2F703E203C703E576973656D626C792066756E7A696F6E6120636F6E2074757474692069206D6F6465726E6920646973706F7369746976692E3C2F703E'),
	(X'6D756C74695F646576696365735F6465736333',X'49207061727465636970616E746920706F7472616E6E6F20757361726520696C20646973706F73697469766F20636F6E20696C207175616C652073692073656E746F6E6F206469207069C3B92061206C6F726F206167696F20E28093207175656C6C6F206368652073692074726F7661206769C3A0206E656C6C65206C6F726F207461736368652065206E656C6C65206C6F726F20626F7273652E'),
	(X'6D756C74695F646576696365735F6C696E6B',X'4D756C74692D646576696365'),
	(X'6D756C74695F646576696365735F7469746C65',X'576973656D626C792066756E7A696F6E6120646F76756E71756520E280A6206520696E74656E6469616D6F206461767665726F20646F76756E7175652E'),
	(X'716E615F6465736331',X'3C703E53656E7A6120696E746572726F6D70657274692065206772617A69652061692070726F70726920736D61727470686F6E652C206C61207475612061756469656E6365207075C3B220636F6E646976696465726520646F6D616E64652065207265617A696F6E692073696120696E20666F726D6120616E6F6E696D612063686520707562626C6963612E3C2F703E203C703E5072696D6120646920617665722070726F6765747461746F20576973656D626C792061626269616D6F20706172746563697061746F206120646976657273692074697069206469206576656E746F206520696E206F676E756E6F2063E280996572616E6F2073656D70726520706572736F6E652064656C6CE2809961756469656E63652074726F70706F2074696D69646520706572206661726520646F6D616E6465206520616C7472652074726F70706F206C6F676F72726F6963686520636865206E6F6E2066696E6976616E6F206D6169206469207061726C61726521203C2F703E'),
	(X'716E615F6465736332',X'436F6E20576973656D626C79206F676E756E6F207075C3B22065737072696D65727369206520747520706F747261692073656C657A696F6E617265206C6520646F6D616E6465206D69676C696F72692E'),
	(X'716E615F6C696E6B',X'446F6D616E6465206520636F6D6D656E7469'),
	(X'716E615F7469746C65',X'4F6666726920616C6C61207475612061756469656E6365206C6120706F73736962696C6974C3A02064692065737072696D65727369'),
	(X'7175657374696F6E5F616E73776572735F64657363',X'4E61747572616C6D656E74652C20647572616E7465206CE280996576656E746F2C206E6F6E20617672616920696C2074656D706F20646920726973706F6E646572652061207475747465206C6520646F6D616E64652064656C6CE2809961756469656E63652E205065726368C3A8206E6F6E206661726C6F20646972657474616D656E746520737520576973656D626C793F204D656E747265206172726976616E6F2073756C6C6120706961747461666F726D61206F2061646464697269747475726120616E63686520646F706F206CE280996576656E746F2C20706F7472616920636F6E74696E7561726520696C206469616C6F676F20636F6E2069207061727465636970616E7469206564206F666672697265206C6F726F20726973706F73746520736F64646973666163656E74692E'),
	(X'7175657374696F6E5F616E73776572735F6C696E6B',X'526973706F73746520616C6C6520646F6D616E6465'),
	(X'7175657374696F6E5F616E73776572735F7469746C65',X'4D616E7469656E6920696C206469616C6F676F20636F6E206C61207475612061756469656E6365'),
	(X'766F7465735F64657363',X'50657220692074756F69206576656E7469207574696C697A7A6920766F7461746F7269206461206469737472696275697265206164206F676E69207061727465636970616E74653F2044657669207072656E646572746920637572612064656C206E6F6C656767696F2C2064656C206465706F7369746F20652064656C6C612064697374726962757A696F6E653F20506173736120616C206469676974616C652065206C6173636961206368652069207061727465636970616E7469207574696C697A7A696E6F206920646973706F736974697669206368652068616E6E6F206769C3A020696E207461736361206520696E20626F7273612E2045E28099207069C3B920666163696C652C207069C3B92065636F6E6F6D69636F2065207369637572616D656E7465207069C3B9206D6F6465726E6F21'),
	(X'766F7465735F6C696E6B',X'566F74617A696F6E69'),
	(X'766F7465735F7469746C65',X'44696D656E74696361206920766F7461746F726921');

/*!40000 ALTER TABLE `features_event` ENABLE KEYS */;
UNLOCK TABLES;


# Dump of table features_meeting
# ------------------------------------------------------------

DROP TABLE IF EXISTS `features_meeting`;

CREATE TABLE `features_meeting` (
  `key` varchar(255) CHARACTER SET utf8 COLLATE utf8_bin NOT NULL,
  `value` text CHARACTER SET utf8 COLLATE utf8_bin NOT NULL,
  UNIQUE KEY `key` (`key`)
) ENGINE=InnoDB DEFAULT CHARSET=latin1;

LOCK TABLES `features_meeting` WRITE;
/*!40000 ALTER TABLE `features_meeting` DISABLE KEYS */;

INSERT INTO `features_meeting` (`key`, `value`)
VALUES
	(X'6465636973696F6E5F74616B696E675F6465736331',X'3C703E4C65207269756E696F6E6920736F6E6F2069206C756F67686920696465616C6920706572207072656E64657265206465636973696F6E6920636F6E6469766973652E3C2F703E203C703E416C20706F73746F2064692064696C756E6761727369207472612069207061727465636970616E74692073656E7A61207072656E6465726520756E6120636869617261206465636973696F6E652C20706F74726169206F7267616E697A7A61726520756E6120766F74617A696F6E6520737520576973656D626C7920636F6E20756E2073696E676F6C6F20636C69636B2E3C2F703E'),
	(X'6465636973696F6E5F74616B696E675F6465736332',X'3C703E496C20726973756C7461746F20C3A820696D6D65646961746F2E3C2F703E203C703E50756F692074656E6572652074726163636961206469206F676E69206465636973696F6E6520707265736120647572616E7465206C6520747565207269756E696F6E692E3C2F703E'),
	(X'6465636973696F6E5F74616B696E675F6C696E6B',X'7072656E64657265206465636973696F6E69'),
	(X'6465636973696F6E5F74616B696E675F7469746C65',X'5072656E64692076657265206465636973696F6E69206E656C20636F72736F2064656C6C6520747565207269756E696F6E69'),
	(X'646F63756D656E74735F6465736331',X'4E6F6E20C3A8207069C3B9206E65636573736172696F2064657374726567676961727369207472612070726573656E74617A696F6E6920506F77657220506F696E74206520646F63756D656E746920646120696E76696172652076696120656D61696C206169207061727465636970616E74692E'),
	(X'646F63756D656E74735F6465736332',X'45E2809920747574746F206CC3AC2C20646973706F6E6962696C652073756C6C612074756120696E74657266616363696120576973656D626C7920652070756F6920646563696465726520636F6E20756E20736F6C6F20636C69636B20636F73612070726F69657474617265206520636F73612072656E6465726520646973706F6E6962696C6520612074757474692E20492074756F6920636F6E74656E75746920736F6E6F2073696375726920616C2031303025207065726368C3A820736F6C6F20676C69207574656E746920617070726F7661746920706F7472616E6E6F206163636564657276692E'),
	(X'646F63756D656E74735F6C696E6B',X'436F6E6469766973696F6E652064656920646F63756D656E7469'),
	(X'646F63756D656E74735F7469746C65',X'5475747469206920636F6E74656E7574692064656C6C6120747561207269756E696F6E6520696E7369656D6520696E20756E20756E69636F20706F73746F'),
	(X'666565646261636B5F7375727665795F6465736331',X'5065726368C3A8206E6F6E206F7474656E65726520696C206D617373696D6F20646169207061727465636970616E7469206368696564656E646F206C6F726F20756E20666565646261636B20616C6C612066696E652064656C6C61207269756E696F6E653F'),
	(X'666565646261636B5F7375727665795F6465736332',X'436F6E20576973656D626C792070756F69206F7474656E6572652076656C6F63656D656E7465206C65206C6F726F206F70696E696F6E6920737520636F6D6520C3A820616E64617461206C61207269756E696F6E652C20676C69206172676F6D656E74692074726174746174692065206C65206465636973696F6E692070726573652E'),
	(X'666565646261636B5F7375727665795F6465736333',X'496E20706F63686920636C69636B2070756F69206964656E74696669636172652070726F626C656D692069727269736F6C74692065206D69676C696F72617265206C6520747565207269756E696F6E69206675747572652E'),
	(X'666565646261636B5F7375727665795F6C696E6B',X'536F6E646167676920646920666565646261636B'),
	(X'666565646261636B5F7375727665795F7469746C65',X'52656E646920692074756F69206576656E74692073656D707265206D69676C696F7269'),
	(X'6D656574696E675F636F6E6663616C6C735F64657363',X'576973656D626C792061697574612063656E74696E61696120646920617A69656E64652065206F7267616E697A7A617A696F6E692061207072657061726172652C20666163696C6974617265206520616E616C697A7A617265206C65206C6F726F207269756E696F6E69206520636F6E666572656E63652063616C6C2E'),
	(X'6D656574696E675F636F6E6663616C6C735F7469746C65',X'506F74656E7A6961206C6520747565207269756E696F6E69'),
	(X'6D656574696E675F706F6C6C5F63686F6963655F31',X'547574746F207175656C6C6F206368652069206D616E61676572206465766F6E6F2073617065726520737520576973656D626C79'),
	(X'6D656574696E675F706F6C6C5F63686F6963655F32',X'412074757474692069206D616E61676572206368652068616E6E6F206C61206D616E69612064692066617265207269756E696F6E69'),
	(X'6D656574696E675F706F6C6C5F63686F6963655F33',X'496E666F726D617A696F6E65206573636C7573697661207065722069206D616E6167657220696E20616E74696369706F20737569206C6F726F2074656D7069'),
	(X'6D656574696E675F706F6C6C5F7469746C65',X'5175616C20C3A820696C207469746F6C6F2064656C6C612070726F7373696D61206E6577736C65747465723F'),
	(X'6D656574696E675F73747265616D5F6974656D5F315F617574686F72',X'5472697374616E20442E7669612054776974746572'),
	(X'6D656574696E675F73747265616D5F6974656D5F315F74657874',X'436F6D652065766974617265206C612073696E64726F6D65206461207269756E696F6E653F'),
	(X'6D656574696E675F73747265616D5F6974656D5F325F617574686F72',X'4D61746869657520472E766961206D6F62696C65'),
	(X'6D656574696E675F73747265616D5F6974656D5F325F74657874',X'4573742D696C207672616920717565206C6573206361647265732070617373656E7420756E207469657273206465206C6575722074656D707320656E2072C3A9756E696F6E203F'),
	(X'6D656574696E675F73747265616D5F6974656D5F335F617574686F72',X'426170746973746520432E2076696120576562'),
	(X'6D656574696E675F73747265616D5F6974656D5F335F74657874',X'5175616C6920736F6E6F206920766F7374726920636F6E7369676C6920706572206D69676C696F72617265206C61207175616C6974C3A02064656C6C65206E6F73747265207269756E696F6E693F'),
	(X'6D656574696E675F73747265616D5F6974656D5F345F617574686F72',X'52C3A96D7920472E2076696120656D61696C'),
	(X'6D656574696E675F73747265616D5F6974656D5F345F74657874',X'4C61206D616E69612064692066617265207269756E696F6E6920726976656C6120756E2070726F626C656D6120646920636F6D756E6963617A696F6E65'),
	(X'6D656574696E675F73747265616D5F6974656D5F355F617574686F72',X'4761627269656C204D2E2076696120534D53'),
	(X'6D656574696E675F73747265616D5F6974656D5F355F74657874',X'436F6D65206661722070617274656369706172652074757474692073656E7A612073666F72617265206E65692074656D70693F'),
	(X'6D756C74695F646576696365735F646573635F31',X'3C703E5065726368C3A820706572646572652074656D706F20696E207370696567617A696F6E6920696E66696E69746520616C6CE28099696E697A696F2064656C6C6520747565207269756E696F6E693F3C2F703E'),
	(X'6D756C74695F646576696365735F646573635F32',X'3C703E49207061727465636970616E746920736920636F6E6E6574746F6E6F20636F6E20696C20646973706F73697469766F20636865207072656665726973636F6E6F202863656C6C756C6172652C20536D61727470686F6E652C207461626C65742C206F205043292C2073656E7A61206C61206E65636573736974C3A0207265676973747261727369206F2064692073636172696361726520756E20736F6674776172652E3C2F703E203C703E4CE280996163636573736F20C3A820696D6D65646961746F206520696E7475697469766F2E3C2F703E'),
	(X'6D756C74695F646576696365735F646573635F33',X'3C703E4CE280996163636573736F20C3A820696D6D65646961746F206520696E7475697469766F2E3C2F703E'),
	(X'6D756C74695F646576696365735F6C696E6B',X'4D756C74692D646576696365'),
	(X'6D756C74695F646576696365735F7469746C65',X'492074756F69207061727465636970616E746920736F6E6F206769C3A020657175697061676769617469'),
	(X'7175657374696F6E735F616E645F69646561735F6465736331',X'3C703E496E207175616C7369617369206D6F6D656E746F206F676E69207061727465636970616E7465207075C3B22072656167697265206F206661726520756E6120646F6D616E646120696E206D657269746F20616C6CE280996172676F6D656E746F20747261747461746F2C2073656E7A6120696E746572726F6D70657265206C612070726573656E74617A696F6E652E3C2F703E203C703E4E657373756E612069646561206272696C6C616E746520616E6472C3A02070657273612E3C2F703E'),
	(X'7175657374696F6E735F616E645F69646561735F6465736332',X'3C703E49207061727465636970616E74692073692073656E746F6E6F20636F696E766F6C74692065206C65206C6F726F20696465652076656E676F6E6F206173636F6C7461746520647572616E7465206C61207269756E696F6E652E3C2F703E203C703E436869756E717565207075C3B22073656775697265206C61207269756E696F6E652065207265737461726520636F696E766F6C746F2E3C2F703E'),
	(X'7175657374696F6E735F616E645F69646561735F6C696E6B',X'5374696D6F6C612069646565206520646F6D616E6465'),
	(X'7175657374696F6E735F616E645F69646561735F7469746C65',X'492074756F69207061727465636970616E746920736F6E6F20636F696E766F6C7469206520666F63616C697A7A617469'),
	(X'7363686564756C655F6C696E6B',X'50726F6772616D6D61'),
	(X'7363686564756C655F6D656574696E67735F64657363',X'3C703E50726570617261206CE280996167656E64612064656C6C6120747561207269756E696F6E6520696E20626173652061676C69206172676F6D656E7469206368652076657272616E6E6F2074726174746174692E3C2F703E203C703E436F6E6469766964696C6120636F6E206369617363756E6F20646569207061727465636970616E74692E3C2F703E203C703E5469656E6920747261636369612064656C6C6520696465652C20737567676572696D656E74692065206465636973696F6E6920707265736520696E206D657269746F206164206F676E69206172676F6D656E746F2C20636F6E20666163696C6974C3A02E3C2F703E'),
	(X'7363686564756C655F6D656574696E67735F7469746C65',X'4F7267616E697A7A61206C6520747565207269756E696F6E692070756E746F207065722070756E746F'),
	(X'737461746973746963735F646573635F31',X'3C703E576973656D626C79207269636F72646120747574746F207175656C6C6F2063686520C3A820737563636573736F20647572616E7465206C6120747561207269756E696F6E652E3C2F703E'),
	(X'737461746973746963735F646573635F32',X'3C703E54726F76612076656C6F63656D656E746520676C69206172676F6D656E74692064697363757373692C206920646F63756D656E746920636F6E6469766973692C206C6520646F6D616E64652066617474652065206C65206465636973696F6E692070726573652E3C2F703E'),
	(X'737461746973746963735F646573635F33',X'3C703E576973656D626C7920646976656E746120696C20726567697374726F2064656C6C6520747565207269756E696F6E692E3C2F703E'),
	(X'737461746973746963735F6C696E6B',X'53746174697374696368652065207265706F7274'),
	(X'737461746973746963735F7469746C65',X'5469656E692074726163636961206469207475747465206C6520747565207269756E696F6E69');

/*!40000 ALTER TABLE `features_meeting` ENABLE KEYS */;
UNLOCK TABLES;


# Dump of table features_training
# ------------------------------------------------------------

DROP TABLE IF EXISTS `features_training`;

CREATE TABLE `features_training` (
  `key` varchar(255) COLLATE utf8_bin NOT NULL,
  `value` text COLLATE utf8_bin NOT NULL,
  UNIQUE KEY `key` (`key`)
) ENGINE=InnoDB DEFAULT CHARSET=utf8 COLLATE=utf8_bin;

LOCK TABLES `features_training` WRITE;
/*!40000 ALTER TABLE `features_training` DISABLE KEYS */;

INSERT INTO `features_training` (`key`, `value`)
VALUES
	(X'636C61737365735F747261696E696E67735F6465736331',X'576973656D626C79207261767669766120692074756F6920636F72736920646920666F726D617A696F6E6520652061646465737472616D656E746F2E'),
	(X'636C61737365735F747261696E696E67735F6465736332',X'476C692073747564656E746920736920617070726F707269616E6F2064656920636F6E74656E75746920652074752073656775692069206C6F726F2070726F6772657373692E'),
	(X'636C61737365735F747261696E696E67735F7469746C65',X'466F726D617A696F6E6520652061646465737472616D656E746F'),
	(X'646F63756D656E74735F6D616E6167656D656E745F64657363',X'4E6F6E20C3A8207069C3B9206E65636573736172696F2067657374697265206C612064697374726962757A696F6E6520646920506F77657220506F696E74206520646F63756D656E74692061676C692073747564656E74692E20547574746F20C3A820646973706F6E6962696C6520737520756EE28099756E69636120696E7465726661636369612E20436F6E20756E2073696E676F6C6F20636C69636B20C3A820706F73736962696C652070726F69657474617265206F20636F6E6469766964657265207175616C736961736920646F63756D656E746F2E'),
	(X'646F63756D656E74735F6D616E6167656D656E745F6C696E6B',X'47657374696F6E6520646F63756D656E7469'),
	(X'646F63756D656E74735F6D616E6167656D656E745F7469746C65',X'446F63756D656E746920652066696C6520696E7369656D6520696E20756E20756E69636F20706F73746F'),
	(X'6D756C74695F6465766963655F6465736331',X'5065726368C3A82063616D6269617265206C6520616269747564696E69206465692074756F692073747564656E746920666163656E646F676C6920757361726520766F7461746F726920616E74697175617469206520696E61666669646162696C693F'),
	(X'6D756C74695F6465766963655F6465736332',X'3C703E5765622C2063656C6C756C6172692C20736D61727470686F6E652C207461626C65742C20547769747465722C20656D61696C2C20534D532C206563632E3C2F703E203C703E576973656D626C792066756E7A696F6E6120636F6E2074757474692069206D6F6465726E6920646973706F7369746976692E3C2F703E'),
	(X'6D756C74695F6465766963655F6465736333',X'492074756F692073747564656E746920706F7472616E6E6F20757361726520696C20646973706F73697469766F20636F6E20696C207175616C652073692073656E746F6E6F206469207069C3B92061206C6F726F206167696F20E28093207175656C6C6F206368652073692074726F7661206769C3A0206E656C6C65206C6F726F2074617363652065206E656C6C65206C6F726F20626F7273652E'),
	(X'6D756C74695F6465766963655F7469746C65',X'492074756F692073747564656E746920736F6E6F206769C3A020657175697061676769617469'),
	(X'6D756C74695F646576696365735F6C696E6B',X'4D756C74692D646576696365'),
	(X'716E615F64657363',X'3C703E4E657373756E6120646F6D616E6461206F20636F6D6D656E746F20736F6E6F20737475706964692E204F676E6920646F6D616E646120646F76726562626520617665726520756E6120726973706F7374612E3C2F703E203C703E436F6E20576973656D626C7920692074756F692073747564656E746920706F73736F6E6F206661726520646F6D616E646520696E207175616C7369617369206D6F6D656E746F2073656E7A6120696E746572726F6D70657265206C61206C657A696F6E652E3C2F703E203C703E506F73736F6E6F20616E636865207265706C696361726520616C6C652070726573656E74617A696F6E6920646920616C7472692073747564656E7469206564206576656E7475616C6D656E746520636F6E646976696465726520696E666F726D617A696F6E692061676769756E746976652E3C2F703E203C703E50756F69207265706C696361726520616C6C6520646F6D616E646520696E20646972657474612C20616C6C612066696E652064656C6C61206C657A696F6E65206F20737563636573736976616D656E74652073756C2057697A2E3C2F703E'),
	(X'716E615F6C696E6B',X'512641'),
	(X'716E615F7469746C65',X'526973706F6E646920616C6C6520646F6D616E6465206465692074756F692073747564656E7469'),
	(X'7175697A5F6C696E6B',X'5175697A'),
	(X'7175697A7A65735F64657363',X'447572616E7465206C61206C657A696F6E6520726F6D706920696C20676869616363696F20636F6E207175616C636865207175697A2076656C6F63652070657220766572696669636172652063686520676C69206172676F6D656E74692070726573656E74617469207369616E6F2073746174692063617069746920652063686520747574746920737469616E6F20616C20706173736F2E2053652070726570617261746920696E20616E74696369706F2C2069207175697A2061697574616E6F2061206D616E74656E657265206CE28099617474656E7A696F6E65206520726176766976616E6F206C6120666F726D617A696F6E652E'),
	(X'7175697A7A65735F7469746C65',X'5665726966696361206368652074757474692061626269616E6F2063617069746F'),
	(X'73746174735F7265706F7274696E675F6465736331',X'416C6C612066696E65206469206F676E692073657373696F6E652070756F6920616363656465726520616420616E616C697369206465747461676C696174652073756C6C6120747561206C657A696F6E653A206E756D65726F2065207469706F20646920696E746572617A696F6E692C20636F6E74656E75746F2C20707265706172617A696F6E65206465676C692073747564656E74692C20707265706172617A696F6E65206D656469612C206563632E'),
	(X'73746174735F7265706F7274696E675F6465736332',X'3C703E526974726F76617265206C6520646F6D616E64652C206C6520736C6964652065206C65206E6F746520646920756E61206C657A696F6E652074656E757461207175616C636865206D65736520666120C3A820756E2067696F63686F20646120726167617A7A69206520726963686965646520736F6C6F207175616C636865207365636F6E646F2E20416464697269747475726120C3A820706F73736962696C6520E280987269706574657265E28099206C6120737465737361206C657A696F6E652E3C2F703E203C703E576973656D626C7920646976656E746120696C20726567697374726F20646920747574746920692074756F6920636F72736920646920666F726D617A696F6E6520652061646465737472616D656E746F2E3C2F703E'),
	(X'73746174735F7265706F7274696E675F6C696E6B',X'53746174697374696368652065207265706F7274'),
	(X'73746174735F7265706F7274696E675F7469746C65',X'496C20726567697374726F20646920747574746920692074756F6920636F727369'),
	(X'73747564656E74735F6576616C756174696F6E5F6465736331',X'3C703E4E6F6E20646F7672657374692073707265636172652074656D706F207072657A696F736F206120636F7272656767657265207175657374696F6E61726920636F6E207363656C7465206D756C7469706C652E20436F6E20576973656D626C7920C3A820747574746F206175746F6D617469636F2E3C2F703E203C703E4465766920736F6C6F20696D706F7374617265206C652074756520646F6D616E64653A206170657274652C206368697573652073696E676C652C20636869757365206D756C7469706C652C206563632E3C2F703E203C703E476C692073747564656E7469207269706F6E646572616E6E6F20646972657474616D656E746520636F6E2069206C6F726F2074656C65666F6E692C20736D61727470686F6E652C207461626C6574206F2050432E3C2F703E'),
	(X'73747564656E74735F6576616C756174696F6E5F6465736332',X'3C703E4C6120636F7272657A696F6E652061767669656E65206175746F6D61746963616D656E74652E3C2F703E203C703E556E6120766F6C746120636F6E636C75736F20696C207175657374696F6E6172696F2C20676C692073747564656E74692061636365646F6E6F20696D6D6564696174616D656E7465206169206C6F726F20726973756C74617469206520616C6C61206C697374612064656C6C6520726973706F73746520636F7272657474652E3C2F703E203C703E54752070756F6920616363656465726520616C6C6520726973706F737465206469206F676E692073696E676F6C6F2073747564656E7465206520616C6C612076616C7574617A696F6E652067656E6572616C652064656C6C6120636C617373652E3C2F703E'),
	(X'73747564656E74735F6576616C756174696F6E5F6C696E6B',X'466565646261636B2073747564656E7469'),
	(X'73747564656E74735F6576616C756174696F6E5F7469746C65',X'496C2074756F20666565646261636B207669656E6520636F72726574746F206175746F6D61746963616D656E7465'),
	(X'747261696E696E675F6576616C756174696F6E5F64657363',X'3C703E50756F692063686965646572652061676C692073747564656E746920756E20666565646261636B2073756C6C61206C657A696F6E652E203C2F703E203C703E4920726973756C746174692076656E676F6E6F20726163636F6C746920646972657474616D656E74652073756C6C6120706961747461666F726D612C2073656E7A61206C61206E65636573736974C3A020646920646F7665726C69207269636F706961726520646120756E206D6F64756C6F20696E2063617274612E205475747469206920726973756C7461746920706F73736F6E6F20657373657265206573706F727461746920696E20666F726D61746F20457863656C2E3C2F703E203C703E50756F69206F7474656E65726520756E612070616E6F72616D69636120636F6D706C6574612073756C6C6120636C61737365206520696E2066757475726F20616464617474617265206920636F6E74656E75746920616666696E6368C3A820696E636F6E7472696E6F206C6520617370657474617469766520646569207061727465636970616E74692E3C2F703E'),
	(X'747261696E696E675F6576616C756174696F6E5F7469746C65',X'4D69676C696F726120692074756F6920636F727369206772617A69652061692074756F692073747564656E7469'),
	(X'747261696E696E675F706F6C6C5F63686F6963655F31',X'556E6120736F6C757A696F6E6520636F6C6C61626F72617469766120706572207269756E696F6E6920617A69656E64616C69'),
	(X'747261696E696E675F706F6C6C5F63686F6963655F32',X'556E2073697374656D6120646920766F74617A696F6E65'),
	(X'747261696E696E675F706F6C6C5F63686F6963655F33',X'556E20736F6369616C206E6574776F726B2070726F66657373696F6E616C65'),
	(X'747261696E696E675F706F6C6C5F7469746C65',X'43686520636F73612072617070726573656E746120576973656D626C792070657220766F693F'),
	(X'747261696E696E675F73747265616D5F6974656D5F315F617574686F72',X'596F616E6E204C2E20766961206D6F62696C65'),
	(X'747261696E696E675F73747265616D5F6974656D5F315F74657874',X'436F6D65207369207075C3B2206D69737572617265206CE28099696E666C75656E7A6120646920696E7465726E657420737520756E20616371756973746F3F'),
	(X'747261696E696E675F73747265616D5F6974656D5F325F617574686F72',X'4C75646F76696320422E2076696120534D53'),
	(X'747261696E696E675F73747265616D5F6974656D5F325F74657874',X'477265676F72792C207175616E746F20636F73746120756E612063616D7061676E6120766972616C65206520636F6D652073692073636F6D706F6E676F6E6F20676C6920696E76657374696D656E74693F'),
	(X'747261696E696E675F73747265616D5F6974656D5F335F617574686F72',X'436861726C6F74746520422E2076696120656D61696C'),
	(X'747261696E696E675F73747265616D5F6974656D5F335F74657874',X'49206D6172636869206E6F6E2065766974616E6F206920666F72756D207065726368C3A920696E636170616369206469206D6973757261726E6520696C20636F6E74656E75746F3F20287269736368692064692062757A7A206E65676174697669E280A629'),
	(X'747261696E696E675F73747265616D5F6974656D5F345F617574686F72',X'416D6175727920442E20766961206D6F62696C65'),
	(X'747261696E696E675F73747265616D5F6974656D5F345F74657874',X'5175616E746F20636F737461207376696C75707061726520756EE280996170706C6963617A696F6E65206469207175616C6974C3A02070657220756E206D61726368696F3F'),
	(X'747261696E696E675F73747265616D5F6974656D5F355F617574686F72',X'4A756C657320422E2076696120776562'),
	(X'747261696E696E675F73747265616D5F6974656D5F355F74657874',X'4365727469206D617263686920636F6D65204170706C652073656D6272616E6F20617665726520756E61207665726120616666696E6974C3A020636F6E2069206C6F726F20636F6E73756D61746F72693B206369C3B22061767669656E65206772617A696520616920736F6369616C206D656469613F'),
	(X'747261696E696E67735F6576616C756174696F6E5F6C696E6B',X'56616C7574617A696F6E692064656920636F727369');

/*!40000 ALTER TABLE `features_training` ENABLE KEYS */;
UNLOCK TABLES;


# Dump of table history
# ------------------------------------------------------------

DROP TABLE IF EXISTS `history`;

CREATE TABLE `history` (
  `id` int(11) NOT NULL AUTO_INCREMENT,
  `date` varchar(255) COLLATE utf8_bin NOT NULL,
  `title` varchar(255) COLLATE utf8_bin NOT NULL,
  `description` text COLLATE utf8_bin,
  `link` varchar(255) COLLATE utf8_bin DEFAULT NULL,
  `image` varchar(255) COLLATE utf8_bin DEFAULT NULL,
  PRIMARY KEY (`id`)
) ENGINE=InnoDB DEFAULT CHARSET=utf8 COLLATE=utf8_bin;

LOCK TABLES `history` WRITE;
/*!40000 ALTER TABLE `history` DISABLE KEYS */;

INSERT INTO `history` (`id`, `date`, `title`, `description`, `link`, `image`)
VALUES
	(1,X'4A75696E2032303130',X'42616C6C6F6F6E2065737420666F6E64C3A92070617220416E647265C3AF2C2050696572726520657420526F6D61696E',X'4CE280996964C3A9652064652064C3A9706172742064652042616C6C6F6F6E20C3A97461697420756E2072C3A97365617520736F6369616C2067C3A96F6C6F63616C6973C3A92E20536F6E20627574203A207065726D657474726520C3A0206465732067656E732073652074726F7576616E742064616E7320756E206DC3AA6D65206C6965752064E28099C3A96368616E67657220646573206D6573736167657320646570756973206C6575722074C3A96CC3A970686F6E6520706F727461626C652E3C62722F3E3C62722F3E0D0A0D0A417072C3A87320706C75736965757273207068617365732064652074657374206C6F72732064652063616D7061676E657320C3A974756469616E7465732C20666F72756D7320656E747265707269736573206F7520736F6972C3A9652C2042616C6C6F6F6E20657374207574696C6973C3A9206C6F72732064E28099756E6520636F6E66C3A972656E6365207065726D657474616E7420617578207061727469636970616E74732065742061757820696E74657276656E616E74732064E28099C3A96368616E676572206427756E65206D616E69C3A8726520636F6D706CC3A874656D656E74206E6F7576656C6C652E3C62722F3E3C62722F3E0D0A0D0A42616C6C6F6F6E2074656C207175E28099696C206578697374652061756A6F757264E2809968756920C3A974616974206EC3A92E',NULL,X'687474703A2F2F776973656D626C792E636F6D2F7374617469632F696D672D73746F72792F73746F7279312E6A7067'),
	(2,X'416FC3BB742032303130',X'4775696C6C61756D6520616363657074652064652073E280996173736F6369657220C3A02042616C6C6F6F6E2065742064657669656E742043544F',X'53756974652061752064C3A970617274206465205069657272652C204775696C6C61756D65207669656E7420636F6D706CC3A8746572206CE28099C3A97175697065206574207365206D6574206175207472617661696C20706F75722064C3A976656C6F70706572206C61206E6F7576656C6C652076657273696F6E2064652042616C6C6F6F6E2E',NULL,X'687474703A2F2F776973656D626C792E636F6D2F7374617469632F696D672D73746F72792F73746F7279322E6A7067'),
	(3,X'53657074656D6272652032303130',X'496E74C3A967726174696F6E20C3A0206CE28099696E63756261746575722064E28099484543',X'537569746520C3A020756E652072656E7472C3A9652072C3A975737369652065742061752073756363C3A873206465206C61206E6F7576656C6C652076657273696F6E2C2042616C6C6F6F6E20696E74C3A8677265206CE28099696E63756261746575722064E2809948454320706F757220756E6520616E6EC3A9652064E280996163636F6D7061676E656D656E742E',X'687474703A2F2F7777772E6865632E66722F696E63756261746575722D6865632F',X'687474703A2F2F776973656D626C792E636F6D2F7374617469632F696D672D73746F72792F73746F7279332E6A706567'),
	(4,X'4D6172732032303131',X'4C616E63656D656E74206465206C612076657273696F6E20656E206C69676E652064652042616C6C6F6F6E',X'42616C6C6F6F6E2065737420646973706F6E69626C6520646972656374656D656E7420656E206C69676E652065742064657669656E74207574696C697361626C65206465206D616E69C3A87265206175746F6E6F6D6520706172206E6F7320636C69656E74732E2043E28099657374206C652064C3A96275742064652063656E7461696E65732064E28099C3A976C3A96E656D656E74732072C3A9616C6973C3A97320C3A02074726176657273206C65206D6F6E64652073616E73206E6F74726520696E74657276656E74696F6E20646972656374652E',NULL,X'687474703A2F2F776973656D626C792E636F6D2F7374617469632F696D672D73746F72792F53746F7279342E706E67'),
	(5,X'53657074656D6272652032303131',X'4C61203130302030303020C3A86D65207175657374696F6E2065737420706F73C3A965207375722042616C6C6F6F6E',X'31303020303030207175657374696F6E73206F6E7420C3A974C3A920706F73C3A96573207375722042616C6C6F6F6E20656E20756E2070657520706C75732064E28099756E20616E2E20556E6520C3A97461706520696D706F7274616E746520706F757220746F757465206CE28099C3A9717569706520717569206D6F6E747265206C65206368616E67656D656E74207175E2809961206170706F7274C3A92042616C6C6F6F6E2064616E73206C657320C3A976C3A96E656D656E7473206465206E6F7320636C69656E74732E',NULL,X'687474703A2F2F776973656D626C792E636F6D2F7374617469632F696D672D73746F72792F73746F7279352E6A706567'),
	(6,X'46C3A976726965722032303132',X'42616C6C6F6F6E2073E28099616772616E646974',X'42616C6C6F6F6E20656D6DC3A96E61676520313020727565207468C3A972C3A873652C20C3A02064657578207061732064E280994F70C3A972612C20706F7572206163637565696C6C6972206C6573203130206D656D62726573206465206CE28099C3A971756970652E',NULL,X'687474703A2F2F776973656D626C792E636F6D2F7374617469632F696D672D73746F72792F73746F7279362E6A706567'),
	(7,X'4D61692032303132',X'4C65206368616E67656D656E742C2063E28099657374206D61696E74656E616E74',X'4C616E63656D656E74206465206C61206E6F7576656C6C652076657273696F6E2064652042616C6C6F6F6E20706F7274C3A96520706172206C657320746F75746573206465726E69C3A872657320696E6E6F766174696F6E7320746563686E6F6C6F676971756573203A2053796D666F6E793220706F7572206C65206672616D65776F726B205048502C204261636B626F6E656A7320706F7572206C27696E74C3A972616374696F6E206170706C6963617469766520636C69656E74206574206475207075736820656E2074656D70732072C3A9656C2076696120736F636B65742E696F206574206E6F64652E6A732E',NULL,X'687474703A2F2F776973656D626C792E636F6D2F7374617469632F696D672D73746F72792F73746F7279372E6A706567'),
	(8,X'53657074656D6272652032303132',X'42616C6C6F6F6E2064657669656E7420576973656D626C79',X'42616C6C6F6F6E2064657669656E7420576973656D626C792065742073E2809961747461717565206175206D61726368C3A9206465206C6120666F726D6174696F6E206574206465732072C3A9756E696F6E732070726F66657373696F6E6E656C6C65732E',NULL,X'687474703A2F2F776973656D626C792E636F6D2F7374617469632F6C6F676F2E706E67');

/*!40000 ALTER TABLE `history` ENABLE KEYS */;
UNLOCK TABLES;


# Dump of table homepage
# ------------------------------------------------------------

DROP TABLE IF EXISTS `homepage`;

CREATE TABLE `homepage` (
  `key` varchar(255) CHARACTER SET utf8 COLLATE utf8_bin NOT NULL,
  `value` text CHARACTER SET utf8 COLLATE utf8_bin NOT NULL,
  UNIQUE KEY `key` (`key`)
) ENGINE=InnoDB DEFAULT CHARSET=latin1;

LOCK TABLES `homepage` WRITE;
/*!40000 ALTER TABLE `homepage` DISABLE KEYS */;

INSERT INTO `homepage` (`key`, `value`)
VALUES
	(X'646973636F7665725F6F75725F68617070795F636C69656E7473',X'4563636F2069206E6F73747269203C7374726F6E673E3430303C2F7374726F6E673E20636C69656E746920736F6464697366617474692065206C65206C6F726F206F70696E696F6E69'),
	(X'646973636F7665725F776973656D626C795F666F72',X'576973656D626C7920C3A8206CE28099696465616C65207065723A'),
	(X'6576656E7473',X'4576656E7469'),
	(X'666F726D6174696F6E73',X'547261696E696E67206520666F726D617A696F6E65'),
	(X'686F6D65706167655F626173656C696E65',X'576973656D626C7920C3A820756E6120736F6C757A696F6E65207765622026206D6F62696C6520706572207072657061726172652C2067657374697265206520636F6E74726F6C6C617265206C6520747565207269756E696F6E692E'),
	(X'686F6D65706167655F706F6C6C5F63686F6963655F31',X'446569206461746920636F6E6372657469'),
	(X'686F6D65706167655F706F6C6C5F63686F6963655F32',X'556E612063686961726120766973696F6E6520676C6F62616C65'),
	(X'686F6D65706167655F706F6C6C5F63686F6963655F33',X'556E6120726F61646D61702070726563697361'),
	(X'686F6D65706167655F706F6C6C5F7175657374696F6E',X'43686520636F7361207669206173706574746174652064616C6C612070726573656E74617A696F6E65206469206F6767693F'),
	(X'686F6D65706167655F7469746C65',X'5269756E696F6E6920636F6C6C61626F726174697665'),
	(X'6D656574696E6773',X'5269756E696F6E69'),
	(X'71756F74655F64696173',X'5475747469207175616E74692068616E6E6F2061707072657A7A61746F20576973656D626C793A20C3A820756E206E756F766F206D6F646F20646920696E7465726167697265205B2E2E2E5D576973656D626C79207469207065726D6574746520646920616E64617265206F6C747265206C612070726573656E74617A696F6E65206520696E697A69617265206C6120636F6E76657273617A696F6E652E'),
	(X'74657374696D6F6E69616C73',X'54657374696D6F6E69616C');

/*!40000 ALTER TABLE `homepage` ENABLE KEYS */;
UNLOCK TABLES;


# Dump of table messages
# ------------------------------------------------------------

DROP TABLE IF EXISTS `messages`;

CREATE TABLE `messages` (
  `key` varchar(255) COLLATE utf8_bin NOT NULL,
  `value` text COLLATE utf8_bin NOT NULL,
  UNIQUE KEY `key` (`key`)
) ENGINE=InnoDB DEFAULT CHARSET=utf8 COLLATE=utf8_bin;

LOCK TABLES `messages` WRITE;
/*!40000 ALTER TABLE `messages` DISABLE KEYS */;

INSERT INTO `messages` (`key`, `value`)
VALUES
	(X'61626F7574',X'496E666F'),
	(X'61626F75745F696E5F7468655F7072657373',X'4C61207374616D7061'),
	(X'61626F75745F6F75725F73746F7279',X'4C61206E6F737472612073746F726961'),
	(X'61626F75745F70726573735F706167655F64657363',X'43616E74616E6F206C65206E6F73747265206C6F6469'),
	(X'61626F75745F70726573735F706167655F7469746C65',X'4469636F6E6F206469206E6F69'),
	(X'61626F75745F7265736F7572636573',X'5269736F727365'),
	(X'61626F75745F7465616D5F706167655F64657363',X'496C206D69676C696F72207465616D206120506172696769'),
	(X'61626F75745F7465616D5F706167655F7469746C65',X'496C206E6F7374726F207465616D'),
	(X'61626F75745F7468655F7465616D',X'496C207465616D'),
	(X'61626F75745F776973656D626C795F706167655F64657363',X'436F73C3AC20747574746F20696E697A69C3B2E280A6'),
	(X'61626F75745F776973656D626C795F706167655F7469746C65',X'496E666F20576973656D626C79'),
	(X'617069',X'41504973'),
	(X'61736B5F666F725F71756F7465',X'43686965646920756EE280996F666665727461'),
	(X'6261636B',X'496E64696574726F'),
	(X'63616C6C5F7573',X'436869616D616369'),
	(X'636173655F636F6E746578745F7469746C65',X'436F6E746573746F'),
	(X'636173655F726573756C74735F7469746C65',X'4920726973756C74617469'),
	(X'636173655F73747564696573',X'43617365207374756479'),
	(X'636173655F737475646965735F676C6F62616C5F706167655F64657363',X'576973656D626C792061697574612063656E74696E61696120646920617A69656E64652061206D69676C696F72617265206C612070726F6475747469766974C3A02C20637265616E646F20636F6C6C61626F72617A696F6E65206E656C6C65206C6F726F207269756E696F6E692E'),
	(X'636173655F737475646965735F676C6F62616C5F706167655F7469746C65',X'46616920636F6D652069206E6F7374726920636C69656E746920652072656E6469206C6520747565207269756E696F6E69207069C3B92070726F64757474697665'),
	(X'636173655F737475646965735F6D656E755F7469746C65',X'43617365207374756479'),
	(X'636173655F75736167655F7469746C65',X'436F6D6520C3A820737461746F20757361746F20576973656D626C793F'),
	(X'63686F6F73655F796F75725F77697A',X'536365676C6920696C2074756F2057697A'),
	(X'63686F6F73655F796F75725F77697A5F68656C70',X'536520736920646973706F6E6520646920756E6F206F207069C3B9206576656E74692C207369207061676120696C206D65736520652073656E7A6120616C63756E20696D7065676E6F2E20C3882073656D706C696365206520666C6573736962696C6521'),
	(X'636C61737365735F616E5F747261696E696E67735F6D656E755F7469746C65',X'436F72736920652061646465737472616D656E746F'),
	(X'636C69656E7473',X'436C69656E7469'),
	(X'636C69656E74735F706167655F64657363',X'2046656C69636520636F6E20576973656D626C79'),
	(X'636C69656E74735F706167655F7469746C65',X'4E6F7374726920636C69656E7469'),
	(X'636F6D70616E79',X'417A69656E6461'),
	(X'636F6E74616374',X'436F6E746174746F'),
	(X'636F6E746163745F666F756E64657273',X'436F6E7461747461206920666F6E6461746F7269'),
	(X'636F6E746163745F706167655F626173656C696E65',X'56756F6920756EE280996F66666572746120696D6D6564696174613F2048616920756E6120646F6D616E64613F20546920726973706F6E646572656D6F2073756269746F2E'),
	(X'636F6E746163745F706167655F64657363',X'56756F69206D616767696F726920696E666F726D617A696F6E693F20566F72726573746920756EE280996F666665727461206465747461676C696174613F20436F6E746174746163692C207369616D6F2071756920706572206169757461727469206520746920726973706F6E646572656D6F2073756269746F2E'),
	(X'636F6E746163745F706167655F7469746C65',X'436F6E74617474616369'),
	(X'636F6E746163745F75735F6E756D626572',X'436F6E7461747461636920616C206E2E203C7374726F6E673E256E756D626572253C2F7374726F6E673E'),
	(X'646576656C6F70657273',X'5376696C75707061746F7269'),
	(X'656D61696C',X'456D61696C'),
	(X'656D61696C5F73656E745F6572726F72',X'4E6F6E20C3A820737461746F20706F73736962696C6520696E766961726520756E6120652D6D61696C2C20766920707265676869616D6F20646920636F6E746174746172636920646972657474616D656E746520616C3C6120687265663D276D61696C746F3A636F6E7461637440776973656D626C792E636F6D3F7375626A6563743D6D65737361676520646520776973656D626C792E636F6D273E636F6E7461637440776973656D626C792E636F6D3C2F613E'),
	(X'656D61696C5F73656E745F73756363657373',X'4772617A69652C2061626269616D6F20726963657675746F20756E6120652D6D61696C2C20766920726973706F6E646572656D6F20616C207069C3B92070726573746F20706F73736962696C6521'),
	(X'6576656E745F6B6579776F7264',X'5061726F6C6120636869617665'),
	(X'6576656E7473',X'4576656E7469'),
	(X'6576656E74735F6166746572776F726B73',X'4166746572776F726B73'),
	(X'6576656E74735F616E645F73656D696E61726965735F6D656E755F7469746C65',X'4576656E746920652073656D696E617269'),
	(X'6576656E74735F626173656C696E65',X'556E697273692061206E6F69207065722069206E6F73747269206576656E7469'),
	(X'6576656E74735F627265616B6661737473',X'436F6C617A696F6E69'),
	(X'6576656E74735F706173736564',X'4576656E74692070617373617469'),
	(X'6576656E74735F776562696E617273',X'576562696E617273'),
	(X'667265655F747269616C',X'50726F7661206F7261'),
	(X'667265655F747269616C5F696E63656E74697665',X'46616920756E612070726F766120677261747569746120646920576973656D626C792073656E7A61207573617265206C61206361727461206469206372656469746F2E'),
	(X'66756C6C6E616D65',X'4E6F6D6520636F6D706C65746F'),
	(X'676F746F5F617070',X'476F20746F20746865206170706C69636174696F6E'),
	(X'686561645F6F66666963655F61646472657373',X'373320626F756C6576617264205374204765726D61696E203C62722F3E3735303035205061726973204672616E6365'),
	(X'686F6D65706167655F736C6964655F696E666F',X'5072C3A973656E746174696F6E20576973656D626C792E707074'),
	(X'696E63656E746976655F746F5F636F6E746163745F666F725F70726963696E67',X'436F6E74617474617465636920706572206C652074617269666665206469206162626F6E616D656E746F'),
	(X'6A6F6273',X'4F70706F7274756E6974C3A0206469206C61766F726F'),
	(X'6A6F62735F706167655F626173656C696E65',X'496E20576973656D626C7920737469616D6F20636F73747275656E646F20756E2070726F646F74746F20636F6E2065207065722069206E6F7374726920636C69656E74692E2056756F6920617070726F666F6E646972653F'),
	(X'6A6F62735F706167655F626173656C696E655F64657363',X'3C703E5365677569206C65207475652070617373696F6E692065206C61766F72612070657220576973656D626C792E204E6F69206E6F6E20617373756D69616D6F206C6520706572736F6E6520696E206261736520616C206C6F726F2043562C206E6F6E207369616D6F20696E74657265737361746920616C2074756F206469706C6F6D61206F2061207175656C6C6F20636865206469636576616E6F20646920746520676C6920696E7365676E616E746920616C6C65207375706572696F72692E20537469616D6F2063657263616E646F20706572736F6E6520656E74757369617374652C2070726F626C656D20736F6C7665722C20706572736F6E652063686520616D696E6F206C6520736669646520652063686520766F676C69616E6F20637265617265207175616C636F7361206469206772616E64652E20546920636920726974726F76693F20456E747261206E656C6C61206E6F73747261207371756164726121203C2F703E'),
	(X'6A6F62735F706167655F64657363',X'537469616D6F2063616D6269616E646F20696C206D6F646F20646920666172207269756E697265206520636F6C6C61626F72617265206C6520706572736F6E65'),
	(X'6A6F62735F706167655F6C6F636174696F6E5F7469746C65',X'4E656C2063656E74726F20646920506172696769206170726920696C206D6F6E646F20696E7465726F'),
	(X'6A6F62735F706167655F6F70656E5F706F736974696F6E735F7469746C65',X'5065726368C3A8206C61766F7261726520696E20576973656D626C793F'),
	(X'6A6F62735F706167655F7469746C65',X'4C61766F726120696E20576973656D626C79'),
	(X'6A6F62735F706167655F7768795F776973656D626C795F64657363',X'3C703E496E20576973656D626C79206C61207072696F726974C3A020C3A8206469206F7474656E65726520696C2067697573746F20657175696C696272696F2074726120766974612065206C61766F726F2E205269756E696F6E69206469207465616D2073657474696D616E616C692C20626972726120696C2056656E657264C3AC2C207465616D2D6275696C64696E672C207469636B65742D72657374617572616E74206520756E6F20736368656D6120617A69656E64616C652073616E6F2E20547574746920692076616E746167676920646920756E61206D756C74696E617A696F6E616C6520696E20756E612073746172742D7570207061726967696E6120646920737563636573736F21203C2F703E'),
	(X'6A6F62735F706167655F7768795F776973656D626C795F7469746C65',X'5065726368C3A8206C61766F7261726520696E20576973656D626C793F'),
	(X'6A6F696E5F616E5F6576656E74',X'456E74726120696E20756E206576656E746F'),
	(X'6A6F696E5F6576656E745F627574746F6E',X'456E747261'),
	(X'6A6F75726E616C697374735F646F776E6C6F61645F6B69745F627574746F6E',X'5363617269636174656C6920717569'),
	(X'6A6F75726E616C697374735F646F776E6C6F61645F6B69745F7469746C65',X'47696F726E616C6973746920E28093206365726361746520696D6D6167696E69206F20666F746F67726166696520706572206920766F737472692061727469636F6C693F'),
	(X'6C6F67696E',X'4C6F67696E'),
	(X'6C6F67696E5F627574746F6E',X'4C6F67696E'),
	(X'6C6F676F',X'4C6F676F'),
	(X'6C6F6F6B696E675F666F725F736F6D657468696E675F656C7365',X'4E6F6E2074726F7669206369C3B2206368652073746176692063657263616E646F3F'),
	(X'6D656574696E67735F616E645F636F6E6663616C6C735F6D656E755F7469746C65',X'5269756E696F6E69206520636F6E666572656E63652063616C6C'),
	(X'6D6F72655F696E666F726D6174696F6E',X'5269636869656469207069C3B920696E666F726D617A696F6E69'),
	(X'6F66666963655F61646472657373',X'313020727565207468C3A972C3A87365203C62722F3E3735303031205061726973204672616E6365'),
	(X'6F66666963655F686F757273',X'3C7020636C6173733D276C6162656C273E4F666669636520686F7572733C2F703E203C7020636C6173733D27686F757273273E4475206C756E64692061752076656E64726564693C2F703E203C7020636C6173733D27686F757273273E446520396820C3A0203230683C2F703E'),
	(X'6F7267616E697A6572',X'50726F6D6F746F7265'),
	(X'6F74686572',X'416C74726F'),
	(X'6F75725F636C69656E74735F6D656E755F7469746C65',X'4E6F7374726920636C69656E7469'),
	(X'7061727469636970616E74',X'7061727465636970616E7465'),
	(X'70617373776F7264',X'50617373776F7264'),
	(X'70686F6E655F6E756D626572',X'54656C65666F6E6F'),
	(X'7069637475726573',X'496D6D6167696E69'),
	(X'706C616E5F636C61737365735F747261696E696E675F626173656C696E65',X'506572666574746F2070657220636F6E666572656E7A6520652073656D696E617269'),
	(X'706C616E5F636C61737365735F747261696E696E675F6974656D73',X'3C6C693E203C6920636C6173733D276C6973742D646F74273E3C2F693E205175697A206520666565646261636B203C2F6C693E203C6C693E203C6920636C6173733D276C6973742D646F74273E3C2F693E20436F6E6469766973696F6E6520652076697375616C697A7A617A696F6E6520646F63756D656E7469203C2F6C693E203C6C693E203C6920636C6173733D276C6973742D646F74273E3C2F693E205374617469737469636865206520636C61737369666963686520646569207061727465636970616E7469203C2F6C693E'),
	(X'706C616E5F636C61737365735F747261696E696E675F7469746C65',X'466F726D617A696F6E6520652061646465737472616D656E746F'),
	(X'706C616E5F64656D6F5F76657273696F6E5F666F6F746E6F746573',X'50726F76612067726174756974612E204E6F6E206327C3A8206269736F676E6F206469206361727461206469206372656469746F2E'),
	(X'706C616E5F6576656E74735F73656D696E61726965735F626173656C696E65',X'506572666574746F2070657220636F6E666572656E7A6520652073656D696E617269'),
	(X'706C616E5F6576656E74735F73656D696E61726965735F6974656D73',X'3C6C693E203C6920636C6173733D276C6973742D646F74273E3C2F693E20512641203C2F6C693E203C6C693E203C6920636C6173733D276C6973742D646F74273E3C2F693E20534D532C20547769747465722C20766F74617A696F6E69203C2F6C693E203C6C693E203C6920636C6173733D276C6973742D646F74273E3C2F693E204D6F646572617A696F6E65206520706572736F6E616C697A7A617A696F6E65203C2F6C693E'),
	(X'706C616E5F6576656E74735F73656D696E61726965735F7469746C65',X'4576656E746920652073656D696E617269'),
	(X'706C616E5F6D656574696E67735F636F6E665F63616C6C735F626173656C696E65',X'506572666574746F20706572207269756E696F6E69206520636F6E666572656E63652063616C6C'),
	(X'706C616E5F6D656574696E67735F636F6E665F63616C6C735F6974656D73',X'3C6C693E203C6920636C6173733D276C6973742D646F74273E3C2F693E205126412C20736F6E64616767692065207175657374696F6E617269203C2F6C693E203C6C693E203C6920636C6173733D276C6973742D646F74273E3C2F693E2056697375616C697A7A617A696F6E65206520636F6E6469766973696F6E6520646F63756D656E74693C2F6C693E203C6C693E203C6920636C6173733D276C6973742D646F74273E3C2F693E20526973706F737465206520636F6D6D656E7469203C2F6C693E'),
	(X'706C616E5F6D656574696E67735F636F6E665F63616C6C735F7469746C65',X'5269756E696F6E69206520636F6E666572656E63652063616C6C'),
	(X'706C616E735F6D656E755F7469746C65',X'5069616E6966696361'),
	(X'706C616E735F706167655F64657363',X'50726F76617265206E6F6E20636F737461206E756C6C612E20506F74656E7A6961206C61207475612070726F6475747469766974C3A0206520737475706973636920692074756F6920636F6C6C6567686920647572616E7465206C61207475612070726F7373696D6120636F6E666572656E63652063616C6C2C2073657373696F6E652064692061646465737472616D656E746F206F2073656D696E6172696F2E'),
	(X'706C616E735F706167655F7469746C65',X'4372656120756E206163636F756E742064696D6F737472617469766F20696E203320636C69636B'),
	(X'706C616E735F747279',X'50726F76616C6F'),
	(X'706C656173655F73656C656374',X'53692070726567612064692073656C657A696F6E617265202E2E2E'),
	(X'706F6C6C5F627574746F6E5F73656E64696E67',X'496E76696F'),
	(X'706F6C6C5F627574746F6E5F73656E74',X'496E7669617469'),
	(X'706F6C6C5F627574746F6E5F7375626D6974',X'496E766961'),
	(X'7072657373',X'5374616D7061'),
	(X'726561645F636173655F73747564795F6C696E6B',X'4C65676769206C612063617365207374756479'),
	(X'726561736F6E',X'4F67676574746F'),
	(X'7265736F7572636573',X'5269736F727365'),
	(X'7265736F75726365735F706167655F64657363',X'506572206C6520766F737472652065736967656E7A652064692067696F726E616C69736D6F'),
	(X'7265736F75726365735F706167655F7469746C65',X'5269736F727365'),
	(X'73656E645F627574746F6E',X'496E766961'),
	(X'736F6369616C',X'436F6D6D756E697479'),
	(X'73747265616D5F74657874617265615F706C616365686F6C646572',X'496E73657269736369206C612074756120646F6D616E6461'),
	(X'7375736372696265',X'497363726976697469'),
	(X'74656C6570686F6E655F696E666F',X'3C7020636C6173733D276C6162656C273E54656C65666F6E6F3C2F703E0D0A3C7020636C6173733D2770686F6E65273E256E756D626572253C2F703E'),
	(X'7472795F666F725F66726565',X'50726F7661206F7261'),
	(X'77655F6172655F686972696E67',X'4E6F69207265636C757469616D6F21'),
	(X'776964676574',X'576964676574'),
	(X'77726974655F616E5F61727469636C65',X'53637269766920756E6120726563656E73696F6E6520737520576973656D626C79'),
	(X'77726974655F746F5F7573',X'5363726976696369'),
	(X'796F75',X'54756F206D657373616767696F'),
	(X'796F75725F6D657373616765',X'496C2074756F206D657373616767696F');

/*!40000 ALTER TABLE `messages` ENABLE KEYS */;
UNLOCK TABLES;


# Dump of table meta
# ------------------------------------------------------------

DROP TABLE IF EXISTS `meta`;

CREATE TABLE `meta` (
  `page` varchar(255) CHARACTER SET utf8 COLLATE utf8_bin NOT NULL,
  `title` varchar(255) CHARACTER SET utf8 COLLATE utf8_bin NOT NULL,
  `description` varchar(255) CHARACTER SET utf8 COLLATE utf8_bin DEFAULT NULL,
  `keywords` varchar(255) CHARACTER SET utf8 COLLATE utf8_bin DEFAULT NULL,
  UNIQUE KEY `page` (`page`)
) ENGINE=InnoDB DEFAULT CHARSET=latin1;

LOCK TABLES `meta` WRITE;
/*!40000 ALTER TABLE `meta` DISABLE KEYS */;

INSERT INTO `meta` (`page`, `title`, `description`, `keywords`)
VALUES
	(X'61626F7574',X'576973656D626C79202D20C3802070726F706F7320646520576973656D626C79',NULL,NULL),
	(X'61626F75745F7072657373',X'576973656D626C79202D2044616E73206C6120707265737365',NULL,NULL),
	(X'61626F75745F7465616D',X'576973656D626C79202D204C27C3A97175697065',NULL,NULL),
	(X'6173737572657A5F766F75735F7175655F746F75745F6C655F6D6F6E64655F73756974',X'4173737572657A2D766F75732071756520746F7574206C65206D6F6E64652073756974',X'416E696D657A20766F7320666F726D6174696F6E7320657420696D706C697175657A20766F7320666F726DC3A97320C3A020313030252E',X'616E696D617465757220666F726D6174696F6E2C20616E696D6174696F6E20666F726D6174696F6E2C20616E696D657220756E6520666F726D6174696F6E2C20616E696D657220666F726D6174696F6E'),
	(X'6361736573747564696573',X'576973656D626C79202D20436F6D6D65206E6F7320636C69656E74732C206761676E657A20656E2070726F6475637469766974C3A920647572616E7420766F73206D656574696E6773',NULL,NULL),
	(X'636C61737365735F747261696E696E6773',X'576973656D626C79202D20436F75727320657420666F726D6174696F6E73',X'416E696D657A20766F7320666F726D6174696F6E732E',X'616E696D617465757220666F726D6174696F6E2C20616E696D6174696F6E20666F726D6174696F6E2C20616E696D657220756E6520666F726D6174696F6E2C20616E696D657220666F726D6174696F6E'),
	(X'636C69656E7473',X'4E6F7374726920636C69656E7469',X'4E6F7374726920636C69656E7469',NULL),
	(X'636F6E74616374',X'576973656D626C79202D20436F6E74616374657A206E6F7573',NULL,NULL),
	(X'6576656E7473',X'576973656D626C79202D204576656E7473',NULL,NULL),
	(X'6576656E74735F73656D696E6172696573',X'576973656D626C79202D20466169746573207061727469636970657220766F747265207075626C6963',X'4F7267616E6973657A2064657320636F6E66C3A972656E6365732065742064657320C3A976C3A96E656D656E747320322E302E20205126412C20766F7465732C20736F6E64616765732E2E2E20766F74726520C3A976C3A96E656D656E7420766120646576656E6972203130302520696E7465726163746966732E',X'6F7267616E69736174696F6E20636F6E66C3A972656E63652C206F7267616E6973657220636F6E66C3A972656E63652C206F7267616E69736174696F6E20C3A976C3A96E656D656E742C206F7267616E6973657220C3A976C3A96E656D656E742C20636F6E66C3A972656E636520696E7465726163746976652C20C3A976C3A96E656D656E7420696E74657261637469662C2073C3A96D696E6169726520696E7465726163746966'),
	(X'696E646578',X'576973656D626C79202D20436F6C6C61626F72657A20656E2072C3A9756E696F6E',NULL,NULL),
	(X'6A6F6273',X'576973656D626C79202D20456D706C6F6973',NULL,NULL),
	(X'6C61697373657A5F7365787072696D65725F766F7472655F7075626C6963',X'576973656D626C79202D204C61697373657A20732765787072696D657220766F747265207075626C6963',X'4661697465732070617274696369706572206C65207075626C69632070617220534D53206166696E20646520636F6C6C656374657220746F75746573206C6573207175657374696F6E73206465206C612073616C6C652E',X'5175657374696F6E732070617220534D532C205126412C2051264120636F6E666572656E63652C2073C3A9616E6365206465207175657374696F6E732072C3A9706F6E7365732C207175657374696F6E732072C3A9706F6E73657320534D532C207175657374696F6E7320534D532073C3A96D696E616972652C205175657374696F6E7320534D5320C3A976C3A96E656D656E74'),
	(X'6D656574696E67735F636F6E6663616C6C73',X'576973656D626C79202D20426F6F7374657A20766F732072C3A9756E696F6E73',X'436F6D62617474657A206C612072C3A9756E696F6E69746520657420626F6F7374657A20766F732072C3A9756E696F6E732E',X'72C3A9756E696F6E6974652C207265756E696F6E6974652C207265756E696F6E697465732C2072C3A9756E696F6E69746573'),
	(X'6F75626C69657A5F6C65735F626F6974696572735F64655F766F7465',X'576973656D626C79202D204F75626C69657A206C657320626F69746965727320646520766F7465',NULL,NULL),
	(X'706C616E73',X'576973656D626C79202D204372C3A9657A20756E20636F6D7074652064652064C3A96D6F6E7374726174696F6E20656E203320636C696373',NULL,NULL),
	(X'7072656E657A5F64655F7672616965735F6465636973696F6E735F647572616E745F766F735F7265756E696F6E73',X'576973656D626C79202D205072656E657A206465207672616965732064C3A9636973696F6E7320647572616E7420766F732072C3A9756E696F6E73',X'576973656D626C792065737420756E206C6F67696369656C2071756920766F7573207065726D6574206427616E696D657220746F7574657320766F732072C3A9756E696F6E732E',X'616E696D657220756E652072C3A9756E696F6E2C20636F6E64756974652064652072C3A9756E696F6E2C20746563686E697175652064652072C3A9756E696F6E2C20616E696D6174696F6E2064652072C3A9756E696F6E2C20636F6E647569726520756E652072C3A9756E696F6E'),
	(X'7265736F7572636573',X'576973656D626C79202D20526573736F7572636573',NULL,NULL),
	(X'766F735F6576616C756174696F6E735F736F6E745F636F727269676565735F696D6D6564696174656D656E74',X'576973656D626C79202D20566F7320C3A976616C756174696F6E7320736F6E7420636F72726967C3A9657320696D6DC3A964696174656D656E74',X'576973656D626C792065737420756E206C6F67696369656C2071756920766F7573207065726D6574206427C3A976616C75657220656E2074656D70732072C3A9656C20766F7320666F726DC3A973206772C3A2636520C3A02064696666C3A972656E7473206D6F64756C657320285126412C207175657374696F6E6E61697265732C20736F6E64616765732E2E2E292E',X'6576616C756174696F6E20666F726D6174696F6E2C20C3A976616C756174696F6E20666F726D6174696F6E2C20C3A976616C75657220756E6520666F726D6174696F6E2C207175657374696F6E6E61697265206427C3A976616C756174696F6E2C20C3A976616C756572206C6120666F726D6174696F6E2C206F7574696C7320C3A976616C756174696F6E2C20C3A976616C756174696F6E20656E20666F726D6174696F6E');

/*!40000 ALTER TABLE `meta` ENABLE KEYS */;
UNLOCK TABLES;


# Dump of table press
# ------------------------------------------------------------

DROP TABLE IF EXISTS `press`;

CREATE TABLE `press` (
  `id` int(11) NOT NULL AUTO_INCREMENT,
  `featured` tinyint(1) NOT NULL DEFAULT '0',
  `logo` varchar(255) COLLATE utf8_bin DEFAULT NULL,
  `date` varchar(255) COLLATE utf8_bin NOT NULL,
  `support` varchar(255) COLLATE utf8_bin DEFAULT NULL,
  `title` varchar(255) COLLATE utf8_bin NOT NULL,
  `link` varchar(255) COLLATE utf8_bin DEFAULT NULL,
  PRIMARY KEY (`id`)
) ENGINE=InnoDB DEFAULT CHARSET=utf8 COLLATE=utf8_bin;

LOCK TABLES `press` WRITE;
/*!40000 ALTER TABLE `press` DISABLE KEYS */;

INSERT INTO `press` (`id`, `featured`, `logo`, `date`, `support`, `title`, `link`)
VALUES
	(1,0,NULL,X'31352F30362F32303130',NULL,X'436F6E6E61697373657A2D766F757320526F6D61696E2044617669642066726F6D205061726973203F204C6120636F6E66C3A972656E636520747261646974696F6E6E656C6C65207365206D657420617520322E30',X'687474703A2F2F62696C6C6175742E747970657061642E636F6D2F6A6D2F323031302F30362F636F6E6E61697373657A766F75732D726F6D61696E2D64617669642D66726F6D2D70617269732D2E68746D6C'),
	(2,0,X'687474703A2F2F7777772E746564647974727563686F742E636F6D2F77702D636F6E74656E742F75706C6F6164732F323031312F30352F6C6F676F2D746366722E6A7067',X'30392F30392F32303130',X'546563686372756E6368',X'417665632042616C6C6F6F6E2C2052656E64657A20766F7320636F6E66C3A972656E63657320657420C3A976C3A96E656D656E747320706C757320696E746572616374696673',X'687474703A2F2F66722E746563686372756E63682E636F6D2F323031302F30392F30392F617665632D62616C6C6F6F6E2D72656E64657A2D766F732D636F6E666572656E6365732D65742D6576656E656D656E74732D706C75732D696E7465726163746966732F'),
	(3,0,X'687474703A2F2F7777772E706F757271756F692D656E7472657072656E6472652E66722F77702D636F6E74656E742F75706C6F6164732F323031322F30372F6C6F676F2D6C6F636974612D6F6666696369656C2E6A706567',X'32322F30392F32303130',X'4C6F63697461',X'42616C6C6F6F6E207175692072656E6420766F7320C3A976C3A96E656D656E747320706C757320696E746572616374696673',X'687474703A2F2F66722E6C6F636974612E636F6D2F627573696E6573732F696E74657276696577732F696E746572766965772D64652D726F6D61696E2D64617669642D64652D62616C6C6F6F6E2D7175692D72656E642D766F732D6576656E656D656E74732D706C75732D696E7465726163746966732F'),
	(4,0,X'687474703A2F2F7777772E746564647974727563686F742E636F6D2F77702D636F6E74656E742F75706C6F6164732F323031312F30352F6C6F676F2D746366722E6A7067',X'31382F31312F32303130',X'546563686372756E6368',X'2354434652656D6978203A206C652042696C616E2064657320696E74C3A972616374696F6E73206C69766520617665632042616C6C6F6F6E',X'687474703A2F2F66722E746563686372756E63682E636F6D2F323031302F31312F31382F74636672656D69782D6C652D62696C616E2D6465732D696E746572616374696F6E732D6C6976652D617665632D62616C6C6F6F6E2F'),
	(5,0,X'687474703A2F2F626F7264656175782E737461727475707765656B656E642E6F72672F66696C65732F323031322F31312F6C6F676F2D6672656E63687765622D31302E35352E30342E6A706567',X'31322F30312F32303131',X'4672656E6368776562',X'42616C6C6F6F6E2C20736F6C7574696F6E206427696E74657261637469766974C3A920706F757220766F7320C3A976C3A96E656D656E7473',X'687474703A2F2F6672656E63687765622E66722F62616C6C6F6F6E2D736F6C7574696F6E2D696E74657261637469766974652D6576656E656D656E74'),
	(6,0,X'687474703A2F2F65737468657262656E62617373612E65656C762E66722F66696C65732F323031322F31312F492D74656C652E676966',X'32302F30312F32303131',X'492D54C3A96CC3A9',X'22432765737420756E65207472C3A873207472C3A87320626F6E6E65206964C3A9652E2E2E22203A20616E616C797365206465204D6172632053696D6F6E63696E6920C3A02070726F706F732064652042616C6C6F6F6E206C6F7273206465206C27C3A96D697373696F6E20694C406220737572206954C3A96CC3A9206C65203230206A616E76696572206465726E6965722E',NULL),
	(7,0,X'687474703A2F2F6D79636172656572746F7069612E636F6D2F77702D636F6E74656E742F75706C6F6164732F323031332F31312F627573696E6573732D696E73696465722E6A7067',X'32362F30322F32303131',X'427573696E65737320496E7369646572',X'42616C6C6F6F6E2048656C707320596F752048616E646C6520546865205A696C6C696F6E205175657374696F6E7320596F752047657420447572696E6720416E204576656E74',X'687474703A2F2F7777772E627573696E657373696E73696465722E636F6D2F62616C6C6F6F6E2D323031312D32'),
	(8,0,X'68747470733A2F2F656E637279707465642D74626E332E676F6F676C652E636F6D2F696D616765733F713D74626E3A414E6439476352773333496B7169647A6274675848762D336A7842544B5A366E394C585272676A4D304C316B3057765043524F345353436F3951',X'30382F30342F32303131',X'5477697374',X'42616C6C6F6F6E2C207661696E7175657572206475205457495354205061726973206772C3A2636520C3A0204A61736F6E2043616C6163616E6973',X'687474703A2F2F7777772E747769737470617269732E636F6D2F73746172747570732D706974636865732F30332D6D65657475702D617072696C2D3874682D323031312F62616C6C6F6F6E2F'),
	(9,0,X'687474703A2F2F7777772E67726F7570652D616C7068612E636F6D2F646174612F70686F746F2F39332E6A7067',X'30362F30352F32303131',X'42464D',X'42616C6C6F6F6E20656E2071756172742064652066696E616C65206465206C612042464D2041636164C3A96D69652032303131',X'687474703A2F2F7777772E726164696F62666D2E636F6D2F66726F6E745F6F66666963652F7374617469632F42464D5F41636164656D69652F63616E6469646174732F736169736F6E342F657069736F64655F32342E68746D6C'),
	(10,0,X'687474703A2F2F7777772E636F6E736F7374617469632E636F6D2F77702D636F6E74656E742F75706C6F6164732F323031302F30362F6368616C6C656E6765735F6C6F676F2E706E67',X'31322F30352F32303131',X'4368616C6C656E676573',X'42616C6C6F6F6E20636C617373C3A9207061726D69206C657320223130302073746172747570206FC3B920696E7665737469722220706172206C65206D6167617A696E65204368616C6C656E676573',NULL),
	(11,1,X'687474703A2F2F7777772E636F6E736F7374617469632E636F6D2F77702D636F6E74656E742F75706C6F6164732F323031302F30362F6368616C6C656E6765735F6C6F676F2E706E67',X'30362F31312F32303131',X'4368616C6C656E676573',X'42616C6C6F6F6E20636974C3A920656E206578656D706C6520706F7572207469726572206C6573206C65C3A76F6E73206465207365732074657374732064616E73206C65206EC2B0323731206465204368616C6C656E676573',NULL),
	(12,1,X'687474703A2F2F7777772E6C732D6368656D6973652E636F6D2F7374796C652F6C6F676F5F6D616E6167656D656E742E6A7067',X'30372F31312F32303131',X'4D616E6167656D656E74',X'42616C6C6F6F6E20636974C3A920656E206578656D706C6520706F75722061766F6972206465206C2761706C6F6D62206574207361766F697220626C75666665722064616E73206C65206D6167617A696E65204D616E6167656D656E74',NULL),
	(13,1,X'687474703A2F2F75706C6F61642E77696B696D656469612E6F72672F77696B6970656469612F66722F652F65642F4C6F676F2D6C65732D6563686F732E676966',X'33302F31312F32303131',X'4C6573204563686F73',X'42616C6C6F6F6E206D65742064752022736F6369616C222064616E73206C657320636F6E66C3A972656E636573202D20C389646974696F6E206475203330206E6F76656D6272652032303131206475206A6F75726E616C204C657320C38963686F73',NULL),
	(14,0,X'687474703A2F2F7777772E6775696C68656D62657274686F6C65742E636F6D2F626C6F672F77702D636F6E74656E742F75706C6F6164732F323031322F30342F6C6F676F2D77656C6F7665736161732D7371756172652D343034783330302E706E67',X'30372F30392F32303132',X'57654C6F766553616153',X'42616C6C6F6F6E2064657669656E7420576973656D626C7920657420732761747461717565206175206D61726368C3A9206465206C6120666F726D6174696F6E206574206465732072C3A9756E696F6E732070726F66657373696F6E6E656C6C6573',X'687474703A2F2F6D61672E77656C6F7665736161732E636F6D2F696E6465782E7068702F323031322F62616C6C6F6F6E2D64657669656E742D776973656D626C792F'),
	(15,0,X'687474703A2F2F7777772E746564647974727563686F742E636F6D2F77702D636F6E74656E742F75706C6F6164732F323031312F30352F6C6F676F2D746366722E6A7067',X'31322F30392F32303132',X'546563686372756E6368',X'42616C6C6F6F6E2064657669656E7420576973656D626C792065742070726F706F7365206465206E6F7576656C6C6573206F6666726573207370C3A96369616C657320656E747265707269736573',X'687474703A2F2F66722E746563686372756E63682E636F6D2F323031322F30392F31322F62616C6C6F6F6E2D64657669656E742D776973656D626C792D65742D70726F706F73652D64652D6E6F7576656C6C65732D6F66667265732D7370656369616C65732D656E7472657072697365732F'),
	(16,0,X'687474703A2F2F7777772E646F63756D6174696F6E2E6E65742F77702D636F6E74656E742F75706C6F6164732F6C6F676F5F636F6C6C61626F72617469662D696E666F2E706E67',X'31382F30392F32303132',X'436F6C6C61626F72617469662E696E666F',X'42616C6C6F6F6E2064657669656E7420576973656D626C792065742061647265737365206465206E6F7576656175782075736167657320656E20656E7472657072697365',X'687474703A2F2F7777772E636F6C6C61626F72617469662D696E666F2E66722F61637475616C6974652F62616C6C6F6F6E2D64657669656E742D776973656D626C792D65742D616472657373652D64652D6E6F7576656175782D7573616765732D656E2D656E7472657072697365'),
	(17,0,X'687474703A2F2F7777772E63626E6577732E66722F7661722F6D656469612F39372F6F726967696E616C2F6C612D74726962756E652D6C6F676F2D323031322D353935706E672D39363331382E6A7067',X'30352F31302F32303132',X'4C612054726962756E65',X'2244C3A9736F726D6169732C206C65206D6F64C3A86C652063E2809965737420756E207065752042616C6C6F6F6E207175692065737420646576656E7520576973656D626C7922',X'687474703A2F2F7777772E6C6174726962756E652E66722F61637475616C697465732F65636F6E6F6D69652F3230313231303035747269623030303732323939332F73746172742D75702D696C2D6E2D792D612D7061732D7175652D6C2D617267656E742D7175692D636F6D7074652E68746D6C'),
	(18,0,X'687474703A2F2F6C6F6C2E6E65742F702F6A6F75726E616C64756E65742D636F6D2D6D696E692E6A7067',X'32342F31302F32303132',X'4A6F75726E616C204475204E6574',X'352073746172742D7570206672616EC3A76169736573206475205361615320C3A02073756976726520656E2032303133',X'687474703A2F2F7777772E6A6F75726E616C64756E65742E636F6D2F736F6C7574696F6E732F636C6F75642D636F6D707574696E672F73746172742D75702D6672616E6361697365732D64752D736161732E7368746D6C'),
	(19,0,X'687474703A2F2F7777772E746573746E74727573742E66722F696D616765732F6974656D696D616765732F617669732F3631303030302F3630313539382F3139313237393939313333333535325F636F6D6D656E742D63612D6D61726368652D2D63636D2D2D2D2D636F6D6D756E617574652D696E666F726D6174697175652E6A7067',X'31342F31312F32303132',X'436F6D6D656E74206361206D6172636865',X'506F75722064657320636F6E66C3A972656E63657320322E302C20576973656D626C792073616974206372C3A9657220756E6520767261696520696E746572616374696F6E2061766563206C65207075626C6963',X'687474703A2F2F7777772E636F6D6D656E7463616D61726368652E6E65742F6E6577732F353836313338312D706F75722D6465732D636F6E666572656E6365732D322D302D776973656D626C792D736169742D63726565722D756E652D76726169652D696E746572616374696F6E2D617665632D6C652D7075626C6963'),
	(20,0,X'687474703A2F2F626C6F672E776973656D626C792E636F6D2F77702D636F6E74656E742F75706C6F6164732F323031332F30312F6575726F7061732E706E67',X'31302F30312F32303133',X'546865206575726F706173',X'546865204575726F7061733A20576973656D626C7920696E207468652073686F72746C69737420666F722042657374204672656E6368205374617274757021',X'687474703A2F2F626C6F672E776973656D626C792E636F6D2F323031332F30312F776973656D626C792D6E6F6D696E652D64616E732D6C612D63617465676F7269652D6D65696C6C657572652D737461727475702D6672616E63616973652F'),
	(21,0,X'687474703A2F2F7465636862616775657474652E66696C65732E776F726470726573732E636F6D2F323031322F30342F6C6F676F5F746563686261677565747465322E706E67',X'372F30332F32303133',X'546563686261677565747465',X'5448452032303133204C4953543A20323020484F54204652454E434820454E5452455052454E4555525320554E444552203330',X'687474703A2F2F7465636862616775657474652E636F6D2F323031332F30332F30362F686F742D322D323031332F'),
	(22,0,X'687474703A2F2F77696C6C69616D6C656772616E642E66696C65732E776F726470726573732E636F6D2F323031322F30362F77656C6F7665736161735F6269675F6C6F676F2E706E67',X'31362F30352F32303133',X'57654C6F766553616153',X'576973656D626C79203A206C6120636F6C6C61626F726174696F6E206574206CE28099696E74C3A97261637469766974C3A920656E7472656E742064616E73206C65732073616C6C657320646520636F75727320657420646520666F726D6174696F6EE280A6',X'687474703A2F2F6D61672E77656C6F7665736161732E636F6D2F696E6465782E7068702F323031332F776973656D626C792D6C612D636F6C6C61626F726174696F6E2D65742D6C696E74657261637469766974652D656E7472652D64616E732D6C65732D73616C6C65732D64652D636F7572732D65742D64652D666F726D6174696F6E2F'),
	(23,0,X'687474703A2F2F7777772E692D656E74726570726973652E636F6D2F74656D706C617465732F7468656D653536302F696D616765732F6C6F676F2E676966',X'31372F30352F32303133',X'692D656E7472657072697365',X'576973656D626C79203A206F7074696D6973657A206C612070726F6475637469766974C3A920646520766F732072C3A9756E696F6E73',X'687474703A2F2F7777772E692D656E74726570726973652E636F6D2F696E6465782E7068702F7275627269717565732F73657276696365732F3334302D776973656D626C792D6F7074696D6973657A2D6C612D70726F6475637469766974652D64652D766F732D7265756E696F6E73'),
	(24,0,X'687474703A2F2F706963732E323031322E6C65736563686F732E636F6D2F6373732F323031322F696D672F6C6F676F2D627573696E6573732E706E67',X'32302F30362F32303133',X'4C6573204563686F7320427573696E657373',X'4C276964C3A96520627573696E657373203A206176656320576973656D626C792C20736F6C7574696F6E20636F6C6C61626F7261746976652C206465732072C3A9756E696F6E7320656E66696E20696E746572616374697665732021',X'687474703A2F2F627573696E6573732E6C65736563686F732E66722F656E7472657072656E657572732F69646565732D64652D627573696E6573732F31303033303237332D6C2D696465652D627573696E6573732D617665632D776973656D626C792D736F6C7574696F6E2D636F6C6C61626F7261746976652D6465732D7265756E696F6E732D656E66696E2D696E746572616374697665732D32363631312E706870'),
	(25,0,X'687474703A2F2F7777772E636C617373656D656E746772616E64657365636F6C65732E636F6D2F77702D636F6E74656E742F75706C6F6164732F323031332F30372F6C6F676F332E706E67',X'32302F30362F32303133',X'436C617373656D656E74204772616E6465732D45636F6C6573',X'576973656D626C7920E28093206C65206675747572206465206CE28099656E736569676E656D656E7420656E20C3A9636F6C6520646520636F6D6D65726365',X'687474703A2F2F7777772E636C617373656D656E746772616E64657365636F6C65732E636F6D2F776973656D626C792D6C652D6675747572652D64652D6C656E736569676E656D656E742D656E2D65636F6C652D64652D636F6D6D657263652F'),
	(26,0,X'687474703A2F2F7777772E6172657373792D72702E636F6D2F77702D636F6E74656E742F75706C6F6164732F323031332F30352F41727469636C652D31362E6A7067',X'30352F30392F32303133',X'303120427573696E657373',X'44616E732073657320616D706869732C2048454320636F6D62696E6520636F757273206465206D61726B6574696E672065742072C3A97365617520736F6369616C',X'68747470733A2F2F73636F6E74656E742D612D6672612E78782E666263646E2E6E65742F6870686F746F732D70726E322F74312F313233393637325F3637313333353936393536313431335F313839323835323731395F6E2E6A7067'),
	(27,0,X'687474703A2F2F7777772E616464697465616D2E636F6D2F535349492F77702D636F6E74656E742F75706C6F6164732F323031322F31302F62666D2D627573696E6573732E6A7067',X'31372F30392F32303133',X'42464D20427573696E657373',X'496E7465727669657720646520526F6D61696E204461766964202D20436F2D666F6E64617465757220646520576973656D626C79',X'687474703A2F2F7777772E6461696C796D6F74696F6E2E636F6D2F766964656F2F78313474356B355F6D6164652D696E2D70617269732D726F6D61696E2D64617669642D636F2D666F6E6461746575722D64652D776973656D626C792D64616E732D70617269732D6573742D612D766F75732D31372D30395F6E657773'),
	(28,0,X'687474703A2F2F7777772E6D616464796E6573732E636F6D2F77702D636F6E74656E742F7468656D65732F766F6C742F696D616765732F6C6F676F2E706E67',X'33312F31302F32303133',X'4D616464796E657373',X'576973656D626C792C206C61206D65696C6C6575726520736F6C7574696F6E20706F7572207072C3A970617265722C20616E696D65722065742061737375726572206C6520737569766920646520766F732072C3A9756E696F6E73',X'687474703A2F2F7777772E6D616464796E6573732E636F6D2F6F7574696C732F323031332F31302F33312F776973656D626C792D6F7574696C2D7072657061726174696F6E2D616E696D6174696F6E2D7265756E696F6E2F'),
	(29,0,X'687474703A2F2F6672656E63687765622E66722F77702D636F6E74656E742F75706C6F6164732F323031332F30342F6C6F676F2D6672656E63687765622D323031332D333030783539315F322E706E67',X'392F31322F32303133',X'4672656E6368776562',X'576973656D626C792C20756E6520736F6C7574696F6E20706F75722064796E616D69736572207365732072C3A9756E696F6E73',X'687474703A2F2F6672656E63687765622E66722F6C612D737461727475702D64752D6A6F75722D776973656D626C792D706F75722D64796E616D697365722D7365732D7265756E696F6E732D67726163652D6175782D726573656175782D736F63696175782F313334393731'),
	(30,0,X'687474703A2F2F7374617469632E6C656E74726570726973652E636F6D2F696D616765732F6C6F676F5F3337327837392E706E67',X'32332F30312F32303133',X'4C2765787072657373',X'53746172742D75703A207365707420636F6E7365696C7320706F757220666169726520647520627573696E6573732061766563206C6573206772616E647320636F6D70746573',X'687474703A2F2F6C656E74726570726973652E6C657870726573732E66722F74726F757665722D6465732D6E6F7576656175782D636C69656E74732F73746172742D75702D736570742D636F6E7365696C732D706F75722D66616972652D64752D627573696E6573732D617665632D6C65732D6772616E64732D636F6D707465735F34353530322E68746D6C');

/*!40000 ALTER TABLE `press` ENABLE KEYS */;
UNLOCK TABLES;


# Dump of table team
# ------------------------------------------------------------

DROP TABLE IF EXISTS `team`;

CREATE TABLE `team` (
  `id` int(11) NOT NULL AUTO_INCREMENT,
  `name` varchar(255) COLLATE utf8_bin NOT NULL,
  `job` varchar(255) COLLATE utf8_bin NOT NULL,
  `job_category_id` int(11) NOT NULL,
  `main_pic` varchar(255) COLLATE utf8_bin NOT NULL,
  `secondary_pic` varchar(255) COLLATE utf8_bin NOT NULL,
  `description` text COLLATE utf8_bin NOT NULL,
  `twitter` varchar(255) COLLATE utf8_bin DEFAULT NULL,
  `mail` varchar(255) COLLATE utf8_bin DEFAULT NULL,
  `website` varchar(255) COLLATE utf8_bin DEFAULT NULL,
  PRIMARY KEY (`id`)
) ENGINE=InnoDB DEFAULT CHARSET=utf8 COLLATE=utf8_bin;

LOCK TABLES `team` WRITE;
/*!40000 ALTER TABLE `team` DISABLE KEYS */;

INSERT INTO `team` (`id`, `name`, `job`, `job_category_id`, `main_pic`, `secondary_pic`, `description`, `twitter`, `mail`, `website`)
VALUES
	(1,X'4775696C6C61756D6520506F74696572',X'436F2D666F6E646174657572',1,X'687474703A2F2F776973656D626C792D636F6E74656E742E73332E616D617A6F6E6177732E636F6D2F636F72706F2F7465616D2F6775696C6C61756D652E6A7067',X'',X'44697265637465757220546563686E697175652C204775696C6C61756D6520657374206C652067C3A96E696520717569207365206361636865206465727269C3A87265206C6573206D696C6C696F6E73206465206C69676E657320646520636F64657320C3A963726974657320646570756973206C61206372C3A96174696F6E20646520576973656D626C792E200D0A486F7273206465206C612073616C6C6520426C6575652C20632765737420756E20736B696575722064652072656E6F6D2061696E736920717527756E206772616E6420616D61746575722064652073696E676C65206D616C747320C3A9636F737361697320657420647520737564206465206C61204672616E63652E20496C2070617261C3AE7420717565206D61696E74656E616E7420696C207072C3A966C3A872652050617269732E2E2E',X'6775696C6C61756D65706F74696572',X'6775696C6C61756D6540776973656D626C792E636F6D',X'687474703A2F2F7777772E696D63746F62697463682E636F6D2F'),
	(2,X'526F6D61696E204461766964',X'436F2D666F6E646174657572',1,X'687474703A2F2F776973656D626C792D636F6E74656E742E73332E616D617A6F6E6177732E636F6D2F636F72706F2F7465616D2F726F6D61696E2E6A7067',X'',X'50726F64756374206775792C20526F6D61696E20657374206C65206772616E6420676172616E74206465206C6120766973696F6E2070726F6475697420646520576973656D626C79206574206661697420746F757420656E20736F72746520706F75722071756520636520736F697420746F756A6F75727320756E207672616920706C61697369722064277574696C69736572206E6F7320736F6C7574696F6E732E0D0A496C2074C3A96C6563686172676520656E7669726F6E203330206E6F7576656C6C6573206170706C697320746F7573206C6573206A6F757273206574206120656E74726520322065742033206D696C6C696F6E732064652070726F66696C7320656E72656769737472C3A973207375722064696666C3A972656E74732073657276696365732E2E2E2022706F757220746573746572222E0D0A456E206465686F7273206475206275726561752C206327657374207069616E6F2C20677569746172652065742070686F746F7321',X'526F6D61696E64',X'726F6D61696E40776973656D626C792E636F6D',X'687474703A2F2F7777772E726F6D61696E64617669642E6672'),
	(3,X'416E647265692056657374656D65616E75',X'436F2D666F6E646174657572',1,X'687474703A2F2F776973656D626C792D636F6E74656E742E73332E616D617A6F6E6177732E636F6D2F636F72706F2F7465616D2F616E647265692E6A7067',X'',X'456E2063686172676520647520427573696E6573732C20416E647265C3AF206DC3A86E65206465206D61696E73206465206D61C3AE747265206C2761726DC3A96520646520636F6D6D6572636961757820576973656D626C792120496C20636F6D7072656E64206E6F7320636C69656E7473206574206C65757273206265736F696E732C2073616974206F7576726972206C657320626F6E6E657320706F72746573206574206E276162616E646F6E6E65206A616D61697321200D0A432765737420756E20616D617465757220646520626F6E6E6573206269C3A87265732C20646520766F796167657320657420647520505347206269656E2073C3BB722E',X'6176657374656D65616E75',X'616E6472656940776973656D626C792E636F6D',NULL),
	(4,X'43C3A964726963204573706F7369746F2D466172657365',X'427573696E65737320646576656C6F706572',2,X'687474703A2F2F776973656D626C792D636F6E74656E742E73332E616D617A6F6E6177732E636F6D2F636F72706F2F7465616D2F6365647269632E6A7067',X'',X'43C3A96472696320657374206C65207072656D69657220656D706C6F79C3A920646520576973656D626C792E20456666696361636520657420C3A0206C27C3A9636F7574652C20696C20657374207261706964656D656E7420646576656E7520696E636F6E746F75726E61626C6520706F757220746F757465206C27C3A9717569706520657420737572746F757420706F7572206E6F7320636C69656E7473210D0A4772616E64206A6F7565757220646520526F6C6C657220486F636B657920657420C3A9636F6C6F676973746520636F6E7661696E63752C20696C20736520636861726765206465207072C3AA63686572206C6120626F6E6E65207061726F6C652061757072C3A87320646520746F757465206C27C3A971756970652E',X'4365445F4546',X'63656472696340776973656D626C792E636F6D',NULL),
	(5,X'436872697374696E61204461676F',X'4F6666696365206D616E61676572',3,X'687474703A2F2F776973656D626C792D636F6E74656E742E73332E616D617A6F6E6177732E636F6D2F636F72706F2F7465616D2F636872697374696E612E6A7067',X'',X'446973706F6E69626C652C2067C3A96EC3A9726575736520657420617474656E746976652C20436872697374696E6120657374206E6F747265206D616D616E20C3A020746F7573210D0A456C6C65206E61766967756520616973C3A96D656E7420656E74726520726563727574656D656E74732C2066616374757265732C20666F75726E69737365757273206574206F7267616E69736174696F6E206427C3A976C3A96E656D656E747320696E7465726E65732E0D0A432765737420756E65206772616E6465206164657074652064657320666F75732072697265732C20616C6F7273206E276F75626C69657A20706173206465206C7569207261636F6E74657220756E652070657469746520626C616775652064652074656D707320656E2074656D707321',NULL,X'636872697374696E6140776973656D626C792E636F6D',NULL),
	(6,X'4E69636F6C6173204368656E6574',X'46726F6E742D656E6420646576656C6F706572',4,X'687474703A2F2F776973656D626C792D636F6E74656E742E73332E616D617A6F6E6177732E636F6D2F636F72706F2F7465616D2F6E69636F6C61732E6A7067',X'',X'4E69636F20657374206D6F697469C3A92064657369676E65722C206D6F697469C3A92064C3A976656C6F70706575722E2050617373696F6E6EC3A920706172206C657320696E74657266616365732070726F7072657320657420696E74756974697665732C20696C206D657420736F6E2074616C656E742061752070726F66697420646520746F75746573206C657320666F6E6374696F6E6E616C6974C3A97320646520576973656D626C792E0D0A5175616E6420696C2072656E747265206368657A206C75692C20696C2064657669656E7420756E20616D6F757265757820696E636F6E646974696F6E6E656C206465732063686174732C20646520746F7573206C657320636861747321',X'6E69636F6C61736368656E6574',X'6E69636F6C617340776973656D626C792E636F6D',NULL),
	(7,X'426170746973746520436C617669C3A9',X'4261636B2D656E6420446576656C6F706572',4,X'687474703A2F2F776973656D626C792D636F6E74656E742E73332E616D617A6F6E6177732E636F6D2F636F72706F2F7465616D2F62617074697374652E6A7067',X'',X'42617074697374652065737420756E2064C3A976656C6F70706575722063757269657578206574206F70656E2D736F75726365206164646963742E20496C2074726F7175652074656D706F72616972656D656E7420736F6E20636F7374756D6520646520646F75782072C3AA766575722C206F74616B75206574206765656B2074726F6C6C657572206C61206A6F75726EC3A96520706F757220656E646F73736572206368657A20576973656D626C792063656C7569206465205175616C697479206D616E2C20505220726576696577657220657420756E207065746974207065752074726F6C6C657572207175616E64206DC3AA6D652E2E',X'74616C75735F',X'626170746973746540776973656D626C792E636F6D',X'687474703A2F2F62617074697374652E636C617669C3A92E6E65742F'),
	(8,X'4D6F68616D6564204D617572616E6E65',X'526573706F6E7361626C6520C3A976656E656D656E7469656C',3,X'687474703A2F2F776973656D626C792D636F6E74656E742E73332E616D617A6F6E6177732E636F6D2F636F72706F2F7465616D2F6D6F68616D65642E6A7067',X'',X'496C20656E636861C3AE6E65206C657320726163636F757263697320636C61766965722064652050686F746F73686F7020706C757320766974652071756520736F6E206F6D62726520657420736169742067C3A972657220C3A020706575207072C3A87320746F75746573206C657320736974756174696F6E7320737572206C65207465727261696E2E20566F696369206E6F74726520726573706F6E7361626C6520C3A976C3A96E656D656E7469656C2E200D0A44726F6775C3A9206465207472617661696C2C20696C2074726F75766520746F7574206465206DC3AA6D65206C652074656D707320706F7572207365732070726F6A65747320706572736F203A20636F6DC3A96469656E2C2072C3A9616C69736174657572206574206372C3A96174657572206427756E207765622D6D6167617A696E6521',X'6D6F6D617572616E6E65',X'6D6F68616D656440776973656D626C792E636F6D',NULL),
	(9,X'52C3A96D792047617A656C6F74',X'4261636B2D656E6420446576656C6F706572',4,X'687474703A2F2F776973656D626C792D636F6E74656E742E73332E616D617A6F6E6177732E636F6D2F636F72706F2F7465616D2F72656D792E6A7067',X'',X'52C3A96D792065737420756E20636F6465757220666F752E20496C20706173736520646573206865757265732C20736F757269726520617578206CC3A8767265732C20646576616E7420736F6E207465726D696E616C2E20457465726E656C20656E74686F757369617374652C202020696C2065737420737572746F7574207472C3A87320646F75C3A9206574207472C3A8732070726F6475637469662E0D0A496C20706173736520736573207765656B2D656E64206175207061726320646573205072696E6365732061757175656C20696C206573742061626F6E6EC3A920646570756973206C61206372C3A96174696F6E20647520636C75622C207369206365206E2765737420706173206176616E742E',X'72656D7967617A656C6F74',X'72656D7940776973656D626C792E636F6D',NULL),
	(10,X'4761627269656C204D616A6F756C6574',X'46726F6E742D656E6420446576656C6F706572',4,X'687474703A2F2F776973656D626C792D636F6E74656E742E73332E616D617A6F6E6177732E636F6D2F636F72706F2F7465616D2F6761627269656C2E6A7067',X'',X'4761627269656C206120636F6D6D656E63C3A92070617220756E20737461676520657420732765737420766974652072656E647520657373656E7469656C2E2053657320636F6D70C3A974656E63657320746563686E697175657320657420736F6E20656666696361636974C3A920736F6E7420656E20706173736520646520646576656E6972206CC3A967656E64616972652064616E73206C612066616D657573652073616C6C6520626C6575652E0D0A5175616E6420696C20717569747465206C65206275726561752C20632765737420736F7576656E7420706F757220616C6C657220C3A0206C612073616C6C65206465206D757363752C206365207175692066616974206465206C7569206C6520227265636F72646D616E20494D432220646520576973656D626C7921',X'676D616A6F756C6574',X'6761627269656C40776973656D626C792E636F6D',X'687474703A2F2F7777772E6761627269656C2D6D616A6F756C65742E66722F'),
	(11,X'436872697374656C2056616E2D497361636B6572',X'427573696E65737320446576656C6F706572',0,X'687474703A2F2F776973656D626C792D636F6E74656E742E73332D776562736974652D65752D776573742D312E616D617A6F6E6177732E636F6D2F636F72706F2F7465616D2F636872697374656C2E6A7067',X'','',NULL,NULL,NULL),
	(12,X'436563696C652044656372756C6C65',X'427573696E65737320646576656C6F706572',0,X'687474703A2F2F776973656D626C792D636F6E74656E742E73332E616D617A6F6E6177732E636F6D2F636F72706F2F7465616D2F636563696C652E6A7067',X'','',NULL,NULL,NULL),
	(20,X'4D617468696575204768616C6562',X'46726F6E742D656E6420646576656C6F706572',0,X'687474703A2F2F776973656D626C792D636F6E74656E742E73332E616D617A6F6E6177732E636F6D2F636F72706F2F7465616D2F6D6174686965752E6A7067',X'','',NULL,NULL,NULL),
	(21,X'5472697374616E204461657363686E6572',X'50726F647563742064657369676E6572',0,X'687474703A2F2F776973656D626C792D636F6E74656E742E73332E616D617A6F6E6177732E636F6D2F636F72706F2F7465616D2F7472697374616E2E6A7067',X'','',NULL,NULL,NULL),
	(22,X'41726E617564204761676E65',X'427573696E65737320446576656C6F706572',0,X'687474703A2F2F776973656D626C792D636F6E74656E742E73332D776562736974652D65752D776573742D312E616D617A6F6E6177732E636F6D2F636F72706F2F7465616D2F61726E6175642E6A7067',X'687474703A2F2F776973656D626C792D636F6E74656E742E73332D776562736974652D65752D776573742D312E616D617A6F6E6177732E636F6D2F636F72706F2F7465616D2F61726E6175642E6A7067',X'61726E617564',NULL,NULL,NULL),
	(23,X'56696E63656E74204A616D6D6573',X'50726F64756374204576616E67656C697374',0,X'687474703A2F2F776973656D626C792D636F6E74656E742E73332D776562736974652D65752D776573742D312E616D617A6F6E6177732E636F6D2F636F72706F2F7465616D2F76696E63656E742E6A7067',X'687474703A2F2F776973656D626C792D636F6E74656E742E73332D776562736974652D65752D776573742D312E616D617A6F6E6177732E636F6D2F636F72706F2F7465616D2F76696E63656E742E6A7067',X'76696E63656E74',NULL,NULL,NULL),
	(25,X'416C6578616E6472652042726F7564696E',X'46726F6E742D656E6420446576656C6F706572',0,X'687474703A2F2F776973656D626C792D636F6E74656E742E73332D776562736974652D65752D776573742D312E616D617A6F6E6177732E636F6D2F636F72706F2F7465616D2F616C65782E6A7067',X'687474703A2F2F776973656D626C792D636F6E74656E742E73332D776562736974652D65752D776573742D312E616D617A6F6E6177732E636F6D2F636F72706F2F7465616D2F616C65782E6A7067',X'616C6578',NULL,NULL,NULL),
	(26,X'4164656C696E6520427261657363752D4B65726C616E',X'437573746F6D65722053756363657373204D616E61676572',0,X'687474703A2F2F776973656D626C792D636F6E74656E742E73332E616D617A6F6E6177732E636F6D2F636F72706F2F7465616D2F6164656C696E652E6A7067',X'687474703A2F2F776973656D626C792D636F6E74656E742E73332E616D617A6F6E6177732E636F6D2F636F72706F2F7465616D2F6164656C696E652E6A7067',X'4164656C696E6520427261657363752D4B65726C616E',NULL,NULL,NULL),
	(27,X'4C617572612054686965727279',X'437573746F6D65722053756363657373204D616E61676572',0,X'687474703A2F2F776973656D626C792D636F6E74656E742E73332E616D617A6F6E6177732E636F6D2F636F72706F2F7465616D2F6C617572612E6A7067',X'687474703A2F2F776973656D626C792D636F6E74656E742E73332E616D617A6F6E6177732E636F6D2F636F72706F2F7465616D2F6C617572612E6A7067',X'4C617572612054686965727279',NULL,NULL,NULL);

/*!40000 ALTER TABLE `team` ENABLE KEYS */;
UNLOCK TABLES;


# Dump of table testimonial
# ------------------------------------------------------------

DROP TABLE IF EXISTS `testimonial`;

CREATE TABLE `testimonial` (
  `id` smallint(4) NOT NULL AUTO_INCREMENT,
  `quote` text NOT NULL,
  `picture` varchar(255) NOT NULL,
  `name` varchar(255) NOT NULL,
  `title` varchar(255) NOT NULL,
  `logo` varchar(255) DEFAULT NULL,
  `home_featured` tinyint(1) NOT NULL DEFAULT '0',
  `cases_featured` tinyint(1) NOT NULL DEFAULT '0',
  PRIMARY KEY (`id`),
  KEY `home_featured` (`home_featured`,`cases_featured`)
) ENGINE=InnoDB DEFAULT CHARSET=utf8;

LOCK TABLES `testimonial` WRITE;
/*!40000 ALTER TABLE `testimonial` DISABLE KEYS */;

INSERT INTO `testimonial` (`id`, `quote`, `picture`, `name`, `title`, `logo`, `home_featured`, `cases_featured`)
VALUES
	(1,'Au-del de lvidente dynamique ludique que cre Wisembly, il redonne  nos pratiques dintervention un gain spectaculaire dans la capacit dinteraction.','http://wisembly-content.s3.amazonaws.com/corpo/testimonial/picture/lagree.png','Olivier Lagre','Consultant, Deloitte','http://wisembly-content.s3.amazonaws.com/corpo/testimonial/logo/la-poste.png',0,1),
	(2,'Wisembly a cr un vritable u-turn dans la relation managriale de l\'entreprise. La solution nous accompagne dans toutes nos runions.','http://wisembly-content.s3.amazonaws.com/corpo/testimonial/picture/ropert.png','Patrick Ropert','Directeur de la Communication, SNCF','http://wisembly-content.s3.amazonaws.com/corpo/testimonial/logo/sncf.png',0,1),
	(3,'Le pilotage des questions live et valuations permet d\'aboutir facilement et rapidement  des dcisions partages, co-construites, l o la conversation tlphonique seule renvoie souvent l\'animateur  sa solitude.','http://wisembly-content.s3.amazonaws.com/corpo/testimonial/picture/lebouille.png','Emmanuel Le Bouille','Directeur Innovation, AUCHAN','http://wisembly-content.s3.amazonaws.com/corpo/testimonial/logo/auchan.png',0,1),
	(4,'Wisembly est un booster de ROI des formations et de l\'enseignement. Cela devient \"le manuel interactif\" qui accompagne l\'ensemble des participants, en communaut avec leurs formateurs.','http://wisembly-content.s3.amazonaws.com/corpo/testimonial/picture/dias.jpg','Georges-Edouard Dias','Professeur  HEC','http://wisembly-content.s3.amazonaws.com/corpo/testimonial/logo/hec.png',0,1),
	(5,'Tout le monde a ador : c\'est une manire d\'intervenir qui n\'existait pas avant [...] Wisembly permet d\'aller au-del de la prsentation et d\'ouvrir le dialogue.','http://wisembly-content.s3.amazonaws.com/corpo/testimonial/picture/dias.jpg','Georges-Edouard Dias','L\'Oral','http://wisembly-content.s3.amazonaws.com/corpo/testimonial/logo/hec.png',1,0),
	(6,'Wisembly a libr la parole de nos collaborateurs. Nos runions internes sont devenues beaucoup plus participatives avec un nombre de questions multipli par 5 !','http://wisembly-content.s3.amazonaws.com/corpo/testimonial/picture/guillaumevraux.png','Guillaume Vraux','Cofely Services, Groupe GDF SUEZ',NULL,1,0),
	(7,'Wisembly facilite la prise de parole et dynamise lanimation des confrences. Il offre galement la possibilit de prparer en amont les questions et de les conserver une fois lvnement termin. Cest la mmoire de nos animations.','http://wisembly-content.s3.amazonaws.com/corpo/testimonial/picture/clairebussac.png','Claire Bussac','Responsable Marketing et Innovation RH, Crdit Agricole S.A',NULL,1,0),
	(8,'Nous l\'utilisons pour dbattre des ides, collecter du feedback et arriver  des solutions collectives.','http://wisembly-content.s3.amazonaws.com/corpo/testimonial/picture/stelmaszyk.jpg','Patric Stelmaszyk','Capgemini Consulting',NULL,0,0);

/*!40000 ALTER TABLE `testimonial` ENABLE KEYS */;
UNLOCK TABLES;



/*!40111 SET SQL_NOTES=@OLD_SQL_NOTES */;
/*!40101 SET SQL_MODE=@OLD_SQL_MODE */;
/*!40014 SET FOREIGN_KEY_CHECKS=@OLD_FOREIGN_KEY_CHECKS */;
/*!40101 SET CHARACTER_SET_CLIENT=@OLD_CHARACTER_SET_CLIENT */;
/*!40101 SET CHARACTER_SET_RESULTS=@OLD_CHARACTER_SET_RESULTS */;
/*!40101 SET COLLATION_CONNECTION=@OLD_COLLATION_CONNECTION */;
