# ************************************************************
# Sequel Pro SQL dump
# Version 4096
#
# http://www.sequelpro.com/
# http://code.google.com/p/sequel-pro/
#
# Host: 127.0.0.1 (MySQL 5.6.20)
# Database: wisembly_fr
# Generation Time: 2014-10-17 15:02:49 +0000
# ************************************************************


/*!40101 SET @OLD_CHARACTER_SET_CLIENT=@@CHARACTER_SET_CLIENT */;
/*!40101 SET @OLD_CHARACTER_SET_RESULTS=@@CHARACTER_SET_RESULTS */;
/*!40101 SET @OLD_COLLATION_CONNECTION=@@COLLATION_CONNECTION */;
/*!40101 SET NAMES utf8 */;
/*!40014 SET @OLD_FOREIGN_KEY_CHECKS=@@FOREIGN_KEY_CHECKS, FOREIGN_KEY_CHECKS=0 */;
/*!40101 SET @OLD_SQL_MODE=@@SQL_MODE, SQL_MODE='NO_AUTO_VALUE_ON_ZERO' */;
/*!40111 SET @OLD_SQL_NOTES=@@SQL_NOTES, SQL_NOTES=0 */;


# Dump of table cases
# ------------------------------------------------------------

DROP TABLE IF EXISTS `cases`;

CREATE TABLE `cases` (
  `id` smallint(4) NOT NULL AUTO_INCREMENT,
  `slug` varchar(255) CHARACTER SET utf8 COLLATE utf8_bin NOT NULL,
  `client` varchar(255) CHARACTER SET utf8 COLLATE utf8_bin NOT NULL,
  `client_logo` varchar(255) CHARACTER SET utf8 COLLATE utf8_bin NOT NULL,
  `title` varchar(255) CHARACTER SET utf8 COLLATE utf8_bin NOT NULL,
  `intro` text CHARACTER SET utf8 COLLATE utf8_bin,
  `type` varchar(255) CHARACTER SET utf8 COLLATE utf8_bin NOT NULL,
  `illustration_image` varchar(255) CHARACTER SET utf8 COLLATE utf8_bin DEFAULT NULL,
  `context` text CHARACTER SET utf8 COLLATE utf8_bin NOT NULL,
  `usage` text CHARACTER SET utf8 COLLATE utf8_bin NOT NULL,
  `results` text CHARACTER SET utf8 COLLATE utf8_bin NOT NULL,
  `blockquote` text CHARACTER SET utf8 COLLATE utf8_bin NOT NULL,
  `interviewed` varchar(255) CHARACTER SET utf8 COLLATE utf8_bin NOT NULL,
  `blockquote_logo` varchar(255) DEFAULT NULL,
  `illustration_type` varchar(20) NOT NULL,
  `related_cases` varchar(255) CHARACTER SET utf8 NOT NULL,
  PRIMARY KEY (`id`),
  UNIQUE KEY `slug_idx` (`slug`)
) ENGINE=InnoDB DEFAULT CHARSET=latin1;

LOCK TABLES `cases` WRITE;
/*!40000 ALTER TABLE `cases` DISABLE KEYS */;

INSERT INTO `cases` (`id`, `slug`, `client`, `client_logo`, `title`, `intro`, `type`, `illustration_image`, `context`, `usage`, `results`, `blockquote`, `interviewed`, `blockquote_logo`, `illustration_type`, `related_cases`)
VALUES
	(1,X'6C612D706F737465',X'4C6120506F737465',X'2F7374617469632F696D616765732F6C612D706F7374652E706E67',X'53C3A96D696E616972657320C3A0204C6120506F737465',X'3C703E43686171756520616E6EC3A9652C204C6120506F737465206F7267616E69736520756E2073C3A96D696E61697265206427C3A96368616E67657320646520626F6E6E6573207072617469717565732E20313230206D616E6167657273206465206C6120646972656374696F6E2066696E616E6369C3A8726520736F6E7420696E766974C3A97320C3A0207472617661696C6C65722073757220756E207468C3A86D652064C3A966696E6920706172206176616E63652E3C2F703E0D0A3C703E576973656D626C792065737420646F6E63206F757665727420656E20616D6F6E74206166696E20646520636F6C6C6563746572206C657320617474656E74657320646573206D616E61676572732E',X'73656D696E6172696573',X'2F7374617469632F696D616765732F6C612D706F7374652E706E67',X'3C756C20636C6173733D2762756C6C657465642D6C697374273E3C6C693E456E6761676572206C6573207061727469636970616E747320656E20616D6F6E743C2F6C693E3C6C693E4964656E746966696572206C657320666163746575727320636CC3A9732064652073756363C3A8733C2F6C693E3C6C693E5472617661696C20656E20736F75732D67726F757065732061766563207265737469747574696F6E207261706964653C2F6C693E3C2F756C3E0D0A3C756C3E',X'3C756C20636C6173733D2762756C6C657465642D6C697374273E3C6C693E3C7370616E20636C6173733D276E756D626572206E756D6265722D6D656469756D273E313C2F7370616E3E206A6F75726EC3A9652064652073C3A96D696E6169726520616E6E75656C3C2F6C693E3C6C693E3C7370616E20636C6173733D276E756D626572206E756D6265722D6D656469756D273E3132303C2F7370616E3E206D616E6167657273206465206C6120646972656374696F6E2066696E616E6369C3A87265206465204C6120506F7374653C2F6C693E3C2F756C3E',X'3C7461626C6520636C6173733D2776616C75652D7461626C65273E3C74686561643E3C74723E3C74683E3C2F74683E3C74683E5175657374696F6E7320656E20616D6F6E743C2F74683E3C74683E5175657374696F6E7320656E206469726563743C2F74683E3C74683E50617274696369706174696F6E3C2F74683E3C2F74723E3C2F74686561643E3C74626F64793E3C74723E3C74683E4176616E743C2F74683E3C74643E3C7370616E20636C6173733D276E756D626572273E303C2F7370616E3E3C2F74643E3C74643E3C7370616E20636C6173733D276E756D626572273E343C2F7370616E3E3C2F74643E3C74643E3C7370616E20636C6173733D276E756D626572273E32253C2F7370616E3E3C2F74643E3C2F74723E3C74723E3C74683E417072C3A8733C2F74683E3C74643E3C7370616E20636C6173733D276E756D626572206E756D6265722D6C61726765206E756D6265722D676F6F64273E39353C2F7370616E3E3C2F74643E3C74643E3C7370616E20636C6173733D276E756D626572206E756D6265722D6C61726765206E756D6265722D676F6F64273E3132303C2F7370616E3E3C2F74643E3C74643E3C7370616E20636C6173733D276E756D626572206E756D6265722D6C61726765206E756D6265722D676F6F64273E313030253C2F7370616E3E3C2F74643E3C2F74723E3C2F74626F64793E3C2F7461626C653E',X'41752D64656CC3A0206465206CE28099C3A9766964656E74652064796E616D69717565206C75646971756520717565206372C3A96520576973656D626C792C20696C207265646F6E6E6520C3A0206E6F73207072617469717565732064E28099696E74657276656E74696F6E20756E206761696E2073706563746163756C616972652064616E73206C612063617061636974C3A92064E28099696E746572616374696F6E2E',X'4F6C6976696572204C616772C3A9652C20436F6E73756C74616E742044454C4F49545445','/static/images/lagree.png','logo','1,2,4'),
	(2,X'736E6366',X'534E4346',X'2F7374617469632F696D616765732F736E63662E706E67',X'436F6E666572656E63652063616C6C732067C3A9616E74',X'3C703E4C6120534E4346207574696C69736520576973656D626C7920706F757220616E696D6572206C65203C7374726F6E673E5463686174206475205072C3A9736964656E743C2F7374726F6E673E2C20756E203C7374726F6E673E6D616E6167656D656E742063616C6C206D656E7375656C20647520434F4D45583C2F7374726F6E673E206FC3B920736F6E74207072C3A973656E74C3A973206C65732072C3A973756C74617473206574206F7269656E746174696F6E73207374726174C3A9676971756573206175782036303020746F70206D616E61676572732E3C2F703E0D0A3C703E4C277574696C69736174696F6E20646520576973656D626C7920706F7572207072C3A973656E7465722064657320646F63756D656E74732C207265637565696C6C6972206C65732072C3A9616374696F6E7320646573206D616E616765727320656E206469726563742C2065742072C3A9756E6972206C6575727320617669732061207065726D6973206465206D756C7469706C69657220706172203530206C65757220656E676167656D656E742E3C2F703E',X'636F6E6663616C6C73',X'2F7374617469632F696D616765732F736E63662E706E67',X'3C756C20636C6173733D2762756C6C657465642D6C697374273E3C6C693E5472616E736D697373696F6E2064752070726F6A6574206427656E74726570726973653C2F6C693E3C6C693E506F696E7473206427C3A97461706520636C616972733C2F6C693E3C6C693E4964656E74696669636174696F6E2064657320626C6F63616765733C2F6C693E3C2F756C3E',X'3C756C20636C6173733D2762756C6C657465642D6C697374273E3C6C693E3C7370616E20636C6173733D276E756D626572206E756D6265722D6D656469756D273E316833303C2F7370616E3E206465206D616E6167656D656E742063616C6C206D656E7375656C3C2F6C693E3C6C693E3C7370616E20636C6173733D276E756D626572206E756D6265722D6D656469756D273E3630303C2F7370616E3E20746F70206D616E616765727320636F6E6E656374C3A97320656E2072C3A967696F6E3C2F6C693E3C6C693E3C7370616E20636C6173733D276E756D626572206E756D6265722D6D656469756D273E434F4D45583C2F7370616E3E207072C3A973656E74616E74206C65732072C3A973756C74617473206574206C6573206F7269656E746174696F6E73207374726174C3A96769717565733C2F6C693E3C2F756C3E',X'3C7461626C6520636C6173733D2776616C75652D7461626C65273E3C74686561643E3C74723E3C74683E3C2F74683E3C74683E5175657374696F6E7320706F73C3A965733C2F74683E3C74683E5061727469636970616E7473206163746966733C2F74683E3C74683E5468C3A86D65732061626F7264C3A9733C2F74683E3C2F74723E3C2F74686561643E3C74626F64793E3C74723E3C74683E4176616E743C2F74683E3C74643E3C7370616E20636C6173733D276E756D626572273E333C2F7370616E3E3C2F74643E3C74643E3C7370616E20636C6173733D276E756D626572273E32253C2F7370616E3E3C2F74643E3C74643E3C7370616E20636C6173733D276E756D626572273E323C2F7370616E3E3C2F74643E3C2F74723E3C74723E3C74683E417072C3A8733C2F74683E3C74643E3C7370616E20636C6173733D276E756D626572206E756D6265722D6C61726765206E756D6265722D676F6F64273E3135303C2F7370616E3E3C2F74643E3C74643E3C7370616E20636C6173733D276E756D626572206E756D6265722D6C61726765206E756D6265722D676F6F64273E3635253C2F7370616E3E3C2F74643E3C74643E3C7370616E20636C6173733D276E756D626572206E756D6265722D6C61726765206E756D6265722D676F6F64273E31303C2F7370616E3E3C2F74643E3C2F74723E3C2F74626F64793E3C2F7461626C653E',X'576973656D626C792061206372C3A9C3A920756E2076C3A972697461626C6520752D7475726E2064616E73206C612072656C6174696F6E206D616E6167C3A97269616C65206465206C27656E74726570726973652E204C6120736F6C7574696F6E206E6F7573206163636F6D7061676E652064616E7320746F75746573206E6F732072C3A9756E696F6E732E',X'5061747269636B20526F706572742C20446972656374657572206465206C6120436F6D6D756E69636174696F6E2C20534E4346','/static/images/ropert.png','logo','2,3,4'),
	(3,X'61756368616E',X'41756368616E',X'2F7374617469632F696D616765732F61756368616E2E706E67',X'436F6E666572656E63652043616C6C73206368657A2041756368616E',X'3C703E546F7573206C6573203135206A6F7572732C20756E203C7374726F6E673E636F6E662D63616C6C2064652032683C2F7374726F6E673E20657374206F7267616E6973C3A9206166696E206465206661697265206C6520706F696E7420737572206C276176616E63656D656E74206465732070726F6A65747320656E20636F7572732E203C7374726F6E673E3135207061727469636970616E74732072C3A9706172746973207375722064696666C3A972656E74732073697465733C2F7374726F6E673E2079207072656E6E656E7420706172742E3C2F703E0D0A3C703E546F7573206C6573207061727469636970616E74732073756976656E7420656E2074656D70732072C3A9656C206C65732064696666C3A972656E746573207072C3A973656E746174696F6E732C2070657576656E742072C3A96167697220C3A020746F7574206D6F6D656E74203C7374726F6E673E73616E7320696E746572726F6D707265206C27696E74657276656E616E743C2F7374726F6E673E20657420646F6E6E6572206C657572206176697320737572206C65732064C3A9636973696F6E7320C3A0207072656E64726520656E20756E20636C69632E3C2F703E3C703E576973656D626C79207065726D65742064652066616972652070617274696369706572206162736F6C756D656E7420746F7574206C65206D6F6E6465203C7374726F6E673E73616E73206578706C6F736572206C652074696D696E673C2F7374726F6E673E2E3C2F703E',X'636F6E6663616C6C73',X'2F7374617469632F696D616765732F61756368616E2E706E67',X'3C756C20636C6173733D2762756C6C657465642D6C697374273E3C6C693E50617274696369706174696F6E20646520746F7573206C657320696E74657276656E616E747320737572206C652063616C6C3C2F6C693E3C6C693E526573706563742064752074696D696E673C2F6C693E3C6C693E50726973652064652064C3A9636973696F6E20C3A02064697374616E63653C2F6C693E3C2F756C3E0D0A3C756C3E',X'3C756C20636C6173733D2762756C6C657465642D6C697374273E3C6C693E3C7370616E20636C6173733D276E756D626572206E756D6265722D6D656469756D273E32683C2F7370616E3E2064652072C3A9756E696F6E732062696D656E7375656C6C65732064276176616E63656D656E742064652070726F6A65743C2F6C693E3C6C693E3C7370616E20636C6173733D276E756D626572206E756D6265722D6D656469756D273E31353C2F7370616E3E207061727469636970616E74732072C3A97061727469732064616E732064696666C3A972656E747320736974657320657420706179733C2F6C693E3C2F756C3E',X'3C7461626C6520636C6173733D2776616C75652D7461626C65273E3C74686561643E3C74723E3C74683E3C2F74683E3C74683E50617274696369706174696F6E3C2F74683E3C74683E5175657374696F6E73206574206964C3A965733C2F74683E3C74683E5072697365732064652064C3A9636973696F6E3C2F74683E3C2F74723E3C2F74686561643E3C74626F64793E3C74723E3C74683E4176616E743C2F74683E3C74643E3C7370616E20636C6173733D276E756D626572273E3230253C2F7370616E3E3C2F74643E3C74643E3C7370616E20636C6173733D276E756D626572273E332D353C2F7370616E3E3C2F74643E3C74643E3C7370616E20636C6173733D276E756D626572273E302D323C2F7370616E3E3C2F74643E3C2F74723E3C74723E3C74683E417072C3A8733C2F74683E3C74643E3C7370616E20636C6173733D276E756D626572206E756D6265722D6C61726765206E756D6265722D676F6F64273E313030253C2F7370616E3E3C2F74643E3C74643E3C7370616E20636C6173733D276E756D626572206E756D6265722D6C61726765206E756D6265722D676F6F64273E35303C2F7370616E3E3C2F74643E3C74643E3C7370616E20636C6173733D276E756D626572206E756D6265722D6C61726765206E756D6265722D676F6F64273E31303C2F7370616E3E3C2F74643E3C2F74723E3C2F74626F64793E3C2F7461626C653E',X'4C652070696C6F7461676520646573207175657374696F6E73206C69766520657420C3A976616C756174696F6E73207065726D657420642761626F7574697220666163696C656D656E74206574207261706964656D656E7420C3A0206465732064C3A9636973696F6E7320706172746167C3A965732C20636F2D636F6E73747275697465732C206CC3A0206FC3B9206C6120636F6E766572736174696F6E2074C3A96CC3A970686F6E69717565207365756C652072656E766F696520736F7576656E74206C27616E696D617465757220C3A020736120736F6C69747564652E',X'456D6D616E75656C204C6520426F75696C6C652C2044697265637465757220496E6E6F766174696F6E2C2041554348414E','/static/images/lebouille.png','logo','3,2,1'),
	(4,X'686563',X'484543',X'2F7374617469632F696D616765732F6865632E706E67',X'466F726D6174696F6E7320C3A020484543',X'3C703E4D6F6E73696575722044696173206120616E696DC3A9203C7374726F6E673E362073657373696F6E7320646520336820646520636F7572733C2F7374726F6E673E206465204D61726B6574696E67204469676974616C20C3A0204845432061757072C3A87320646520333520C3A974756469616E74732E204C6520636F75727320C3A974616974207374727563747572C3A9206175746F7572206427696E74657276656E616E747320657874C3A97269657572732C206465207072C3A973656E746174696F6E732064652063617320657420646520706C757369657572732070617274696573207468C3A96F7269717565732E3C2F703E0D0A3C703E3C7374726F6E673E546F7573206C657320737570706F72747320646520636F75727320C3A9746169656E7420646973706F6E69626C65732073757220576973656D626C793C2F7374726F6E673E2C206C657320C3A974756469616E747320706F75766169656E7420696E74657261676972206176616E742C2070656E64616E7420657420656E747265206C657320636F7572732E3C2F703E3C703E546F7573206C6573203C7374726F6E673E746573747320646520636F6E6E61697373616E6365733C2F7374726F6E673E206574206C65732072C3A9706F6E73657320617578207175657374696F6E7320C3A9746169656E742063656E7472616C6973C3A965732073757220576973656D626C792E3C2F703E',X'747261696E696E6773',X'2F7374617469632F696D616765732F6865632E706E67',X'3C756C20636C6173733D2762756C6C657465642D6C697374273E3C6C693E50617274696369706174696F6E20646520746F7573206C657320C3A974756469616E74733C2F6C693E3C6C693E4576616C756174696F6E2072617069646520646573206163717569733C2F6C693E3C6C693E313020696E74657276656E74696F6E732065787465726E65733C2F6C693E3C2F756C3E',X'3C756C20636C6173733D2762756C6C657465642D6C697374273E3C6C693E3C7370616E20636C6173733D276E756D626572206E756D6265722D6D656469756D273E363C2F7370616E3E2073657373696F6E7320656E20636F7572733C2F6C693E3C6C693E3C7370616E20636C6173733D276E756D626572206E756D6265722D6D656469756D273E33683C2F7370616E3E207061722073657373696F6E3C2F6C693E3C6C693E3C7370616E20636C6173733D276E756D626572206E756D6265722D6D656469756D273E33353C2F7370616E3E20C3A96CC3A87665733C2F6C693E3C2F756C3E',X'3C7461626C6520636C6173733D2776616C75652D7461626C65273E3C74686561643E3C74723E3C74683E3C2F74683E3C74683E50617274696369706174696F6E3C2F74683E3C74683E446F63756D656E747320706172746167C3A9733C2F74683E3C74683E546175782064652073756363C3A8733C2F74683E3C2F74723E3C2F74686561643E3C74626F64793E3C74723E3C74683E4176616E743C2F74683E3C74643E3C7370616E20636C6173733D276E756D626572273E3230253C2F7370616E3E3C2F74643E3C74643E3C7370616E20636C6173733D276E756D626572273E363C2F7370616E3E3C2F74643E3C74643E3C7370616E20636C6173733D276E756D626572273E3630253C2F7370616E3E3C2F74643E3C2F74723E3C74723E3C74683E417072C3A8733C2F74683E3C74643E3C7370616E20636C6173733D276E756D626572206E756D6265722D6C61726765206E756D6265722D676F6F64273E313030253C2F7370616E3E3C2F74643E3C74643E3C7370616E20636C6173733D276E756D626572206E756D6265722D6C61726765206E756D6265722D676F6F64273E35303C2F7370616E3E3C2F74643E3C74643E3C7370616E20636C6173733D276E756D626572206E756D6265722D6C61726765206E756D6265722D676F6F64273E3935253C2F7370616E3E3C2F74643E3C2F74723E3C2F74626F64793E3C2F7461626C653E',X'576973656D626C792065737420756E20626F6F7374657220646520524F492064657320666F726D6174696F6E73206574206465206C27656E736569676E656D656E742E2043656C612064657669656E7420226C65206D616E75656C20696E74657261637469662220717569206163636F6D7061676E65206C27656E73656D626C6520646573207061727469636970616E74732C20656E20636F6D6D756E617574C3A92061766563206C6575727320666F726D6174657572732E',X'47656F726765732D45646F7561726420446961732C2050726F6665737365757220C3A020484543','/static/images/dias.png','logo','4,1,2');

/*!40000 ALTER TABLE `cases` ENABLE KEYS */;
UNLOCK TABLES;


# Dump of table client
# ------------------------------------------------------------

DROP TABLE IF EXISTS `client`;

CREATE TABLE `client` (
  `id` int(11) NOT NULL AUTO_INCREMENT,
  `home_featured` tinyint(1) NOT NULL DEFAULT '0',
  `cases_featured` tinyint(1) NOT NULL DEFAULT '0',
  `client_category_id` int(11) NOT NULL,
  `name` varchar(255) COLLATE utf8_bin NOT NULL,
  `logo` varchar(255) COLLATE utf8_bin NOT NULL,
  `url` varchar(255) COLLATE utf8_bin NOT NULL,
  PRIMARY KEY (`id`),
  KEY `cases_featured` (`cases_featured`)
) ENGINE=InnoDB DEFAULT CHARSET=utf8 COLLATE=utf8_bin;

LOCK TABLES `client` WRITE;
/*!40000 ALTER TABLE `client` DISABLE KEYS */;

INSERT INTO `client` (`id`, `home_featured`, `cases_featured`, `client_category_id`, `name`, `logo`, `url`)
VALUES
	(1,0,0,1,X'416972204C697175696465',X'687474703A2F2F776973656D626C792D636F6E74656E742E73332D776562736974652D65752D776573742D312E616D617A6F6E6177732E636F6D2F636C69656E74732D6C6F676F732F6169726C6971756964652E706E67',X'687474703A2F2F7777772E6169726C6971756964652E636F6D2F'),
	(5,0,0,1,X'416C74696D61',X'687474703A2F2F776973656D626C792D636F6E74656E742E73332D776562736974652D65752D776573742D312E616D617A6F6E6177732E636F6D2F636C69656E74732D6C6F676F732F616C74696D612E706E67',X'687474703A2F2F7777772E616C74696D612E6672'),
	(6,0,0,1,X'4174656C696572',X'687474703A2F2F776973656D626C792D636F6E74656E742E73332D776562736974652D65752D776573742D312E616D617A6F6E6177732E636F6D2F636C69656E74732D6C6F676F732F6174656C6965722E706E67',X'687474703A2F2F7777772E6174656C6965722E6E6574'),
	(7,0,0,1,X'41746C616E746963',X'687474703A2F2F776973656D626C792D636F6E74656E742E73332D776562736974652D65752D776573742D312E616D617A6F6E6177732E636F6D2F636C69656E74732D6C6F676F732F61746C616E7469632E706E67',X'687474703A2F2F7777772E61746C616E746963322E6F72672F'),
	(8,1,1,1,X'41756368616E',X'687474703A2F2F776973656D626C792D636F6E74656E742E73332D776562736974652D65752D776573742D312E616D617A6F6E6177732E636F6D2F636C69656E74732D6C6F676F732F61756368616E2E706E67',X'687474703A2F2F7777772E61756368616E2E6672'),
	(9,0,0,1,X'42654D79417070',X'687474703A2F2F776973656D626C792D636F6E74656E742E73332D776562736974652D65752D776573742D312E616D617A6F6E6177732E636F6D2F636C69656E74732D6C6F676F732F62656D796170702E706E67',X'687474703A2F2F66722E62656D796170702E636F6D2F'),
	(10,0,0,1,X'42696F6465726D61',X'687474703A2F2F776973656D626C792D636F6E74656E742E73332D776562736974652D65752D776573742D312E616D617A6F6E6177732E636F6D2F636C69656E74732D6C6F676F732F62696F6465726D612E676966',X'687474703A2F2F7777772E62696F6465726D612E636F6D'),
	(11,0,1,1,X'424E502050617269626173',X'687474703A2F2F776973656D626C792D636F6E74656E742E73332D776562736974652D65752D776573742D312E616D617A6F6E6177732E636F6D2F636C69656E74732D6C6F676F732F626E702E6A7067',X'687474703A2F2F7777772E626E70706172696261732E6E65742F'),
	(12,0,0,1,X'54686520426F64792053686F70',X'687474703A2F2F776973656D626C792D636F6E74656E742E73332D776562736974652D65752D776573742D312E616D617A6F6E6177732E636F6D2F636C69656E74732D6C6F676F732F626F64792E706E67',X'687474703A2F2F7777772E746865626F647973686F702E66722F'),
	(13,0,0,1,X'426F7579677565732054656C65636F6D',X'687474703A2F2F776973656D626C792D636F6E74656E742E73332D776562736974652D65752D776573742D312E616D617A6F6E6177732E636F6D2F636C69656E74732D6C6F676F732F626F7579677565732E6A7067',X'687474703A2F2F7777772E626F75796775657374656C65636F6D2E66722F'),
	(14,0,1,1,X'4372C3A96469742041677269636F6C65',X'687474703A2F2F776973656D626C792D636F6E74656E742E73332D776562736974652D65752D776573742D312E616D617A6F6E6177732E636F6D2F636C69656E74732D6C6F676F732F63612E706E67',X'687474703A2F2F7777772E6372656469742D61677269636F6C652E66722F'),
	(15,0,0,1,X'436169737365206427416C6C6F636174696F6E732046616D696C69616C6573',X'687474703A2F2F776973656D626C792D636F6E74656E742E73332D776562736974652D65752D776573742D312E616D617A6F6E6177732E636F6D2F636C69656E74732D6C6F676F732F6361662E706E67',X'687474703A2F2F7777772E6361662E66722F'),
	(16,0,0,1,X'416363656E74757265',X'687474703A2F2F776973656D626C792D636F6E74656E742E73332D776562736974652D65752D776573742D312E616D617A6F6E6177732E636F6D2F636C69656E74732D6C6F676F732F616363656E747572652E706E67',X'687474703A2F2F7777772E616363656E747572652E636F6D2F'),
	(17,0,0,2,X'41646574656D',X'687474703A2F2F776973656D626C792D636F6E74656E742E73332D776562736974652D65752D776573742D312E616D617A6F6E6177732E636F6D2F636C69656E74732D6C6F676F732F61646574656D2E706E67',X'687474703A2F2F7777772E61646574656D2E6F7267'),
	(18,0,0,1,X'416C696F722042616E6B',X'687474703A2F2F776973656D626C792D636F6E74656E742E73332D776562736974652D65752D776573742D312E616D617A6F6E6177732E636F6D2F636C69656E74732D6C6F676F732F616C696F7262616E6B2E706E67',X'687474703A2F2F7777772E616C696F7262616E6B2E706C2F'),
	(19,0,0,3,X'417274656120436F6D6D756E69636174696F6E',X'687474703A2F2F776973656D626C792D636F6E74656E742E73332D776562736974652D65752D776573742D312E616D617A6F6E6177732E636F6D2F636C69656E74732D6C6F676F732F6172746561636F6D6D756E69636174696F6E2E706E67',X'687474703A2F2F7777772E61727465612D6672616E63652E636F6D2F'),
	(20,0,0,2,X'41534D4550',X'687474703A2F2F776973656D626C792D636F6E74656E742E73332D776562736974652D65752D776573742D312E616D617A6F6E6177732E636F6D2F636C69656E74732D6C6F676F732F61736D65702E706E67',X'687474703A2F2F7777772E61736D65702D6574692E66722F'),
	(21,0,0,2,X'4176656265',X'687474703A2F2F776973656D626C792D636F6E74656E742E73332D776562736974652D65752D776573742D312E616D617A6F6E6177732E636F6D2F636C69656E74732D6C6F676F732F61766562652E706E67',X'687474703A2F2F7777772E61766562652E636F6D2F'),
	(22,0,0,1,X'42616E71756520506F70756C61697265',X'687474703A2F2F776973656D626C792D636F6E74656E742E73332D776562736974652D65752D776573742D312E616D617A6F6E6177732E636F6D2F636C69656E74732D6C6F676F732F62616E717565706F70756C616972652E706E67',X'687474703A2F2F7777772E62616E717565706F70756C616972652E66722F'),
	(23,0,0,1,X'42656172696E6720506F696E74',X'687474703A2F2F776973656D626C792D636F6E74656E742E73332D776562736974652D65752D776573742D312E616D617A6F6E6177732E636F6D2F636C69656E74732D6C6F676F732F62656172696E67706F696E742E706E67',X'687474703A2F2F7777772E62656172696E67706F696E742E636F6D2F66722D66722F'),
	(24,0,0,1,X'425049',X'687474703A2F2F776973656D626C792D636F6E74656E742E73332D776562736974652D65752D776573742D312E616D617A6F6E6177732E636F6D2F636C69656E74732D6C6F676F732F6270692E706E67',X'687474703A2F2F7777772E67726F7570652D6270692E636F6D2F'),
	(25,0,1,1,X'4361727265666F7572',X'687474703A2F2F776973656D626C792D636F6E74656E742E73332D776562736974652D65752D776573742D312E616D617A6F6E6177732E636F6D2F636C69656E74732D6C6F676F732F6361727265666F75722E706E67',X'687474703A2F2F7777772E6361727265666F75722E636F6D2F'),
	(26,0,0,3,X'4167656E63652043617272C3A96D656E74',X'687474703A2F2F776973656D626C792D636F6E74656E742E73332D776562736974652D65752D776573742D312E616D617A6F6E6177732E636F6D2F636C69656E74732D6C6F676F732F63617272656D656E742E706E67',X'687474703A2F2F7777772E6167656E636563617272656D656E742E636F6D2F'),
	(27,0,0,3,X'436861C3AF6B616E61204576656E74',X'687474703A2F2F776973656D626C792D636F6E74656E742E73332D776562736974652D65752D776573742D312E616D617A6F6E6177732E636F6D2F636C69656E74732D6C6F676F732F636861696B616E612E706E67',X'687474703A2F2F7777772E636861696B616E616576656E742E636F6D2F'),
	(28,0,0,2,X'434E4343',X'687474703A2F2F776973656D626C792D636F6E74656E742E73332D776562736974652D65752D776573742D312E616D617A6F6E6177732E636F6D2F636C69656E74732D6C6F676F732F636E63632E706E67',X'687474703A2F2F7777772E636E63632E66722F'),
	(29,0,0,3,X'436F6D6578706F7369756D',X'687474703A2F2F776973656D626C792D636F6E74656E742E73332D776562736974652D65752D776573742D312E616D617A6F6E6177732E636F6D2F636C69656E74732D6C6F676F732F636F6D6578706F7369756D2E706E67',X'687474703A2F2F7777772E636F6D6578706F7369756D2E636F6D2F'),
	(30,0,0,3,X'436F766973696F6E',X'687474703A2F2F776973656D626C792D636F6E74656E742E73332D776562736974652D65752D776573742D312E616D617A6F6E6177732E636F6D2F636C69656E74732D6C6F676F732F636F766973696F6E2E706E67',X'687474703A2F2F7777772E636F766973696F6E2E636F6D2F'),
	(31,0,0,2,X'454352204575726F7065',X'687474703A2F2F776973656D626C792D636F6E74656E742E73332D776562736974652D65752D776573742D312E616D617A6F6E6177732E636F6D2F636C69656E74732D6C6F676F732F6563726575726F70652E706E67',X'687474703A2F2F7777772E6563722D6575726F70652E6F72672F'),
	(32,0,0,1,X'45676F6E205A656E64657220496E7465726E6174696F6E616C',X'687474703A2F2F776973656D626C792D636F6E74656E742E73332D776562736974652D65752D776573742D312E616D617A6F6E6177732E636F6D2F636C69656E74732D6C6F676F732F65676F6E7A2E706E67',X'687474703A2F2F7777772E65676F6E7A65686E6465722E636F6D2F'),
	(33,0,0,1,X'456C6C65204D6167617A696E65',X'687474703A2F2F776973656D626C792D636F6E74656E742E73332D776562736974652D65752D776573742D312E616D617A6F6E6177732E636F6D2F636C69656E74732D6C6F676F732F656C6C652E706E67',X'687474703A2F2F7777772E656C6C652E66722F'),
	(34,0,0,1,X'4575726F636F70746572',X'687474703A2F2F776973656D626C792D636F6E74656E742E73332D776562736974652D65752D776573742D312E616D617A6F6E6177732E636F6D2F636C69656E74732D6C6F676F732F6575726F636F707465722E706E67',X'687474703A2F2F7777772E6575726F636F707465722E636F6D2F'),
	(35,0,0,2,X'45574541',X'687474703A2F2F776973656D626C792D636F6E74656E742E73332D776562736974652D65752D776573742D312E616D617A6F6E6177732E636F6D2F636C69656E74732D6C6F676F732F657765612E706E67',X'687474703A2F2F7777772E657765612E6F72672F'),
	(36,0,0,1,X'466F7274756E656F',X'687474703A2F2F776973656D626C792D636F6E74656E742E73332D776562736974652D65752D776573742D312E616D617A6F6E6177732E636F6D2F636C69656E74732D6C6F676F732F666F7274756E656F2E706E67',X'687474703A2F2F7777772E666F7274756E656F2E66722F'),
	(37,0,0,1,X'4672616E63652054C3A96CC3A9766973696F6E',X'687474703A2F2F776973656D626C792D636F6E74656E742E73332D776562736974652D65752D776573742D312E616D617A6F6E6177732E636F6D2F636C69656E74732D6C6F676F732F6672616E636574762E706E67',X'687474703A2F2F7777772E6672616E636574656C65766973696F6E732E66722F'),
	(38,0,0,1,X'47616E204173737572616E636573',X'687474703A2F2F776973656D626C792D636F6E74656E742E73332D776562736974652D65752D776573742D312E616D617A6F6E6177732E636F6D2F636C69656E74732D6C6F676F732F67616E2E706E67',X'687474703A2F2F7777772E67616E2E66722F'),
	(39,0,0,1,X'47656E6572616C69',X'687474703A2F2F776973656D626C792D636F6E74656E742E73332D776562736974652D65752D776573742D312E616D617A6F6E6177732E636F6D2F636C69656E74732D6C6F676F732F67656E6572616C692E706E67',X'687474703A2F2F7777772E67656E6572616C692E66722F'),
	(40,0,1,1,X'4752542047617A',X'687474703A2F2F776973656D626C792D636F6E74656E742E73332D776562736974652D65752D776573742D312E616D617A6F6E6177732E636F6D2F636C69656E74732D6C6F676F732F67727467617A2E706E67',X'687474703A2F2F7777772E67727467617A2E636F6D2F'),
	(41,0,0,3,X'486170707943686963',X'687474703A2F2F776973656D626C792D636F6E74656E742E73332D776562736974652D65752D776573742D312E616D617A6F6E6177732E636F6D2F636C69656E74732D6C6F676F732F6861707079636869632E706E67',X'687474703A2F2F7777772E68617070796368696367726F75702E636F6D2F'),
	(42,0,0,1,X'4164697373656F',X'687474703A2F2F776973656D626C792D636F6E74656E742E73332D776562736974652D65752D776573742D312E616D617A6F6E6177732E636F6D2F636C69656E74732D6C6F676F732F6164697373656F2E706E67',X'687474703A2F2F7777772E6164697373656F2E636F6D2F'),
	(43,0,0,1,X'43616E616C2B',X'687474703A2F2F776973656D626C792D636F6E74656E742E73332D776562736974652D65752D776573742D312E616D617A6F6E6177732E636F6D2F636C69656E74732D6C6F676F732F63616E616C2E706E67',X'687474703A2F2F7777772E63616E616C706C75736672616E63652E66722F'),
	(44,1,1,1,X'43617047656D696E69',X'687474703A2F2F776973656D626C792D636F6E74656E742E73332D776562736974652D65752D776573742D312E616D617A6F6E6177732E636F6D2F636C69656E74732D6C6F676F732F63617067656D696E692E706E67',X'687474703A2F2F7777772E66722E63617067656D696E692E636F6D'),
	(45,0,0,1,X'436173696E6F',X'687474703A2F2F776973656D626C792D636F6E74656E742E73332D776562736974652D65752D776573742D312E616D617A6F6E6177732E636F6D2F636C69656E74732D6C6F676F732F636173696E6F2E706E67',X'687474703A2F2F7777772E67726F7570652D636173696E6F2E66722F'),
	(46,1,1,1,X'44616E6F6E65',X'687474703A2F2F776973656D626C792D636F6E74656E742E73332D776562736974652D65752D776573742D312E616D617A6F6E6177732E636F6D2F636C69656E74732D6C6F676F732F64616E6F6E652E706E67',X'687474703A2F2F7777772E64616E6F6E652E636F6D2F'),
	(47,0,0,1,X'44434E53',X'687474703A2F2F776973656D626C792D636F6E74656E742E73332D776562736974652D65752D776573742D312E616D617A6F6E6177732E636F6D2F636C69656E74732D6C6F676F732F64636E732E706E67',X'687474703A2F2F66722E64636E7367726F75702E636F6D2F'),
	(48,0,0,2,X'454247',X'687474703A2F2F776973656D626C792D636F6E74656E742E73332D776562736974652D65752D776573742D312E616D617A6F6E6177732E636F6D2F636C69656E74732D6C6F676F732F6562672E6A7067',X'687474703A2F2F7777772E6562672E6E65742F'),
	(49,0,0,2,X'4C6573204563686F7320436F6E66C3A972656E6365',X'687474703A2F2F776973656D626C792D636F6E74656E742E73332D776562736974652D65752D776573742D312E616D617A6F6E6177732E636F6D2F636C69656E74732D6C6F676F732F6C65736563686F732E706E67',X'687474703A2F2F7777772E6C65736563686F732D636F6E666572656E6365732E66722F'),
	(50,0,0,3,X'4564697469616C6973',X'687474703A2F2F776973656D626C792D636F6E74656E742E73332D776562736974652D65752D776573742D312E616D617A6F6E6177732E636F6D2F636C69656E74732D6C6F676F732F6564697469616C69732E706E67',X'687474703A2F2F7777772E6564697469616C69732E66722F'),
	(51,0,0,4,X'4553435020556E69766572736974C3A9',X'687474703A2F2F776973656D626C792D636F6E74656E742E73332D776562736974652D65752D776573742D312E616D617A6F6E6177732E636F6D2F636C69656E74732D6C6F676F732F657363702E706E67',X'687474703A2F2F7777772E657363706575726F70652E65752F66722F'),
	(52,0,0,2,X'464550454D',X'687474703A2F2F776973656D626C792D636F6E74656E742E73332D776562736974652D65752D776573742D312E616D617A6F6E6177732E636F6D2F636C69656E74732D6C6F676F732F666570656D2E706E67',X'687474703A2F2F7777772E666570656D2E66722F6163637565696C'),
	(53,0,0,2,X'4645524D41',X'687474703A2F2F776973656D626C792D636F6E74656E742E73332D776562736974652D65752D776573742D312E616D617A6F6E6177732E636F6D2F636C69656E74732D6C6F676F732F6665726D612E706E67',X'687474703A2F2F7777772E6665726D612E65752F'),
	(54,0,0,2,X'466564657261746564204D65646961',X'687474703A2F2F776973656D626C792D636F6E74656E742E73332D776562736974652D65752D776573742D312E616D617A6F6E6177732E636F6D2F636C69656E74732D6C6F676F732F666D2E706E67',X'687474703A2F2F7777772E6665646572617465646D656469612E6E65742F'),
	(55,0,1,1,X'474446205375657A',X'687474703A2F2F776973656D626C792D636F6E74656E742E73332D776562736974652D65752D776573742D312E616D617A6F6E6177732E636F6D2F636C69656E74732D6C6F676F732F6764662E706E67',X'687474703A2F2F7777772E6764667375657A2E636F6D2F'),
	(56,1,0,1,X'476F6F676C65',X'687474703A2F2F776973656D626C792D636F6E74656E742E73332D776562736974652D65752D776573742D312E616D617A6F6E6177732E636F6D2F636C69656E74732D6C6F676F732F676F6F676C652E706E67',X'68747470733A2F2F7777772E676F6F676C652E66722F696E746C2F66722F61626F75742F'),
	(57,0,0,1,X'47726F7570616D61',X'687474703A2F2F776973656D626C792D636F6E74656E742E73332D776562736974652D65752D776573742D312E616D617A6F6E6177732E636F6D2F636C69656E74732D6C6F676F732F67726F7570616D612E706E67',X'687474703A2F2F7777772E67726F7570616D612E66722F'),
	(58,0,0,1,X'47726F75706F6E',X'687474703A2F2F776973656D626C792D636F6E74656E742E73332D776562736974652D65752D776573742D312E616D617A6F6E6177732E636F6D2F636C69656E74732D6C6F676F732F67726F75706F6E2E706E67',X'687474703A2F2F7777772E67726F75706F6E2E66722F'),
	(59,0,0,2,X'4861636B20465744',X'687474703A2F2F776973656D626C792D636F6E74656E742E73332D776562736974652D65752D776573742D312E616D617A6F6E6177732E636F6D2F636C69656E74732D6C6F676F732F6861636B6677642E706E67',X'687474703A2F2F6861636B6677642E636F6D2F'),
	(60,0,1,3,X'4861766173',X'687474703A2F2F776973656D626C792D636F6E74656E742E73332D776562736974652D65752D776573742D312E616D617A6F6E6177732E636F6D2F636C69656E74732D6C6F676F732F68617661732E6A7067',X'687474703A2F2F7777772E68617661736576656E742E636F6D2F'),
	(61,0,0,4,X'484543',X'687474703A2F2F776973656D626C792D636F6E74656E742E73332D776562736974652D65752D776573742D312E616D617A6F6E6177732E636F6D2F636C69656E74732D6C6F676F732F6865632E676966',X'687474703A2F2F7777772E6865632E66722F'),
	(62,0,0,2,X'48756220466F72756D',X'687474703A2F2F776973656D626C792D636F6E74656E742E73332D776562736974652D65752D776573742D312E616D617A6F6E6177732E636F6D2F636C69656E74732D6C6F676F732F687562666F72756D2E706E67',X'687474703A2F2F7777772E687562666F72756D2E636F6D2F'),
	(63,0,0,3,X'4944414F53',X'687474703A2F2F776973656D626C792D636F6E74656E742E73332D776562736974652D65752D776573742D312E616D617A6F6E6177732E636F6D2F636C69656E74732D6C6F676F732F6964616F732E706E67',X'687474703A2F2F7777772E6964616F732E636F6D2F'),
	(64,0,0,1,X'49464153',X'687474703A2F2F776973656D626C792D636F6E74656E742E73332D776562736974652D65752D776573742D312E616D617A6F6E6177732E636F6D2F636C69656E74732D6C6F676F732F696661732E706E67',X'687474703A2F2F7777772E696661732E6E65742F'),
	(65,0,0,2,X'496E7465726E6574205765656B204E65772D596F726B',X'687474703A2F2F776973656D626C792D636F6E74656E742E73332D776562736974652D65752D776573742D312E616D617A6F6E6177732E636F6D2F636C69656E74732D6C6F676F732F69776E792E706E67',X'68747470733A2F2F7777772E696E7465726E65747765656B6E792E636F6D2F'),
	(66,0,0,1,X'4B7572742053616C6D6F6E',X'687474703A2F2F776973656D626C792D636F6E74656E742E73332D776562736974652D65752D776573742D312E616D617A6F6E6177732E636F6D2F636C69656E74732D6C6F676F732F6B7572742E706E67',X'687474703A2F2F7777772E6B75727473616C6D6F6E2E636F6D2F'),
	(67,0,0,1,X'4C656E6F766F204672616E6365',X'687474703A2F2F776973656D626C792D636F6E74656E742E73332D776562736974652D65752D776573742D312E616D617A6F6E6177732E636F6D2F636C69656E74732D6C6F676F732F6C656E6F766F2E706E67',X'687474703A2F2F7777772E6C656E6F766F2E636F6D2F'),
	(68,0,1,1,X'4C274F72C3A9616C',X'687474703A2F2F776973656D626C792D636F6E74656E742E73332D776562736974652D65752D776573742D312E616D617A6F6E6177732E636F6D2F636C69656E74732D6C6F676F732F6C6F7265616C2E706E67',X'687474703A2F2F7777772E6C6F7265616C2E66722F'),
	(69,0,0,1,X'4C274F72C3A9616C20555341',X'687474703A2F2F776973656D626C792D636F6E74656E742E73332D776562736974652D65752D776573742D312E616D617A6F6E6177732E636F6D2F636C69656E74732D6C6F676F732F6C6F7265616C75732E706E67',X'687474703A2F2F7777772E6C6F7265616C7573612E636F6D2F'),
	(70,0,0,2,X'4D65646566',X'687474703A2F2F776973656D626C792D636F6E74656E742E73332D776562736974652D65752D776573742D312E616D617A6F6E6177732E636F6D2F636C69656E74732D6C6F676F732F6D656465662E706E67',X'687474703A2F2F7777772E6D656465662E636F6D2F'),
	(71,0,1,1,X'4D6963726F736F6674',X'687474703A2F2F776973656D626C792D636F6E74656E742E73332D776562736974652D65752D776573742D312E616D617A6F6E6177732E636F6D2F636C69656E74732D6C6F676F732F6D6963726F736F66742E706E67',X'687474703A2F2F7777772E6D6963726F736F66742E636F6D2F'),
	(72,0,0,3,X'4D6964656D',X'687474703A2F2F776973656D626C792D636F6E74656E742E73332D776562736974652D65752D776573742D312E616D617A6F6E6177732E636F6D2F636C69656E74732D6C6F676F732F6D6964656D2E676966',X'687474703A2F2F7777772E6D6964656D2E636F6D2F'),
	(73,0,0,3,X'4D69705456',X'687474703A2F2F776973656D626C792D636F6E74656E742E73332D776562736974652D65752D776573742D312E616D617A6F6E6177732E636F6D2F636C69656E74732D6C6F676F732F6D697074762E706E67',X'687474703A2F2F7777772E6D6970776F726C642E636F6D2F6D697074762F'),
	(74,0,0,2,X'4D6F62696C654D6F6E646179',X'687474703A2F2F776973656D626C792D636F6E74656E742E73332D776562736974652D65752D776573742D312E616D617A6F6E6177732E636F6D2F636C69656E74732D6C6F676F732F6D6D6F6E6461792E6A706567',X'687474703A2F2F7777772E6D6F62696C656D6F6E6461796672616E63652E6F72672F'),
	(75,0,0,1,X'4E4253',X'687474703A2F2F776973656D626C792D636F6E74656E742E73332D776562736974652D65752D776573742D312E616D617A6F6E6177732E636F6D2F636C69656E74732D6C6F676F732F6E62732E706E67',X'687474703A2F2F7777772E6E62732D73797374656D2E636F6D2F'),
	(76,0,0,1,X'4E4543',X'687474703A2F2F776973656D626C792D636F6E74656E742E73332D776562736974652D65752D776573742D312E616D617A6F6E6177732E636F6D2F636C69656E74732D6C6F676F732F6E65632E706E67',X'687474703A2F2F7777772E6E65632E66722F'),
	(77,0,0,2,X'4E65744578706C6F726174657572',X'687474703A2F2F776973656D626C792D636F6E74656E742E73332D776562736974652D65752D776573742D312E616D617A6F6E6177732E636F6D2F636C69656E74732D6C6F676F732F6E65746578706C6F7261746575722E706E67',X'687474703A2F2F7777772E6E65746578706C6F2E6F72672F'),
	(78,0,0,1,X'4E595345204575726F6E657874',X'687474703A2F2F776973656D626C792D636F6E74656E742E73332D776562736974652D65752D776573742D312E616D617A6F6E6177732E636F6D2F636C69656E74732D6C6F676F732F6E7973652E706E67',X'68747470733A2F2F6575726F7065616E65717569746965732E6E79782E636F6D2F66722F77656C636F6D65'),
	(79,0,0,1,X'4F62657274687572',X'687474703A2F2F776973656D626C792D636F6E74656E742E73332D776562736974652D65752D776573742D312E616D617A6F6E6177732E636F6D2F636C69656E74732D6C6F676F732F6F626572746875722E706E67',X'687474703A2F2F7777772E6F626572746875722E636F6D2F'),
	(80,1,0,1,X'4F72616E6765',X'687474703A2F2F776973656D626C792D636F6E74656E742E73332D776562736974652D65752D776573742D312E616D617A6F6E6177732E636F6D2F636C69656E74732D6C6F676F732F6F72616E67652E706E67',X'687474703A2F2F6F72616E67652D656E2D6672616E63652E6F72616E67652E66722F'),
	(81,0,0,1,X'50617970616C',X'687474703A2F2F776973656D626C792D636F6E74656E742E73332D776562736974652D65752D776573742D312E616D617A6F6E6177732E636F6D2F636C69656E74732D6C6F676F732F70617970616C2E706E67',X'68747470733A2F2F7777772E70617970616C2E636F6D2F66722F6367692D62696E2F7765627363723F636D643D5F686F6D65'),
	(82,0,0,1,X'506F6C6520456D706C6F69',X'687474703A2F2F776973656D626C792D636F6E74656E742E73332D776562736974652D65752D776573742D312E616D617A6F6E6177732E636F6D2F636C69656E74732D6C6F676F732F70652E706E67',X'687474703A2F2F7777772E706F6C652D656D706C6F692E66722F'),
	(83,0,0,3,X'50726F64656F',X'687474703A2F2F776973656D626C792D636F6E74656E742E73332D776562736974652D65752D776573742D312E616D617A6F6E6177732E636F6D2F636C69656E74732D6C6F676F732F70726F64656F2E706E67',X'687474703A2F2F7777772E70726F64656F2E636F6D2F'),
	(84,0,0,1,X'50726F736F646965',X'687474703A2F2F776973656D626C792D636F6E74656E742E73332D776562736974652D65752D776573742D312E616D617A6F6E6177732E636F6D2F636C69656E74732D6C6F676F732F70726F736F6469652E706E67',X'687474703A2F2F7777772E70726F736F6469652E66722F'),
	(85,0,1,1,X'505341',X'687474703A2F2F776973656D626C792D636F6E74656E742E73332D776562736974652D65752D776573742D312E616D617A6F6E6177732E636F6D2F636C69656E74732D6C6F676F732F7073612E706E67',X'687474703A2F2F7777772E7073612D70657567656F742D636974726F656E2E636F6D2F'),
	(86,0,0,3,X'5075626C696369732047726F757065',X'687474703A2F2F776973656D626C792D636F6E74656E742E73332D776562736974652D65752D776573742D312E616D617A6F6E6177732E636F6D2F636C69656E74732D6C6F676F732F7075626C696369732E706E67',X'687474703A2F2F7777772E7075626C6963697367726F7570652E636F6D2F'),
	(87,0,0,3,X'4C65205075626C69632053797374656D',X'687474703A2F2F776973656D626C792D636F6E74656E742E73332D776562736974652D65752D776573742D312E616D617A6F6E6177732E636F6D2F636C69656E74732D6C6F676F732F7075626C696373797374656D2E706E67',X'687474703A2F2F7777772E6C657075626C696373797374656D652E636F6D2F'),
	(88,0,0,1,X'52656463617473',X'687474703A2F2F776973656D626C792D636F6E74656E742E73332D776562736974652D65752D776573742D312E616D617A6F6E6177732E636F6D2F636C69656E74732D6C6F676F732F726564636174732E706E67',X'687474703A2F2F7777772E726564636174732E636F6D2F'),
	(89,0,0,1,X'524646',X'687474703A2F2F776973656D626C792D636F6E74656E742E73332D776562736974652D65752D776573742D312E616D617A6F6E6177732E636F6D2F636C69656E74732D6C6F676F732F7266662E706E67',X'687474703A2F2F7777772E7266662E66722F6672'),
	(90,0,0,1,X'52686F646961',X'687474703A2F2F776973656D626C792D636F6E74656E742E73332D776562736974652D65752D776573742D312E616D617A6F6E6177732E636F6D2F636C69656E74732D6C6F676F732F72686F6469612E706E67',X'687474703A2F2F7777772E72686F6469612E636F6D2F66722F'),
	(91,1,1,1,X'53616E6F6669',X'687474703A2F2F776973656D626C792D636F6E74656E742E73332D776562736974652D65752D776573742D312E616D617A6F6E6177732E636F6D2F636C69656E74732D6C6F676F732F73616E6F66692E706E67',X'687474703A2F2F7777772E73616E6F66692E66722F'),
	(92,0,0,4,X'536369656E636520506F',X'687474703A2F2F776973656D626C792D636F6E74656E742E73332D776562736974652D65752D776573742D312E616D617A6F6E6177732E636F6D2F636C69656E74732D6C6F676F732F736369656E636573706F2E676966',X'687474703A2F2F7777772E736369656E636573706F2E66722F'),
	(93,0,0,1,X'53656C6F6765722E636F6D',X'687474703A2F2F776973656D626C792D636F6E74656E742E73332D776562736974652D65752D776573742D312E616D617A6F6E6177732E636F6D2F636C69656E74732D6C6F676F732F73656C6F6765722E706E67',X'687474703A2F2F7777772E73656C6F6765722E636F6D2F'),
	(94,0,0,2,X'53696C69636F6E2053656E74696572',X'687474703A2F2F776973656D626C792D636F6E74656E742E73332D776562736974652D65752D776573742D312E616D617A6F6E6177732E636F6D2F636C69656E74732D6C6F676F732F73696C69636F6E73656E746965722E706E67',X'687474703A2F2F73696C69636F6E73656E746965722E6F72672F'),
	(95,0,0,2,X'537461727420496E205061726973',X'687474703A2F2F776973656D626C792D636F6E74656E742E73332D776562736974652D65752D776573742D312E616D617A6F6E6177732E636F6D2F636C69656E74732D6C6F676F732F7369702E706E67',X'687474703A2F2F7777772E7374617274696E70617269732E636F6D2F'),
	(96,0,0,2,X'534D58',X'687474703A2F2F776973656D626C792D636F6E74656E742E73332D776562736974652D65752D776573742D312E616D617A6F6E6177732E636F6D2F636C69656E74732D6C6F676F732F736D782E706E67',X'687474703A2F2F736D786D75656E6368656E2E64652F'),
	(97,1,1,1,X'534E4346',X'687474703A2F2F776973656D626C792D636F6E74656E742E73332D776562736974652D65752D776573742D312E616D617A6F6E6177732E636F6D2F636C69656E74732D6C6F676F732F736E63662E706E67',X'687474703A2F2F7777772E736E63662E636F6D2F66722F'),
	(98,0,1,1,X'536F6465786F',X'687474703A2F2F776973656D626C792D636F6E74656E742E73332D776562736974652D65752D776573742D312E616D617A6F6E6177732E636F6D2F636C69656E74732D6C6F676F732F736F6465786F2E6A7067',X'687474703A2F2F66722E736F6465786F2E636F6D2F'),
	(99,1,1,1,X'536F6C766179',X'687474703A2F2F776973656D626C792D636F6E74656E742E73332D776562736974652D65752D776573742D312E616D617A6F6E6177732E636F6D2F636C69656E74732D6C6F676F732F736F6C7661792E706E67',X'687474703A2F2F7777772E736F6C7661792E66722F'),
	(100,0,0,1,X'536F7265676F72',X'687474703A2F2F776973656D626C792D636F6E74656E742E73332D776562736974652D65752D776573742D312E616D617A6F6E6177732E636F6D2F636C69656E74732D6C6F676F732F736F7265676F722E706E67',X'687474703A2F2F7777772E736F7265676F722E66722F'),
	(101,0,0,3,X'537472617465676963204576656E74',X'687474703A2F2F776973656D626C792D636F6E74656E742E73332D776562736974652D65752D776573742D312E616D617A6F6E6177732E636F6D2F636C69656E74732D6C6F676F732F7374726174656769636576656E742E706E67',X'687474703A2F2F7777772E736576656E742E66722F'),
	(102,0,0,2,X'53746172747570205765656B656E64',X'687474703A2F2F776973656D626C792D636F6E74656E742E73332D776562736974652D65752D776573742D312E616D617A6F6E6177732E636F6D2F636C69656E74732D6C6F676F732F73772E706E67',X'687474703A2F2F737461727475707765656B656E642E6F72672F'),
	(103,0,0,1,X'53796E657267656E6365',X'687474703A2F2F776973656D626C792D636F6E74656E742E73332D776562736974652D65752D776573742D312E616D617A6F6E6177732E636F6D2F636C69656E74732D6C6F676F732F73796E657267656E63652E706E67',X'687474703A2F2F7777772E73796E657267656E63652E636F6D2F'),
	(104,0,0,2,X'546563686372756E63682046522052656D6978',X'687474703A2F2F776973656D626C792D636F6E74656E742E73332D776562736974652D65752D776573742D312E616D617A6F6E6177732E636F6D2F636C69656E74732D6C6F676F732F74636672656D69782E706E67',X'687474703A2F2F66722E746563686372756E63682E636F6D2F'),
	(105,0,1,1,X'544631',X'687474703A2F2F776973656D626C792D636F6E74656E742E73332D776562736974652D65752D776573742D312E616D617A6F6E6177732E636F6D2F636C69656E74732D6C6F676F732F7466312E706E67',X'687474703A2F2F7777772E7466312E66722F'),
	(106,0,0,1,X'4172657661',X'687474703A2F2F776973656D626C792D636F6E74656E742E73332E616D617A6F6E6177732E636F6D2F636C69656E74732D6C6F676F732F61726576612E706E67',X'687474703A2F2F7777772E61726576612E636F6D2F'),
	(107,0,0,1,X'5669636879',X'687474703A2F2F776973656D626C792D636F6E74656E742E73332D776562736974652D65752D776573742D312E616D617A6F6E6177732E636F6D2F636C69656E74732D6C6F676F732F76696368792E676966',X'687474703A2F2F7777772E76696368792E66722F'),
	(108,0,0,3,X'56696C6C6164616CC3A973696126436F',X'687474703A2F2F776973656D626C792D636F6E74656E742E73332D776562736974652D65752D776573742D312E616D617A6F6E6177732E636F6D2F636C69656E74732D6C6F676F732F76696C6C612E706E67',X'687474703A2F2F7777772E76696C6C6164616C65736961616E64636F2E636F6D2F'),
	(109,0,0,1,X'56696E6369204175746F726F75746573',X'687474703A2F2F776973656D626C792D636F6E74656E742E73332D776562736974652D65752D776573742D312E616D617A6F6E6177732E636F6D2F636C69656E74732D6C6F676F732F76696E6369612E706E67',X'687474703A2F2F7777772E76696E63692D6175746F726F757465732E636F6D2F'),
	(110,0,0,1,X'5765617665',X'687474703A2F2F776973656D626C792D636F6E74656E742E73332D776562736974652D65752D776573742D312E616D617A6F6E6177732E636F6D2F636C69656E74732D6C6F676F732F77656176652E706E67',X'687474703A2F2F77656176652E65752F'),
	(111,0,0,2,X'576F6D656E277320466F72756D',X'687474703A2F2F776973656D626C792D636F6E74656E742E73332D776562736974652D65752D776573742D312E616D617A6F6E6177732E636F6D2F636C69656E74732D6C6F676F732F77662E6A7067',X'687474703A2F2F7777772E776F6D656E732D666F72756D2E636F6D2F'),
	(112,0,0,1,X'5961686F6F',X'687474703A2F2F776973656D626C792D636F6E74656E742E73332D776562736974652D65752D776573742D312E616D617A6F6E6177732E636F6D2F636C69656E74732D6C6F676F732F7961686F6F2E706E67',X'687474703A2F2F66722E7961686F6F2E636F6D2F'),
	(113,0,0,1,X'47616C6C6572696573204C6166617965747465',X'687474703A2F2F776973656D626C792D636F6E74656E742E73332D776562736974652D65752D776573742D312E616D617A6F6E6177732E636F6D2F636C69656E74732D6C6F676F732F6C61666179657474652E706E67',X'687474703A2F2F7777772E67616C65726965736C61666179657474652E636F6D2F'),
	(114,0,0,1,X'5361696E742D476F6261696E',X'687474703A2F2F776973656D626C792D636F6E74656E742E73332D776562736974652D65752D776573742D312E616D617A6F6E6177732E636F6D2F636C69656E74732D6C6F676F732F7361696E74676F6261696E2E706E67',X'687474703A2F2F7777772E7361696E742D676F6261696E2E636F6D2F'),
	(115,0,0,3,X'4C6120466F6E6465726965',X'687474703A2F2F776973656D626C792D636F6E74656E742E73332D776562736974652D65752D776573742D312E616D617A6F6E6177732E636F6D2F636C69656E74732D6C6F676F732F666F6E64657269652E706E67',X'687474703A2F2F7777772E6C61666F6E64657269652D6964662E66722F'),
	(116,0,0,1,X'4D6F62697669612047726F757065',X'687474703A2F2F776973656D626C792D636F6E74656E742E73332D776562736974652D65752D776573742D312E616D617A6F6E6177732E636F6D2F636C69656E74732D6C6F676F732F6D6F62697669612E706E67',X'687474703A2F2F7777772E6D6F626976696167726F7570652E636F6D2F'),
	(117,0,0,1,X'4F6C69766965722057796D616E',X'687474703A2F2F776973656D626C792D636F6E74656E742E73332D776562736974652D65752D776573742D312E616D617A6F6E6177732E636F6D2F636C69656E74732D6C6F676F732F6F6C697669657277796D616E2E706E67',X'687474703A2F2F7777772E6F6C6976657277796D616E2E636F6D2F'),
	(118,0,0,3,X'4D616E67616E656C6C69',X'687474703A2F2F776973656D626C792D636F6E74656E742E73332D776562736974652D65752D776573742D312E616D617A6F6E6177732E636F6D2F636C69656E74732D6C6F676F732F6D616E67616E656C6C692E706E67',X'687474703A2F2F7777772E6D616E67616E656C6C692E636F6D2F'),
	(119,0,0,2,X'4D6173682D7570',X'687474703A2F2F776973656D626C792D636F6E74656E742E73332D776562736974652D65752D776573742D312E616D617A6F6E6177732E636F6D2F636C69656E74732D6C6F676F732F6D61736875702E706E67',X'687474703A2F2F7777772E6D6173682D75702E66722F'),
	(120,1,1,1,X'424D57',X'687474703A2F2F776973656D626C792D636F6E74656E742E73332D776562736974652D65752D776573742D312E616D617A6F6E6177732E636F6D2F636C69656E74732D6C6F676F732F626D772E706E67',X'687474703A2F2F7777772E626D772E636F6D2F'),
	(121,1,0,1,X'415841',X'687474703A2F2F776973656D626C792D636F6E74656E742E73332D776562736974652D65752D776573742D312E616D617A6F6E6177732E636F6D2F636C69656E74732D6C6F676F732F6178612E6A7067',X'687474703A2F2F6178612E636F6D'),
	(122,1,0,1,X'416972627573',X'687474703A2F2F776973656D626C792D636F6E74656E742E73332D776562736974652D65752D776573742D312E616D617A6F6E6177732E636F6D2F636C69656E74732D6C6F676F732F6169726275732E6A7067',X'687474703A2F2F7777772E6169726275732E636F6D'),
	(123,1,0,1,X'4C6120506F737465',X'687474703A2F2F776973656D626C792D636F6E74656E742E73332D776562736974652D65752D776573742D312E616D617A6F6E6177732E636F6D2F636C69656E74732D6C6F676F732F6C612D706F7374652E706E67',X'687474703A2F2F7777772E6C61706F7374652E6672'),
	(124,1,0,1,X'44656C6F69747465',X'687474703A2F2F776973656D626C792D636F6E74656E742E73332D776562736974652D65752D776573742D312E616D617A6F6E6177732E636F6D2F636C69656E74732D6C6F676F732F64656C6F697474652E6A7067',X'687474703A2F2F7777772E64656C6F697474652E636F6D'),
	(125,1,0,1,X'4C274F7265616C',X'687474703A2F2F776973656D626C792D636F6E74656E742E73332D776562736974652D65752D776573742D312E616D617A6F6E6177732E636F6D2F636C69656E74732D6C6F676F732F6C6F7265616C2E706E67',X'687474703A2F2F7777772E6C6F7265616C2E636F6D'),
	(126,1,0,1,X'4372C3A96469742041677269636F6C65',X'687474703A2F2F776973656D626C792D636F6E74656E742E73332D776562736974652D65752D776573742D312E616D617A6F6E6177732E636F6D2F636C69656E74732D6C6F676F732F6372656469742D61677269636F6C652E6A7067',X'687474703A2F2F7777772E6372656469742D61677269636F6C652E6672'),
	(127,1,1,1,X'536F63696574C3A92047C3A96EC3A972616C65',X'687474703A2F2F776973656D626C792D636F6E74656E742E73332D776562736974652D65752D776573742D312E616D617A6F6E6177732E636F6D2F636C69656E74732D6C6F676F732F736F63696574652D67656E6572616C652E706E67',X'687474703A2F2F7777772E736F636965746567656E6572616C652E66722F'),
	(128,0,0,2,X'576F726C642053747564656E7420466F72756D',X'687474703A2F2F776973656D626C792D636F6E74656E742E73332E616D617A6F6E6177732E636F6D2F636C69656E74732D6C6F676F732F776F726C6473747564656E74666F72756D2E706E67',X'687474703A2F2F7777772E776F726C6473747564656E74666F72756D2E636F6D2F');

/*!40000 ALTER TABLE `client` ENABLE KEYS */;
UNLOCK TABLES;


# Dump of table client_category
# ------------------------------------------------------------

DROP TABLE IF EXISTS `client_category`;

CREATE TABLE `client_category` (
  `id` int(11) NOT NULL AUTO_INCREMENT,
  `name` varchar(255) COLLATE utf8_bin NOT NULL,
  `icon` varchar(255) COLLATE utf8_bin NOT NULL,
  PRIMARY KEY (`id`)
) ENGINE=InnoDB DEFAULT CHARSET=utf8 COLLATE=utf8_bin;

LOCK TABLES `client_category` WRITE;
/*!40000 ALTER TABLE `client_category` DISABLE KEYS */;

INSERT INTO `client_category` (`id`, `name`, `icon`)
VALUES
	(1,X'456E747265707269736573',X'69636F6E2D627269656663617365'),
	(2,X'4173736F63696174696F6E73',X'69636F6E2D67726F7570'),
	(3,X'4167656E636573',X'69636F6E2D6661636574696D652D766964656F'),
	(4,X'4772616E6465732045636F6C6573202620556E69766572736974C3A973',X'69636F6E2D6265616B6572');

/*!40000 ALTER TABLE `client_category` ENABLE KEYS */;
UNLOCK TABLES;


# Dump of table events
# ------------------------------------------------------------

DROP TABLE IF EXISTS `events`;

CREATE TABLE `events` (
  `id` int(11) unsigned NOT NULL AUTO_INCREMENT,
  `title` varchar(255) CHARACTER SET utf8 COLLATE utf8_bin DEFAULT '',
  `date` varchar(255) CHARACTER SET utf8 COLLATE utf8_bin DEFAULT NULL,
  `time` varchar(255) CHARACTER SET utf8 COLLATE utf8_bin DEFAULT NULL,
  `address` varchar(255) CHARACTER SET utf8 COLLATE utf8_bin DEFAULT NULL,
  `description` text CHARACTER SET utf8 COLLATE utf8_bin,
  `url` varchar(255) CHARACTER SET utf8 COLLATE utf8_bin DEFAULT NULL,
  `type` varchar(255) CHARACTER SET utf8 COLLATE utf8_bin DEFAULT NULL,
  PRIMARY KEY (`id`)
) ENGINE=InnoDB DEFAULT CHARSET=utf8;

LOCK TABLES `events` WRITE;
/*!40000 ALTER TABLE `events` DISABLE KEYS */;

INSERT INTO `events` (`id`, `title`, `date`, `time`, `address`, `description`, `url`, `type`)
VALUES
	(1,X'50657469742D64C3A96A65756E6572207468C3A96D617469717565202D20436F6C6C61626F7261746966206574206372C3A96174696F6E2064652076616C657572',X'4A657564692039206F63746F627265',X'38683330',X'38372072756520642741626F756B69722C2037353030322C205061726973',X'496E746572766965772063726F6973C3A96520656E7472652053617261205372656265726E792D4D6F68616D6D6164692C2048656164206F66204D65646961204C6F6769737469637320C3A0206C274F4344452C20657420526F6D61696E2044617669642C2043454F20646520576973656D626C79',X'687474703A2F2F776973656D626C792E636F6D2F626C6F672F323031342F31302F31302F7265746F75722D7375722D6C652D70657469742D64656A65756E65722D7468656D6174697175652D776973656D626C792D312F',X'706173736564'),
	(2,X'576562696E617220737572206C65207468C3A86D65203A2073C3A96D696E6169726520696E7465726163746966',X'4D61726469203231206F63746F627265',X'3968333020C3A020313068',NULL,X'50726976696CC3A8676520436C69656E747320576973656D626C792E',X'68747470733A2F2F73656D696E616972652D696E74657261637469662E6576656E7462726974652E636F6D',X'776562696E6172'),
	(3,X'4166746572776F726B20576973656D626C79',X'4A657564692036206E6F76656D627265',X'3139683030',X'323020727565205361696E74652D43726F6978206465206C6120427265746F6E6E657269652C203735303031205061726973',X'4D6F6A69746F20506172747920C3A0206C6120576973656D626C7920466163746F7279',X'68747470733A2F2F6166746572776F726B2D776973656D626C792D362D6E6F76656D6272652E6576656E7462726974652E636F6D',X'6166746572776F726B'),
	(4,X'576562696E617220737572206C65207468C3A86D65203A2073C3A96D696E6169726520706172746963697061746966',X'4A65756469203133206E6F76656D627265',X'3968333020C3A020313068',NULL,X'50726976696CC3A8676520436C69656E747320576973656D626C792E',X'687474703A2F2F73656D696E616972652D7061727469636970617469662E6576656E7462726974652E636F6D',X'776562696E6172'),
	(5,X'576562696E617220737572206C65207468C3A86D65203A2073C3A96D696E6169726520636F6C6C61626F7261746966',X'4D61726469203235206E6F76656D627265',X'3968333020C3A020313068',NULL,X'50726976696CC3A8676520436C69656E747320576973656D626C792E',X'687474703A2F2F73656D696E616972652D636F6C6C61626F72617469662E6576656E7462726974652E636F6D',X'776562696E6172'),
	(6,X'50657469742D64C3A96A65756E6572207468C3A96D617469717565',X'4A6575646920342064C3A963656D627265',X'313968',NULL,X'496E666F726D6174696F6E732065742064C3A97461696C73207365726F6E7420646973706F6E69626C6573207472C3A8732070726F636861696E656D656E742E',X'68747470733A2F2F70657469742D64656A65756E65722D342D646563656D6272652E6576656E7462726974652E636F6D',X'627265616B66617374'),
	(7,X'576562696E617220737572206C65207468C3A86D65203A206C6120636C61737365206469676974616C65',X'4A657564692031312064C3A963656D627265',X'3968333020C3A020313068',NULL,X'50726976696CC3A8676520436C69656E747320576973656D626C792E',NULL,X'776562696E6172'),
	(8,X'576562696E617220737572206C65207468C3A86D65203A2052C3A9756E696F6E73207669727475656C6C6573',X'4D617264692032332064C3A963656D627265',X'3968333020C3A020313068',NULL,X'50726976696CC3A8676520436C69656E747320576973656D626C792E',NULL,X'776562696E6172');

/*!40000 ALTER TABLE `events` ENABLE KEYS */;
UNLOCK TABLES;


# Dump of table features_event
# ------------------------------------------------------------

DROP TABLE IF EXISTS `features_event`;

CREATE TABLE `features_event` (
  `key` varchar(255) CHARACTER SET utf8 COLLATE utf8_bin NOT NULL,
  `value` text CHARACTER SET utf8 COLLATE utf8_bin NOT NULL,
  UNIQUE KEY `key` (`key`)
) ENGINE=InnoDB DEFAULT CHARSET=latin1;

LOCK TABLES `features_event` WRITE;
/*!40000 ALTER TABLE `features_event` DISABLE KEYS */;

INSERT INTO `features_event` (`key`, `value`)
VALUES
	(X'6576656E745F73656D696E61726965735F64657363',X'576973656D626C7920646F6E6E65206C61207061726F6C6520C3A020746F7573206C6573207061727469636970616E747320646520766F7472652073C3A96D696E616972652E20436F6C6C656374657A20746F75746573206C6573207175657374696F6E732065742072C3A9706F6E64657A206D6965757820C3A0206C6575727320617474656E7465732021'),
	(X'6576656E745F73656D696E61726965735F7469746C65',X'466169746573207061727469636970657220766F747265207075626C6963'),
	(X'6576656E745F73747265616D5F6974656D5F315F617574686F72',X'53C3A96261737469656E20462E2076696120656D61696C'),
	(X'6576656E745F73747265616D5F6974656D5F315F74657874',X'466175742D696C206368616E676572206C6520746F70206D616E6167656D656E7420706F757220646576656E6972206469676974616C203F'),
	(X'6576656E745F73747265616D5F6974656D5F325F617574686F72',X'43C3A96472696320452E20766961206D6F62696C65'),
	(X'6576656E745F73747265616D5F6974656D5F325F74657874',X'45747265204469676974616C20526561647920706F7572206E6F7320656E747265707269736573206E2765737420656C6C652070617320756E65207175657374696F6E206465207375727669652061206D6F79656E207465726D65203F'),
	(X'6576656E745F73747265616D5F6974656D5F335F617574686F72',X'43C3A963696C6520442E2076696120576562'),
	(X'6576656E745F73747265616D5F6974656D5F335F74657874',X'5175656C6C6520706C61636520706F7572206C27696E6E6F766174696F6E2064616E73206C657320736F6369C3A974C3A973206469726967C3A9657320706172206465732070726F66696C7320312E30203F'),
	(X'6576656E745F73747265616D5F6974656D5F345F617574686F72',X'4D6F68616D6564204D2E2076696120547769747465720D0A'),
	(X'6576656E745F73747265616D5F6974656D5F345F74657874',X'456E66696E20756E6520767261692072C3A9666C6578696F6E20646520666F6E64732073757220756E206DC3A9746965722071756920706F757272616974206368616E6765722E2E2E2E2E756E6520636F6E6475697465206465206368616E67656D656E74207061732073696D706C652E2E2E2E627261766F21'),
	(X'6576656E745F73747265616D5F6974656D5F355F617574686F72',X'436872697374696E6120442E2076696120534D53'),
	(X'6576656E745F73747265616D5F6974656D5F355F74657874',X'4D65726369206465207072656E64726520656E20636F6D70746520746F75746573206E6F73207175657374696F6E732C2063276573742067C3A96E69616C2021'),
	(X'666565646261636B5F7375727665795F64657363',X'3C703E576973656D626C7920696E74C3A867726520756E20656469746575722064E28099656E7175C3AA746520646520736174697366616374696F6E2071756920766F7573207065726D657420646520636F6C6C656374657220647520666565646261636B20C3A020746F7574206D6F6D656E7420646972656374656D656E7420766961206E6F74726520706C617465666F726D652E20436F6E7472616972656D656E7420617578207175657374696F6E6E616972657320E2809C706170696572E2809D206F7520617578206D61696C7320656E766F79C3A97320617072C3A87320636F75702C206C657320656E7175C3AA74657320646520736174697366616374696F6E20576973656D626C7920766F7573206173737572652064E28099756E20746175782064652072C3A9706F6E7365206D6178696D756D2E3C2F703E0D0A0909090909093C703E436F6C6C656374657A20647520666565646261636B20C3A02063686171756520C3A976C3A96E656D656E742065742073756976657A206CE28099C3A9766F6C7574696F6E2073757220576973656D626C79206166696E2064E2809961646170746572206175206D69657578206C6520636F6E74656E752061757820617474656E746573206475207075626C69632E3C2F703E'),
	(X'666565646261636B5F7375727665795F6C696E6B',X'456E7175C3AA746520646520736174697366616374696F6E'),
	(X'666565646261636B5F7375727665795F7469746C65',X'416DC3A96C696F72657A20766F7320C3A976C3A96E656D656E74732061752066757220657420C3A0206D6573757265'),
	(X'66756C6C73637265656E5F64657363',X'4166666963686572206C6573206D65737361676573206475207075626C696320656E2073616C6C65207065726D657420646520626F6F73746572206C657320696E746572616374696F6E7320746F757420656E206D657474616E7420656E2076616C657572206C65732072C3A9616374696F6E73206465206CE2809961756469656E63652E20566F757320706F7576657A206A6F6E676C657220656E747265206C657320736C69646573206574206C6573207175657374696F6E732C2063686F69736972206C65206D6F64652064E2809961666669636861676520657420706572736F6E6E616C69736572206C657320636F756C65757273206574206C65206C6F676F20646520766F74726520C3A96372616E2E'),
	(X'66756C6C73637265656E5F6C696E6B',X'46756C6C73637265656E'),
	(X'66756C6C73637265656E5F7469746C65',X'416666696368657A20756E20C3A96372616E203130302520696E7465726163746966'),
	(X'696E746572616374696F6E5F616E616C797369735F6465736331',X'417072C3A8732063686171756520C3A976C3A96E656D656E742C20576973656D626C7920636F6D70696C6520657420616E616C79736520746F7574657320766F7320646F6E6EC3A965733A207175657374696F6E732C20636F6D6D656E7461697265732C20766F7465732C206E6F6D627265206465207061727469636970616E74732C206E75616765206465206D6F74732C206574632E'),
	(X'696E746572616374696F6E5F616E616C797369735F6465736332',X'44657075697320636574746520696E74657266616365206772617068697175652C20766F757320706F757272657A2076697375616C69736572206C6573206661697473206D61727175616E747320646520766F74726520C3A976C3A96E656D656E74206574206C6573206578706F7274657220736F75732064696666C3A972656E747320666F726D6174732E'),
	(X'696E746572616374696F6E5F616E616C797369735F6C696E6B',X'416E616C7973652064657320696E746572616374696F6E73'),
	(X'696E746572616374696F6E5F616E616C797369735F7469746C65',X'56697375616C6973657A206C6520636F6E74656E7520646520766F74726520C3A976C3A96E656D656E74'),
	(X'6D6F6465726174696F6E5F64657363',X'536920766F7573206C6520736F7568616974657A2C20766F757320706F7576657A206D6F64C3A9726572206C6573206D65737361676573206475207075626C696320C3A0207072696F72692E2044616E73206365206361732C207365756C73206C6573206D657373616765732071756520766F75732076616C6964657A207365726F6E74207075626C69C3A9732E20566F757320706F7576657A20C3A967616C656D656E74206D6F64C3A9726572206C6573206D65737361676573206120706F73746572696F726920736920766F7573206368616E67657A2064E28099617669732E'),
	(X'6D6F6465726174696F6E5F6C696E6B',X'4D6F64C3A9726174696F6E'),
	(X'6D6F6465726174696F6E5F7469746C65',X'4D6F64C3A972657A206C6573206D65737361676573206475207075626C6963'),
	(X'6D756C74695F646576696365735F6465736331',X'506F757271756F69206368616E676572206C65732068616269747564657320646520766F747265207075626C696320656E206C657572206469737472696275616E742064657320626FC3AE7469657273206F752061757472657320617070617265696C7320656E636F6D6272616E74203F'),
	(X'6D756C74695F646576696365735F6465736332',X'3C703E5765622C206D6F62696C652C207461626C657474652C20547769747465722C20656D61696C2C20534D532E2E2E3C2F703E0D0A0909090909093C703E576973656D626C7920666F6E6374696F6E6E652064657075697320746F7573206C657320617070617265696C73206EC3A97320617072C3A873206C65206D696E6974656C2E3C2F703E'),
	(X'6D756C74695F646576696365735F6465736333',X'4CE2809961756469656E63652070657574207574696C69736572206C65206465766963652061766563206C657175656C20696C2073652073656E7420C3A0206CE28099616973652063E2809965737420C3A020646972652063656C756920717569206573742064C3A96AC3A02064616E73206C65757220706F6368652E'),
	(X'6D756C74695F646576696365735F6C696E6B',X'4D756C74692D64657669636573'),
	(X'6D756C74695F646576696365735F7469746C65',X'576973656D626C79206D617263686520706172746F75742E20506F696E742E'),
	(X'716E615F6465736331',X'3C703E53616E7320766F757320696E746572726F6D7072652C206465206D616E69C3A8726520616E6F6E796D65206F75206E6F6E2C206C65207075626C6963207065757420706172746167657220736573207175657374696F6E73206574207365732072C3A9616374696F6E73206176656320736F6E2074C3A96CC3A970686F6E65206D6F62696C652E3C2F703E0D0A0909090909090909093C703E4E6F75732061766F6E73207061727469636970C3A920C3A02062656175636F75702064E28099C3A976C3A96E656D656E7473206176616E7420646520636F6E6365766F697220576973656D626C792E3C2F703E'),
	(X'716E615F6465736332',X'3C703E436F6D6D65206E6F75732C20766F757320736F7568616974657A20717565206C657320706572736F6E6E65732074696D69646573207075697373656E7420732765787072696D6572206465206C61206DC3AA6D65206D616E69C3A8726520717565206C6573206261766172647320213C2F703E0D0A3C703E4176656320576973656D626C792C20746F7574206C65206D6F6E646520706575742073E2809965787072696D65722C2063E2809965737420766F7573207175692073656C656374696F6E6E657A206C6573206D65696C6C6575726573207175657374696F6E732E3C2F703E'),
	(X'716E615F6C696E6B',X'5175657374696F6E73202620636F6D6D656E746169726573'),
	(X'716E615F7469746C65',X'4C61697373657A2073E2809965787072696D657220766F747265207075626C6963'),
	(X'7175657374696F6E5F616E73776572735F64657363',X'566F7573206EE28099617572657A2073C3BB72656D656E7420706173206C652074656D70732064652072C3A9706F6E64726520C3A020746F75746573206C6573207175657374696F6E73206465206CE2809961756469656E636520647572616E74206C652073C3A96D696E616972652E20506F757271756F69206E65207061732072C3A9706F6E647265206175207175657374696F6E7320646972656374656D656E742073757220576973656D626C793F2041752066757220657420C3A0206D6573757265206F7520617072C3A873206CE28099C3A976C3A96E656D656E742C20766F757320636F6E74696E75657A2061696E7369206C65206469616C6F677565206176656320766F747265207075626C69632065742072C3A9706F6E64657A20746F74616C656D656E7420C3A0206C6575727320617474656E7465732E'),
	(X'7175657374696F6E5F616E73776572735F6C696E6B',X'52C3A9706F6E736573'),
	(X'7175657374696F6E5F616E73776572735F7469746C65',X'436F6E74696E75657A206C65206469616C6F677565206176656320766F7472652061756469656E6365'),
	(X'766F7465735F64657363',X'566F7573206176657A206CE28099686162697475646520646520646973747269627565722064657320626FC3AE746965727320646520766F746520C3A020766F73207061727469636970616E7473203F20566F757320766F7573206F63637570657A206465206C61206C6F636174696F6E2C206465206C612063617574696F6E2C206465206C6120646973747269627574696F6E203F2050617373657A206175206E756DC3A97269717565206574207065726D657474657A20656E66696E20C3A020766F747265207075626C69632064E280997574696C69736572206CE28099617070617265696C207175E28099696C73206F6E742064C3A96AC3A02064616E73206C6120706F6368652E2043E280996573742062656175636F757020706C75732073696D706C652C206D6F696E7320636865722065742072C3A9736F6C756D656E7420706C7573206D6F6465726E652021'),
	(X'766F7465735F6C696E6B',X'566F746573'),
	(X'766F7465735F7469746C65',X'4F75626C69657A206C657320626FC3AE746965727320646520766F746521');

/*!40000 ALTER TABLE `features_event` ENABLE KEYS */;
UNLOCK TABLES;


# Dump of table features_meeting
# ------------------------------------------------------------

DROP TABLE IF EXISTS `features_meeting`;

CREATE TABLE `features_meeting` (
  `key` varchar(255) CHARACTER SET utf8 COLLATE utf8_bin NOT NULL,
  `value` text CHARACTER SET utf8 COLLATE utf8_bin NOT NULL,
  UNIQUE KEY `key` (`key`)
) ENGINE=InnoDB DEFAULT CHARSET=latin1;

LOCK TABLES `features_meeting` WRITE;
/*!40000 ALTER TABLE `features_meeting` DISABLE KEYS */;

INSERT INTO `features_meeting` (`key`, `value`)
VALUES
	(X'6465636973696F6E5F74616B696E675F6465736331',X'3C703E4C65732072C3A9756E696F6E7320736F6E74206465207061726661697473206D6F6D656E747320706F7572207072656E647265206465732064C3A9636973696F6E7320636F6D6D756E65732E3C2F703E0D0A0909090909090909093C703E506173206C61207065696E6520646520666169726520756E20746F7572206465207461626C6520696E7465726D696E61626C652073616E73206172726976657220C3A020756E652064C3A9636973696F6E20636C616972652E20556E2073696D706C6520636C69632073757220576973656D626C7920766F7573207065726D65742064E280996F7267616E6973657220756E20766F74652E3C2F703E'),
	(X'6465636973696F6E5F74616B696E675F6465736332',X'3C703E4C652072C3A973756C7461742065737420696D6DC3A9646961742E3C2F703E0D0A0909090909090909093C703E566F75732067617264657A20756E652074726163652064652063686163756E65206465732064C3A9636973696F6E73207072697365732064616E7320766F732064696666C3A972656E7465732072C3A9756E696F6E732E3C2F703E'),
	(X'6465636973696F6E5F74616B696E675F6C696E6B',X'50726973652064652064C3A9636973696F6E'),
	(X'6465636973696F6E5F74616B696E675F7469746C65',X'5072656E657A206465207672616965732064C3A9636973696F6E7320647572616E7420766F732072C3A9756E696F6E73'),
	(X'646F63756D656E74735F6465736331',X'417272C3AA74657A206465206A6F6E676C657220656E74726520766F732064696666C3A972656E746573207072C3A973656E746174696F6E7320506F776572506F696E74206574206C657320646F63756D656E747320C3A020656E766F79657220706172206D61696C20617578207061727469636970616E74732E'),
	(X'646F63756D656E74735F6465736332',X'546F7574206573742072617373656D626CC3A92073757220766F74726520696E7465726661636520576973656D626C792C2064C3A9636964657A20656E20756E20636C6963206465206C65732070726F6A65746572206F75206465206C6573206D657474726520C3A020646973706F736974696F6E20646520746F75732E20566F74726520636F6E74656E752065737420746F74616C656D656E742073C3A96375726973C3A92E205365756C73206C6573207574696C69736174657572732061636372C3A9646974C3A9732070657576656E74207920616363C3A96465722E'),
	(X'646F63756D656E74735F6C696E6B',X'5061727461676520646520646F63756D656E7473'),
	(X'646F63756D656E74735F7469746C65',X'546F7573206C657320737570706F72747320646520766F7472652072C3A9756E696F6E2063656E7472616C6973C3A97320C3A020756E206DC3AA6D6520656E64726F6974'),
	(X'666565646261636B5F7375727665795F6465736331',X'506F757271756F69206E65207061732070726F666974657220646520766F73207061727469636970616E747320706F757220636F6E74696E75657220C3A02072C3A9636F6C74657220647520666565646261636B20C3A0206C612066696E20646520766F7472652072C3A9756E696F6E203F'),
	(X'666565646261636B5F7375727665795F6465736332',X'4176656320576973656D626C792C20766F757320706F7576657A207472C3A873207261706964656D656E742072C3A9636F6C746572206C657572206F70696E696F6E20737572206C652064C3A9726F756CC3A9206465206C612072C3A9756E696F6E2C20737572206C65732073756A6574732061626F7264C3A973206574206C65732064C3A9636973696F6E7320717569206F6E7420C3A974C3A9207072697365732E'),
	(X'666565646261636B5F7375727665795F6465736333',X'5175656C7175657320636C69637320737566666973656E7420C3A0206964656E746966696572206C657320706F696E747320656E636F726520666C6F757320657420C3A020616DC3A96C696F72657220766F732070726F636861696E65732072C3A9756E696F6E732E'),
	(X'666565646261636B5F7375727665795F6C696E6B',X'456E7175C3AA746520646520736174697366616374696F6E'),
	(X'666565646261636B5F7375727665795F7469746C65',X'416DC3A96C696F72657A20766F732072C3A9756E696F6E732061752066757220657420C3A0206D6573757265'),
	(X'6D656574696E675F636F6E6663616C6C735F64657363',X'576973656D626C792061696465206465732063656E7461696E65732064E28099656E74726570726973657320C3A0206D69657578207072C3A970617265722C20616E696D65722065742061737375726572206C65207375697669206465206C657572732072C3A9756E696F6E73202620636F6E662D63616C6C2E'),
	(X'6D656574696E675F636F6E6663616C6C735F7469746C65',X'426F6F7374657A20766F732072C3A9756E696F6E73'),
	(X'6D656574696E675F706F6C6C5F63686F6963655F31',X'43652071756520746F7573206C6573206D616E616765727320646F6976656E74207361766F69722073757220576973656D626C79'),
	(X'6D656574696E675F706F6C6C5F63686F6963655F32',X'4120746F7573206C6573206D616E61676572732071756920736F75666672656E742064652072C3A9756E696F6E697465'),
	(X'6D656574696E675F706F6C6C5F63686F6963655F33',X'496E666F726D6174696F6E206578636C757369766520706F7572206C6573206D616E616765727320656E206176616E636520737572206C6575722074656D7073'),
	(X'6D656574696E675F706F6C6C5F7469746C65',X'5175656C20746974726520706F7572206C612070726F636861696E65206E6577736C6574746572203F'),
	(X'6D656574696E675F73747265616D5F6974656D5F315F617574686F72',X'5472697374616E20442E7669612054776974746572'),
	(X'6D656574696E675F73747265616D5F6974656D5F315F74657874',X'436F6D6D656E7420C3A97669746572206C652073796E64726F6D65206465206C612072C3A9756E696F6E697465203F'),
	(X'6D656574696E675F73747265616D5F6974656D5F325F617574686F72',X'4D61746869657520472E766961206D6F62696C65'),
	(X'6D656574696E675F73747265616D5F6974656D5F325F74657874',X'4573742D696C207672616920717565206C6573206361647265732070617373656E7420756E207469657273206465206C6575722074656D707320656E2072C3A9756E696F6E203F'),
	(X'6D656574696E675F73747265616D5F6974656D5F335F617574686F72',X'426170746973746520432E2076696120576562'),
	(X'6D656574696E675F73747265616D5F6974656D5F335F74657874',X'5175656C7320736F6E7420766F7320636F6E7365696C7320706F757220616DC3A96C696F726572206C61207175616C6974C3A9206465206E6F732072C3A9756E696F6E73203F'),
	(X'6D656574696E675F73747265616D5F6974656D5F345F617574686F72',X'52C3A96D7920472E2076696120656D61696C'),
	(X'6D656574696E675F73747265616D5F6974656D5F345F74657874',X'4C612072C3A9756E696F6E6974652072C3A976C3A86C6520756E2070726F626CC3A86D6520646520636F6D6D756E69636174696F6E'),
	(X'6D656574696E675F73747265616D5F6974656D5F355F617574686F72',X'4761627269656C204D2E2076696120534D53'),
	(X'6D656574696E675F73747265616D5F6974656D5F355F74657874',X'436F6D6D656E74206661697265207061727469636970657220746F7574206C65206D6F6E64652073616E732064C3A9626F7264657220737572206C652074696D696E67203F'),
	(X'6D756C74695F646576696365735F646573635F31',X'3C703E506F757271756F69207065726472652064752074656D7073206176656320646573206578706C69636174696F6E7320696E7465726D696E61626C657320656E2064C3A96275742064652072C3A9756E696F6E3F3C2F703E'),
	(X'6D756C74695F646576696365735F646573635F32',X'3C703E566F73207061727469636970616E747320736520636F6E6E656374656E742061766563206C6520646576696365206465206C6575722063686F6978202874C3A96CC3A970686F6E652C20736D61727470686F6E652C207461626C657474652C205043292E20417563756E20636F6D70746520C3A0206372C3A965722C20706173206465206C6F67696369656C20C3A02074C3A96CC3A9636861726765722E3C2F703E0D0A'),
	(X'6D756C74695F646576696365735F646573635F33',X'3C703E4CE28099616363C3A8732065737420696D6DC3A96469617420657420696E7475697469662E3C2F703E'),
	(X'6D756C74695F646576696365735F6C696E6B',X'4D756C74692D64657669636573'),
	(X'6D756C74695F646576696365735F7469746C65',X'566F73207061727469636970616E747320736F6E742064C3A96AC3A020C3A971756970C3A973'),
	(X'7175657374696F6E735F616E645F69646561735F6465736331',X'3C703E436861717565207061727469636970616E74207065757420C3A020746F7574206D6F6D656E742072C3A961676972206F7520706F73657220756E65207175657374696F6E20737572206C652073756A6574207472616974C3A92073616E7320696E746572726F6D707265206C61207072C3A973656E746174696F6E2E3C2F703E0D0A0909090909090909093C703E566F7573206E652070617373657A20C3A02063C3B474C3A92064E28099617563756E65206964C3A9652070657274696E656E74652E3C2F703E'),
	(X'7175657374696F6E735F616E645F69646561735F6465736332',X'3C703E4C6573207061727469636970616E74732073652073656E74656E7420696D706C697175C3A97320657420C3A9636F7574C3A973206C6F727320646520766F732072C3A9756E696F6E732E3C2F703E0D0A0909090909090909093C703E546F7574206C65206D6F6E64652073756974206C612072C3A9756E696F6E20657420726573746520696D706C697175C3A92E3C2F703E'),
	(X'7175657374696F6E735F616E645F69646561735F6C696E6B',X'4964C3A96573206574207175657374696F6E73'),
	(X'7175657374696F6E735F616E645F69646561735F7469746C65',X'566F73207061727469636970616E747320736F6E7420696D706C697175C3A9732065742072657374656E7420636F6E63656E7472C3A973'),
	(X'7363686564756C655F6C696E6B',X'4F72647265206475206A6F7572'),
	(X'7363686564756C655F6D656574696E67735F64657363',X'3C703E5072C3A9706172657A206CE280996167656E646120646520766F7472652072C3A9756E696F6E20656E20666F6E6374696F6E206465732073756A65747320C3A020747261697465722E3C2F703E0D0A0909090909093C703E506172746167657A206CE280996F72647265206475206A6F75722061766563206CE28099656E73656D626C652064657320706572736F6E6E657320717569207061727469636970656E7420C3A0206C612072C3A9756E696F6E2E3C2F703E0D0A0909090909093C703E526574726F7576657A20666163696C656D656E74206C6573206964C3A965732C2070726F706F736974696F6E732065742064C3A9636973696F6E732070726973657320737572206C65732064696666C3A972656E74732073756A657473207472616974C3A9732E3C2F703E'),
	(X'7363686564756C655F6D656574696E67735F7469746C65',X'4F7267616E6973657A20766F732072C3A9756E696F6E7320706F696E742070617220706F696E74'),
	(X'737461746973746963735F646573635F31',X'3C703E576973656D626C7920676172646520656E206DC3A96D6F69726520746F7574206365207175692073E280996573742070617373C3A920647572616E7420766F7472652072C3A9756E696F6E2E3C2F703E'),
	(X'737461746973746963735F646573635F32',X'3C703E526574726F7576657A207261706964656D656E74206C65732073756A657473207472616974C3A9732C206C657320646F63756D656E747320706172746167C3A9732C206C6573207175657374696F6E7320736F756C6576C3A96573206574206C65732064C3A9636973696F6E7320717569206F6E7420C3A974C3A9207072697365732E3C2F703E'),
	(X'737461746973746963735F646573635F33',X'3C703E576973656D626C792064657669656E74206C61206DC3A96D6F69726520646520766F732072C3A9756E696F6E732E3C2F703E'),
	(X'737461746973746963735F6C696E6B',X'53746174697374697175657320657420616E616C7974696373'),
	(X'737461746973746963735F7469746C65',X'47617264657A20756E652074726163652064652063686163756E6520646520766F732072C3A9756E696F6E73');

/*!40000 ALTER TABLE `features_meeting` ENABLE KEYS */;
UNLOCK TABLES;


# Dump of table features_training
# ------------------------------------------------------------

DROP TABLE IF EXISTS `features_training`;

CREATE TABLE `features_training` (
  `key` varchar(255) COLLATE utf8_bin NOT NULL,
  `value` text COLLATE utf8_bin NOT NULL,
  UNIQUE KEY `key` (`key`)
) ENGINE=InnoDB DEFAULT CHARSET=utf8 COLLATE=utf8_bin;

LOCK TABLES `features_training` WRITE;
/*!40000 ALTER TABLE `features_training` DISABLE KEYS */;

INSERT INTO `features_training` (`key`, `value`)
VALUES
	(X'636C61737365735F747261696E696E67735F6465736331',X'576973656D626C7920766F7573207065726D657420646520727974686D657220766F7320666F726D6174696F6E732E'),
	(X'636C61737365735F747261696E696E67735F6465736332',X'566F7320C3A96CC3A8766573207327617070726F707269656E74206C6520636F6E74656E752E20566F75732073756976657A206C65757220C3A9766F6C7574696F6E2E'),
	(X'636C61737365735F747261696E696E67735F7469746C65',X'436F75727320657420666F726D6174696F6E73'),
	(X'646F63756D656E74735F6D616E6167656D656E745F64657363',X'417272C3AA74657A206465206A6F6E676C657220656E74726520766F732064696666C3A972656E746573207072C3A973656E746174696F6E7320506F776572506F696E74206574206C657320646F63756D656E747320C3A020646973747269627565722061757820C3A96CC3A87665732E20546F7574206573742063656E7472616C6973C3A92073757220756E65207365756C6520696E746572666163652E2050726F6A6574657A206C6573206F7520706172746167657A206C6573206176656320766F7320C3A96CC3A876657320656E20756E207365756C20636C69632E'),
	(X'646F63756D656E74735F6D616E6167656D656E745F6C696E6B',X'47657374696F6E2064657320646F63756D656E7473'),
	(X'646F63756D656E74735F6D616E6167656D656E745F7469746C65',X'546F7573206C657320737570706F72747320646520766F74726520666F726D6174696F6E2063656E7472616C6973C3A97320C3A020756E206DC3AA6D6520656E64726F6974'),
	(X'6D756C74695F6465766963655F6465736331',X'506F757271756F69206368616E676572206C65732068616269747564657320646520766F7320C3A96CC3A876657320656E206C657572206469737472696275616E742064657320626FC3AE7469657273206F752061757472657320617070617265696C7320656E636F6D6272616E7473203F'),
	(X'6D756C74695F6465766963655F6465736332',X'3C703E5765622C206D6F62696C652C207461626C657474652C20547769747465722C20656D61696C2C20534D532E2E2E3C2F703E0D0A0909090909093C703E576973656D626C7920666F6E6374696F6E6E652064657075697320746F7573206C657320617070617265696C73206EC3A97320617072C3A873206C65206D696E6974656C2E3C2F703E'),
	(X'6D756C74695F6465766963655F6465736333',X'566F7320C3A96CC3A87665732070657576656E74207574696C69736572206C65206465766963652061766563206C657175656C20696C732073652073656E74656E7420C3A0206CE28099616973652063E2809965737420C3A020646972652063656C7569207175E28099696C73206F6E7420737572206575782E'),
	(X'6D756C74695F6465766963655F7469746C65',X'566F7320C3A96CC3A876657320736F6E742064C3A96AC3A020C3A971756970C3A973'),
	(X'6D756C74695F646576696365735F6C696E6B',X'4D756C74692D646576696365'),
	(X'716E615F64657363',X'3C703E496C206EE280997920612070617320646520636F6D6D656E7461697265206F75206465207175657374696F6E2062C3AA74652E20436861717565207175657374696F6E206465767261697420C3AA747265207472616974C3A9652E3C2F703E0D0A0909090909093C703E4176656320576973656D626C792C20766F7320C3A96CC3A87665732070657576656E7420C3A020746F7574206D6F6D656E7420706F736572206C65757273207175657374696F6E732073616E7320696E746572726F6D707265206C6520636F7572732E3C2F703E0D0A0909090909093C703E496C732070657576656E742061757373692072C3A96167697220617578207072C3A973656E746174696F6E73206465732061757472657320C3A96CC3A876657320657420C3A976656E7475656C6C656D656E742070617274616765722064657320696E666F726D6174696F6E7320636F6D706CC3A96D656E7461697265732E3C2F703E0D0A0909090909093C703E566F757320706F7576657A2074726169746572206C6573207175657374696F6E7320656E206469726563742C20C3A0206C612066696E20647520636F7572732C206F75206269656E20617072C3A873206C6520636F75727320646972656374656D656E742073757220766F7472652057697A2E3C2F703E'),
	(X'716E615F6C696E6B',X'512641'),
	(X'716E615F7469746C65',X'52C3A9706F6E64657A20C3A020746F75746573206C6573207175657374696F6E7320646520766F7320C3A96CC3A8766573'),
	(X'7175697A5F6C696E6B',X'5175697A'),
	(X'7175697A7A65735F64657363',X'506F6E637475657A20766F74726520636F75727320C3A0206CE2809961696465206465207175657374696F6E7320726170696465732E204173737572657A2D766F757320717565206C6573206E6F74696F6E73207072C3A973656E74C3A96573206F6E74206269656E20C3A974C3A920636F6D7072697365732065742071756520746F7574206C65206D6F6E646520737569742E205072C3A9706172C3A9657320C3A0206CE280996176616E63652C20636573207175657374696F6E7320736F6E74207472C3A8732065666669636163657320706F757220626F6F73746572206CE28099617474656E74696F6E20657420727974686D657220766F74726520666F726D6174696F6E2E'),
	(X'7175697A7A65735F7469746C65',X'4173737572657A2D766F75732071756520746F7574206C65206D6F6E64652073756974'),
	(X'73746174735F7265706F7274696E675F6465736331',X'417072C3A873206368617175652073657373696F6E2C20766F7573206176657A20616363C3A87320C3A020756E6520616E616C7973652064C3A97461696C6CC3A96520646520766F74726520666F726D6174696F6E3A20766F6C756D6520657420747970652064E28099696E746572616374696F6E732C20636F6E74656E75732C20636C617373656D656E742064657320C3A96CC3A87665732C206E6F746573206D6F79656E6E65206574632E'),
	(X'73746174735F7265706F7274696E675F6465736332',X'3C703E496C2064657669656E7420666163696C6520646520726574726F75766572206C6573207175657374696F6E732C206C657320736C69646573206574206C6573206E6F7465732064E28099756E6520666F726D6174696F6E20766965696C6C652064E28099696C2079206120706C75736965757273206D6F697320656E207175656C71756573207365636F6E64657320657420646520E2809C72656A6F756572E2809D206C6520636F7572732E3C2F703E0D0A0909090909093C703E576973656D626C792064657669656E74206C61206DC3A96D6F69726520646520746F7574657320766F7320666F726D6174696F6E732E3C2F703E'),
	(X'73746174735F7265706F7274696E675F6C696E6B',X'53746174732026207265706F7274696E67'),
	(X'73746174735F7265706F7274696E675F7469746C65',X'4C61206DC3A96D6F69726520646520766F7320666F726D6174696F6E73'),
	(X'73747564656E74735F6576616C756174696F6E5F6465736331',X'3C703E496C206EE2809965737420706173206E6F726D616C2071756520766F7573207065726469657A20756E2074656D7073207072C3A9636965757820C3A020636F72726967657220766F732051434D206427C3A976616C756174696F6E2E204772C3A2636520C3A020576973656D626C792C20746F757420657374206175746F6D6174697175652E3C2F703E0D0A0909090909090909093C703E566F757320636F6E636576657A2073696D706C656D656E7420766F7320C3A976616C756174696F6E733A207175657374696F6E73206F757665727465732C207175657374696F6E7320C3A02063686F6978206D756C7469706C65732C207175657374696F6E7320C3A02063686F697820756E697175652E2E2E3C2F703E0D0A0909090909090909093C703E566F7320C3A96CC3A876657320792072C3A9706F6E64656E7420646972656374656D656E7420646570756973206C6575722074C3A96CC3A970686F6E652C207461626C65747465206F752050432E3C2F703E'),
	(X'73747564656E74735F6576616C756174696F6E5F6465736332',X'3C703E4C6120636F7272656374696F6E206573742065666665637475C3A965206175746F6D6174697175656D656E742E3C2F703E0D0A0909090909090909093C703E566F7320C3A974756469616E747320616363C3A864656E7420696D6DC3A964696174656D656E7420C3A0206C657572732072C3A973756C746174732061696E7369207175E28099C3A0206C61206C6973746520646520626F6E6E65732072C3A9706F6E7365732E3C2F703E0D0A0909090909090909093C703E566F7573206176657A20616363C3A873206175782072C3A9706F6E73657320657420617578206E6F7465732064652063686163756E2061696E7369207175E280996175782072C3A973756C74617473206465206CE28099656E73656D626C65206465206C6120636C617373652E3C2F703E'),
	(X'73747564656E74735F6576616C756174696F6E5F6C696E6B',X'4576616C756174696F6E732064657320C3A96CC3A8766573'),
	(X'73747564656E74735F6576616C756174696F6E5F7469746C65',X'566F7320C3A976616C756174696F6E7320736F6E7420636F72726967C3A9657320696D6DC3A964696174656D656E74'),
	(X'747261696E696E675F6576616C756174696F6E5F64657363',X'3C703E566F757320706F7576657A2064656D616E64657220C3A020766F7320C3A96CC3A876657320646520646F6E6E6572206C657572206F70696E696F6E2073757220766F74726520636F7572732E3C2F703E0D0A0909090909093C703E4C65732072C3A973756C7461747320736F6E7420646972656374656D656E7420636F6D70696CC3A97320737572206C6120706C617465666F726D6520657420766F7573206EE280996176657A2070617320C3A0206C65732072657472616E736372697265206465707569732064657320666F726D756C616972657320706170696572732E20546F7573206C65732072C3A973756C7461747320736F6E74206578706F727461626C657320736F757320657863656C2E3C2F703E0D0A0909090909093C703E566F7573206176657A2061696E736920756E6520766973696F6E2064E28099656E73656D626C652073757220766F74726520636F75727320657420706F7576657A2061646170746572206C6520636F6E74656E752061757820617474656E7465732065742070726F66696C73206465732070617274696370616E74732E3C2F703E'),
	(X'747261696E696E675F6576616C756174696F6E5F7469746C65',X'416DC3A96C696F72657A20766F7320666F726D6174696F6E73206176656320766F7320C3A96CC3A8766573'),
	(X'747261696E696E675F706F6C6C5F63686F6963655F31',X'556E6520736F6C7574696F6E20636F6C6C61626F72617469766520706F75722072C3A9756E696F6E206427656E7472657072697365'),
	(X'747261696E696E675F706F6C6C5F63686F6963655F32',X'556E2073797374C3A86D6520646520626FC3AE746965727320646520766F7465'),
	(X'747261696E696E675F706F6C6C5F63686F6963655F33',X'556E2072C3A97365617520736F6369616C2070726F66657373696F6E6E656C'),
	(X'747261696E696E675F706F6C6C5F7469746C65',X'5175276573742063652071756520576973656D626C7920706F757220766F75733F'),
	(X'747261696E696E675F73747265616D5F6974656D5F315F617574686F72',X'596F616E6E204C2E20766961206D6F62696C65'),
	(X'747261696E696E675F73747265616D5F6974656D5F315F74657874',X'436F6D6D656E7420706575742D6F6E206D657375726572206C27696E666C75656E6365206465206C27696E7465726E65742073757220756E206163686174203F'),
	(X'747261696E696E675F73747265616D5F6974656D5F325F617574686F72',X'4C75646F76696320422E2076696120534D53'),
	(X'747261696E696E675F73747265616D5F6974656D5F325F74657874',X'4772C3A9676F72792C20636F6D6269656E20636F75746520756E652063616D7061676E6520766972616C6520657420636F6D6D656E742073652064C3A9636F6D706F73656E74206C657320696E76657374697373656D656E7473203F'),
	(X'747261696E696E675F73747265616D5F6974656D5F335F617574686F72',X'436861726C6F74746520422E2076696120656D61696C'),
	(X'747261696E696E675F73747265616D5F6974656D5F335F74657874',X'4C6573206D617271756573206E65206EC3A9676C6967656E742D656C6C657320706173206C657320666F72756D732063617220656C6C657320736F6E7420696E63617061626C6573206427656E206D61C3AE747269736572206C6520636F6E74656E7520287269737175652064652062757A7A206EC3A967617469662E2E2E29203F'),
	(X'747261696E696E675F73747265616D5F6974656D5F345F617574686F72',X'416D6175727920442E20766961206D6F62696C65'),
	(X'747261696E696E675F73747265616D5F6974656D5F345F74657874',X'436F6D6269656E2063656C6120636FC3BB74652D742D696C2064652064C3A976656C6F7070657220756E65206170706C69636174696F6E20646520227175616C6974C3A92220706F757220756E65206D6172717565203F'),
	(X'747261696E696E675F73747265616D5F6974656D5F355F617574686F72',X'4A756C657320422E2076696120776562'),
	(X'747261696E696E675F73747265616D5F6974656D5F355F74657874',X'4365727461696E6573206D61727175657320636F6D6D65204170706C652073656D626C656E742061766F697220756E6520767261696520616666696E6974C3A92061766563206C6575727320636F6E736F6D6D6174657572732C206573742D6365206772C3A263652061757820736F6369616C206DC3A964696173203F'),
	(X'747261696E696E67735F6576616C756174696F6E5F6C696E6B',X'4576616C756174696F6E2064657320666F726D6174696F6E73');

/*!40000 ALTER TABLE `features_training` ENABLE KEYS */;
UNLOCK TABLES;


# Dump of table history
# ------------------------------------------------------------

DROP TABLE IF EXISTS `history`;

CREATE TABLE `history` (
  `id` int(11) NOT NULL AUTO_INCREMENT,
  `date` varchar(255) COLLATE utf8_bin NOT NULL,
  `title` varchar(255) COLLATE utf8_bin NOT NULL,
  `description` text COLLATE utf8_bin,
  `link` varchar(255) COLLATE utf8_bin DEFAULT NULL,
  `image` varchar(255) COLLATE utf8_bin DEFAULT NULL,
  PRIMARY KEY (`id`)
) ENGINE=InnoDB DEFAULT CHARSET=utf8 COLLATE=utf8_bin;

LOCK TABLES `history` WRITE;
/*!40000 ALTER TABLE `history` DISABLE KEYS */;

INSERT INTO `history` (`id`, `date`, `title`, `description`, `link`, `image`)
VALUES
	(1,X'4A75696E2032303130',X'42616C6C6F6F6E2065737420666F6E64C3A92070617220416E647265C3AF2C2050696572726520657420526F6D61696E',X'4CE280996964C3A9652064652064C3A9706172742064652042616C6C6F6F6E20C3A97461697420756E2072C3A97365617520736F6369616C2067C3A96F6C6F63616C6973C3A92E20536F6E20627574203A207065726D657474726520C3A0206465732067656E732073652074726F7576616E742064616E7320756E206DC3AA6D65206C6965752064E28099C3A96368616E67657220646573206D6573736167657320646570756973206C6575722074C3A96CC3A970686F6E6520706F727461626C652E3C62722F3E3C62722F3E0D0A0D0A417072C3A87320706C75736965757273207068617365732064652074657374206C6F72732064652063616D7061676E657320C3A974756469616E7465732C20666F72756D7320656E747265707269736573206F7520736F6972C3A9652C2042616C6C6F6F6E20657374207574696C6973C3A9206C6F72732064E28099756E6520636F6E66C3A972656E6365207065726D657474616E7420617578207061727469636970616E74732065742061757820696E74657276656E616E74732064E28099C3A96368616E676572206427756E65206D616E69C3A8726520636F6D706CC3A874656D656E74206E6F7576656C6C652E3C62722F3E3C62722F3E0D0A0D0A42616C6C6F6F6E2074656C207175E28099696C206578697374652061756A6F757264E2809968756920C3A974616974206EC3A92E',NULL,X'687474703A2F2F776973656D626C792E636F6D2F7374617469632F696D672D73746F72792F73746F7279312E6A7067'),
	(2,X'416FC3BB742032303130',X'4775696C6C61756D6520616363657074652064652073E280996173736F6369657220C3A02042616C6C6F6F6E2065742064657669656E742043544F',X'53756974652061752064C3A970617274206465205069657272652C204775696C6C61756D65207669656E7420636F6D706CC3A8746572206CE28099C3A97175697065206574207365206D6574206175207472617661696C20706F75722064C3A976656C6F70706572206C61206E6F7576656C6C652076657273696F6E2064652042616C6C6F6F6E2E',NULL,X'687474703A2F2F776973656D626C792E636F6D2F7374617469632F696D672D73746F72792F73746F7279322E6A7067'),
	(3,X'53657074656D6272652032303130',X'496E74C3A967726174696F6E20C3A0206CE28099696E63756261746575722064E28099484543',X'537569746520C3A020756E652072656E7472C3A9652072C3A975737369652065742061752073756363C3A873206465206C61206E6F7576656C6C652076657273696F6E2C2042616C6C6F6F6E20696E74C3A8677265206CE28099696E63756261746575722064E2809948454320706F757220756E6520616E6EC3A9652064E280996163636F6D7061676E656D656E742E',X'687474703A2F2F7777772E6865632E66722F696E63756261746575722D6865632F',X'687474703A2F2F776973656D626C792E636F6D2F7374617469632F696D672D73746F72792F73746F7279332E6A706567'),
	(4,X'4D6172732032303131',X'4C616E63656D656E74206465206C612076657273696F6E20656E206C69676E652064652042616C6C6F6F6E',X'42616C6C6F6F6E2065737420646973706F6E69626C6520646972656374656D656E7420656E206C69676E652065742064657669656E74207574696C697361626C65206465206D616E69C3A87265206175746F6E6F6D6520706172206E6F7320636C69656E74732E2043E28099657374206C652064C3A96275742064652063656E7461696E65732064E28099C3A976C3A96E656D656E74732072C3A9616C6973C3A97320C3A02074726176657273206C65206D6F6E64652073616E73206E6F74726520696E74657276656E74696F6E20646972656374652E',NULL,X'687474703A2F2F776973656D626C792E636F6D2F7374617469632F696D672D73746F72792F53746F7279342E706E67'),
	(5,X'53657074656D6272652032303131',X'4C61203130302030303020C3A86D65207175657374696F6E2065737420706F73C3A965207375722042616C6C6F6F6E',X'31303020303030207175657374696F6E73206F6E7420C3A974C3A920706F73C3A96573207375722042616C6C6F6F6E20656E20756E2070657520706C75732064E28099756E20616E2E20556E6520C3A97461706520696D706F7274616E746520706F757220746F757465206CE28099C3A9717569706520717569206D6F6E747265206C65206368616E67656D656E74207175E2809961206170706F7274C3A92042616C6C6F6F6E2064616E73206C657320C3A976C3A96E656D656E7473206465206E6F7320636C69656E74732E',NULL,X'687474703A2F2F776973656D626C792E636F6D2F7374617469632F696D672D73746F72792F73746F7279352E6A706567'),
	(6,X'46C3A976726965722032303132',X'42616C6C6F6F6E2073E28099616772616E646974',X'42616C6C6F6F6E20656D6DC3A96E61676520313020727565207468C3A972C3A873652C20C3A02064657578207061732064E280994F70C3A972612C20706F7572206163637565696C6C6972206C6573203130206D656D62726573206465206CE28099C3A971756970652E',NULL,X'687474703A2F2F776973656D626C792E636F6D2F7374617469632F696D672D73746F72792F73746F7279362E6A706567'),
	(7,X'4D61692032303132',X'4C65206368616E67656D656E742C2063E28099657374206D61696E74656E616E74',X'4C616E63656D656E74206465206C61206E6F7576656C6C652076657273696F6E2064652042616C6C6F6F6E20706F7274C3A96520706172206C657320746F75746573206465726E69C3A872657320696E6E6F766174696F6E7320746563686E6F6C6F676971756573203A2053796D666F6E793220706F7572206C65206672616D65776F726B205048502C204261636B626F6E656A7320706F7572206C27696E74C3A972616374696F6E206170706C6963617469766520636C69656E74206574206475207075736820656E2074656D70732072C3A9656C2076696120736F636B65742E696F206574206E6F64652E6A732E',NULL,X'687474703A2F2F776973656D626C792E636F6D2F7374617469632F696D672D73746F72792F73746F7279372E6A706567'),
	(8,X'53657074656D6272652032303132',X'42616C6C6F6F6E2064657669656E7420576973656D626C79',X'42616C6C6F6F6E2064657669656E7420576973656D626C792065742073E2809961747461717565206175206D61726368C3A9206465206C6120666F726D6174696F6E206574206465732072C3A9756E696F6E732070726F66657373696F6E6E656C6C65732E',NULL,X'687474703A2F2F776973656D626C792E636F6D2F7374617469632F6C6F676F2E706E67');

/*!40000 ALTER TABLE `history` ENABLE KEYS */;
UNLOCK TABLES;


# Dump of table homepage
# ------------------------------------------------------------

DROP TABLE IF EXISTS `homepage`;

CREATE TABLE `homepage` (
  `key` varchar(255) CHARACTER SET utf8 COLLATE utf8_bin NOT NULL,
  `value` text CHARACTER SET utf8 COLLATE utf8_bin NOT NULL,
  UNIQUE KEY `key` (`key`)
) ENGINE=InnoDB DEFAULT CHARSET=latin1;

LOCK TABLES `homepage` WRITE;
/*!40000 ALTER TABLE `homepage` DISABLE KEYS */;

INSERT INTO `homepage` (`key`, `value`)
VALUES
	(X'646973636F7665725F6F75725F68617070795F636C69656E7473',X'44C3A9636F757672657A206E6F73203C7374726F6E673E3430303C2F7374726F6E673E206865757265757820636C69656E7473206574206C657572732061766973'),
	(X'646973636F7665725F776973656D626C795F666F72',X'44C3A9636F757672657A20576973656D626C7920706F7572206C6573203A'),
	(X'6576656E7473',X'4576C3A96E656D656E7473'),
	(X'666F726D6174696F6E73',X'466F726D6174696F6E73'),
	(X'686F6D65706167655F626173656C696E65',X'576973656D626C792065737420756E6520736F6C7574696F6E207765622026206D6F62696C652071756920766F7573207065726D6574206465207072C3A970617265722C2064E28099616E696D65722065742064E2809961737375726572206C6520737569766920646520766F732072C3A9756E696F6E732E'),
	(X'686F6D65706167655F706F6C6C5F63686F6963655F31',X'44657320636869666672657320636F6E6372657473'),
	(X'686F6D65706167655F706F6C6C5F63686F6963655F32',X'556E6520766973696F6E20676C6F62616C6520636C61697265'),
	(X'686F6D65706167655F706F6C6C5F63686F6963655F33',X'556E6520726F61646D6170207072C3A963697365'),
	(X'686F6D65706167655F706F6C6C5F7175657374696F6E',X'517527617474656E64657A20766F7573206465206C61207072C3A973656E746174696F6E20642761756A6F757264276875693F'),
	(X'686F6D65706167655F7469746C65',X'436F6C6C61626F72657A20656E2072C3A9756E696F6E'),
	(X'6D656574696E6773',X'52C3A9756E696F6E73'),
	(X'71756F74655F64696173',X'546F7574206C65206D6F6E646520612061646F72C3A9203A20632765737420756E65206D616E69C3A87265206427696E74657276656E697220717569206E27657869737461697420706173206176616E74205B2E2E2E5D20576973656D626C79207065726D6574206427616C6C65722061752D64656CC3A0206465206C61207072C3A973656E746174696F6E2065742064276F7576726972206C65206469616C6F6775652E'),
	(X'74657374696D6F6E69616C73',X'54C3A96D6F69676E61676573');

/*!40000 ALTER TABLE `homepage` ENABLE KEYS */;
UNLOCK TABLES;


# Dump of table messages
# ------------------------------------------------------------

DROP TABLE IF EXISTS `messages`;

CREATE TABLE `messages` (
  `key` varchar(255) COLLATE utf8_bin NOT NULL,
  `value` text COLLATE utf8_bin NOT NULL,
  UNIQUE KEY `key` (`key`)
) ENGINE=InnoDB DEFAULT CHARSET=utf8 COLLATE=utf8_bin;

LOCK TABLES `messages` WRITE;
/*!40000 ALTER TABLE `messages` DISABLE KEYS */;

INSERT INTO `messages` (`key`, `value`)
VALUES
	(X'61626F7574',X'C3802070726F706F73'),
	(X'61626F75745F696E5F7468655F7072657373',X'44616E73206C6120707265737365'),
	(X'61626F75745F6F75725F73746F7279',X'4E6F74726520686973746F697265'),
	(X'61626F75745F70726573735F706167655F64657363',X'496C73206368616E74656E74206E6F7320C3A96C6F676573'),
	(X'61626F75745F70726573735F706167655F7469746C65',X'576973656D626C792064616E73206C6120707265737365'),
	(X'61626F75745F7265736F7572636573',X'526573736F7572636573'),
	(X'61626F75745F7465616D5F706167655F64657363',X'4465206C6F696E206C61206D65696C6C6575726520C3A9717569706520C3A0205061726973'),
	(X'61626F75745F7465616D5F706167655F7469746C65',X'4E6F74726520C3A97175697065'),
	(X'61626F75745F7468655F7465616D',X'4C27C3A97175697065'),
	(X'61626F75745F776973656D626C795F706167655F64657363',X'436F6D6D656E742063657474652062656C6C6520686973746F697265206120636F6D6D656E63C3A92E2E2E'),
	(X'61626F75745F776973656D626C795F706167655F7469746C65',X'C3802070726F706F7320646520576973656D626C79'),
	(X'617069',X'41504973'),
	(X'61736B5F666F725F71756F7465',X'44656D616E6465206465206465766973'),
	(X'6261636B',X'5265746F7572'),
	(X'63616C6C5F7573',X'436F6E74616374657A206E6F7573'),
	(X'636173655F636F6E746578745F7469746C65',X'4C657320656E6A657578'),
	(X'636173655F726573756C74735F7469746C65',X'4C652072C3A973756C746174'),
	(X'636173655F73747564696573',X'45747564657320646520636173'),
	(X'636173655F737475646965735F676C6F62616C5F706167655F64657363',X'576973656D626C792061696465206465732063656E7461696E65732064E28099656E747265707269736520C3A020636F6C6C61626F72657220656E2072C3A9756E696F6E20657420C3A020626F6F73746572206C6575722070726F6475637469766974C3A92E'),
	(X'636173655F737475646965735F676C6F62616C5F706167655F7469746C65',X'436F6D6D65206E6F7320636C69656E74733A206761676E657A20656E2070726F6475637469766974C3A920647572616E7420766F73206D656574696E6773'),
	(X'636173655F737475646965735F6D656E755F7469746C65',X'45747564657320646520636173'),
	(X'636173655F75736167655F7469746C65',X'4C6120736F6C7574696F6E'),
	(X'63686F6F73655F796F75725F77697A',X'43686F6973697373657A206C652057697A2071756920766F757320636F6E7669656E74'),
	(X'63686F6F73655F796F75725F77697A5F68656C70',X'51756520766F7573206179657A20756E206F7520706C7573696575727320C3A976C3A96E656D656E74732C20766F757320706179657A206175206D6F69732065742073616E7320617563756E20656E676167656D656E742E2043276573742073696D706C6520657420666C657869626C652021'),
	(X'636C61737365735F616E5F747261696E696E67735F6D656E755F7469746C65',X'436F75727320657420666F726D6174696F6E73'),
	(X'636C69656E7473',X'436C69656E7473'),
	(X'636C69656E74735F706167655F64657363',X'496C7320736F6E7420656666696361636573206772C3A2636520C3A020576973656D626C79'),
	(X'636C69656E74735F706167655F7469746C65',X'4E6F7320636C69656E7473'),
	(X'636F6D70616E79',X'436F6D70616E79'),
	(X'636F6E74616374',X'436F6E74616374'),
	(X'636F6E746163745F666F756E64657273',X'436F6E746163746572206C657320666F6E64617465757273'),
	(X'636F6E746163745F706167655F626173656C696E65',X'566F7573206176657A206265736F696E2064E28099756E20646576697320656E20757267656E6365203F20566F7573206176657A20756E652073696D706C65207175657374696F6E203F204E6F757320766F75732072C3A9706F6E646F6E7320696D6DC3A964696174656D656E742E'),
	(X'636F6E746163745F706167655F64657363',X'496C20766F7573206D616E71756520756E6520696E666F726D6174696F6E203F20566F7573206176657A206265736F696E2064E28099756E2064657669732064C3A97461696C6CC3A9203F20436F6E74616374657A2D6E6F75732C206E6F757320736F6D6D657320C3A020766F74726520646973706F736974696F6E2E204E6F757320766F75732072C3A9706F6E646F6E7320696D6DC3A964696174656D656E742E'),
	(X'636F6E746163745F706167655F7469746C65',X'5072656E657A20636F6E746163742061766563206E6F7573'),
	(X'636F6E746163745F75735F6E756D626572',X'436F6E74616374657A206E6F7573206175203C7374726F6E673E256E756D626572253C2F7374726F6E673E'),
	(X'646576656C6F70657273',X'44C3A976656C6F707065757273'),
	(X'656D61696C',X'452D6D61696C'),
	(X'656D61696C5F73656E745F6572726F72',X'4E6F7573206E2761766F6E73207061732072C3A97573736920C3A020656E766F79657220766F74726520656D61696C2C20766575696C6C657A206E6F757320636F6E74616374657220646972656374656D656E7420C3A0203C6120687265663D276D61696C746F3A636F6E7461637440776973656D626C792E636F6D3F7375626A6563743D6D65737361676520646520776973656D626C792E636F6D273E636F6E7461637440776973656D626C792E636F6D3C2F613E'),
	(X'656D61696C5F73656E745F73756363657373',X'4D657263692C206E6F75732061766F6E73206269656E207265C3A77520766F74726520656D61696C2C206E6F757320766F757320792072C3A9706F6E64726F6E7320617520706C757320766974652021'),
	(X'6576656E745F6B6579776F7264',X'4D6F742D636CC3A920646520766F7472652057697A'),
	(X'6576656E7473',X'4576C3A96E656D656E7473'),
	(X'6576656E74735F6166746572776F726B73',X'4166746572776F726B73'),
	(X'6576656E74735F616E645F73656D696E61726965735F6D656E755F7469746C65',X'C38976C3A96E656D656E74732065742073C3A96D696E6169726573'),
	(X'6576656E74735F626173656C696E65',X'5061727469636970657A20C3A0206E6F7320C3A976C3A96E656D656E7473'),
	(X'6576656E74735F627265616B6661737473',X'5065746974732D64C3A96A65756E657273'),
	(X'6576656E74735F706173736564',X'4576C3A96E656D656E74732070617373C3A973'),
	(X'6576656E74735F776562696E617273',X'576562696E617273'),
	(X'667265655F747269616C',X'44C3A96D6F206772617475697465'),
	(X'667265655F747269616C5F696E63656E74697665',X'4573736179657A20576973656D626C792E20477261747569742E20506173206265736F696E206465206361727465206465206372C3A96469742E'),
	(X'66756C6C6E616D65',X'4E6F6D20636F6D706C6574'),
	(X'676F746F5F617070',X'416C6C657220C3A0206C276170706C69636174696F6E'),
	(X'686561645F6F66666963655F61646472657373',X'373320626F756C6576617264205374204765726D61696E203C62722F3E203735303035205061726973'),
	(X'686F6D65706167655F736C6964655F696E666F',X'5072C3A973656E746174696F6E20576973656D626C792E707074'),
	(X'696E63656E746976655F746F5F636F6E746163745F666F725F70726963696E67',X'436F6E74616374657A2D6E6F757320706F7572206F6274656E6972206C65732074617269667320642761626F6E6E656D656E74'),
	(X'69735F696E7465726573746564',X'4361206D27696E74C3A97265737365'),
	(X'6A6F6273',X'526563727574656D656E74'),
	(X'6A6F62735F706167655F626173656C696E65',X'4368657A20576973656D626C792C206E6F757320636F6E7374727569736F6E7320756E2070726F64756974206176656320657420706F7572206E6F7320636C69656E74732E20436120766F757320696E74C3A972657373653F'),
	(X'6A6F62735F706167655F626173656C696E655F64657363',X'3C703E4661697465732063652071756520766F75732061696D657A206C6520706C75732065742076656E657A207472617661696C6C6572206368657A20576973656D626C792E204E6F7573206E65207265637275746F6E7320706173207375722043562C206E6F7573206E6520736F6D6D65732070617320696E74C3A972657373C3A9732070617220766F73206469706CC3B46D6573206F7520766F747265206D656E74696F6E206175206261632E204E6F7573207265637275746F6E73206465732067656E732070617373696F6E6EC3A9732063617061626C65732064652072C3A9736F75647265206465732070726F626CC3A86D65732C2064652072656C65766572206465732064C3A9666973206574206465206372C3A96572207175656C7175652063686F7365206465206772616E642E20436120766F75732072657373656D626C65203F2052656A6F69676E657A206CE28099C3A971756970652021203C2F703E'),
	(X'6A6F62735F706167655F64657363',X'4E6F7573207472616E73666F726D6F6E73206C61206D616E69C3A8726520646F6E74206C65732067656E732073652072C3A9756E697373656E7420657420636F6C6C61626F72656E742E'),
	(X'6A6F62735F706167655F6C6F636174696F6E5F7469746C65',X'456E20706C65696E2064652063656E7472652064652050617269732C20706F7572206C65206D6F6E646520656E74696572'),
	(X'6A6F62735F706167655F6F70656E5F706F736974696F6E735F7469746C65',X'506F736974696F6E73206F75766572746573'),
	(X'6A6F62735F706167655F7469746C65',X'52656A6F69676E657A20576973656D626C79'),
	(X'6A6F62735F706167655F7768795F776973656D626C795F64657363',X'3C703E4368657A20576973656D626C792C206E6F7573206163636F72646F6E7320756E6520706C61636520666F6E64616D656E74616C6520C3A0206C61207175616C6974C3A920646520766965206574206465207472617661696C206465206E6F7320C3A97175697065732E2052C3A9756E696F6E732064E28099C3A9717569706520686562646F6D616461697265732C206269C3A872652064752076656E64726564692C207465616D6275696C64696E672C207469636B6574732D72657374617572616E742C206D757475656C6C652064E28099656E7472657072697365E280A620546F7573206C6573206176616E74616765732064E28099756E652067726F73736520626FC3AE7465206175207365696E2064E28099756E65207374617274757020706172697369656E6E6520656E20706C65696E652063726F697373616E636520213C2F703E'),
	(X'6A6F62735F706167655F7768795F776973656D626C795F7469746C65',X'506F757271756F69207472617661696C6C6572206368657A20576973656D626C79203F'),
	(X'6A6F696E5F616E5F6576656E74',X'52656A6F69676E657A20756E2057697A'),
	(X'6A6F696E5F6576656E745F627574746F6E',X'52656A6F696E647265'),
	(X'6A6F75726E616C697374735F646F776E6C6F61645F6B69745F627574746F6E',X'54C3A96CC3A96368617267657A2D6C657320696369'),
	(X'6A6F75726E616C697374735F646F776E6C6F61645F6B69745F7469746C65',X'4A6F75726E616C69737465732C20766F7573207265636865726368657A2064657320696D616765732C206465732070686F746F7320706F757220696C6C75737472657220766F732061727469636C6573203F'),
	(X'6C6F67696E',X'4C6F67696E'),
	(X'6C6F67696E5F627574746F6E',X'4C6F67696E'),
	(X'6C6F676F',X'4C6F676F'),
	(X'6C6F6F6B696E675F666F725F736F6D657468696E675F656C7365',X'566F7573207265636865726368657A207175656C7175652063686F7365206427617574726520717565206365207175692065737420696369203F'),
	(X'6D656574696E67735F616E645F636F6E6663616C6C735F6D656E755F7469746C65',X'52C3A9756E696F6E7320657420636F6E662D63616C6C73'),
	(X'6D6F72655F696E666F726D6174696F6E',X'44656D616E64652064652072656E736569676E656D656E7473'),
	(X'6F66666963655F61646472657373',X'323020727565205361696E74652D43726F6978206465206C6120427265746F6E6E657269653C62722F3E3735303034205061726973'),
	(X'6F66666963655F686F757273',X'3C7020636C6173733D276C6162656C273E4F666669636520686F7572733C2F703E203C7020636C6173733D27686F757273273E4475206C756E64692061752076656E64726564693C2F703E203C7020636C6173733D27686F757273273E446520396820C3A0203230683C2F703E'),
	(X'6F7267616E697A6572',X'4F7267616E69736174657572'),
	(X'6F74686572',X'4175747265'),
	(X'6F75725F636C69656E74735F6D656E755F7469746C65',X'436C69656E7473'),
	(X'7061727469636970616E74',X'5061727469636970616E74'),
	(X'70617373776F7264',X'4D6F74206465207061737365'),
	(X'70686F6E655F6E756D626572',X'4E756DC3A9726F2064652074C3A96CC3A970686F6E65'),
	(X'7069637475726573',X'50686F746F73'),
	(X'706C616E5F636C61737365735F747261696E696E675F626173656C696E65',X'527974686D657A20766F7320666F726D6174696F6E732065742073756976657A206C27C3A9766F6C7574696F6E20646520766F7320C3A96CC3A87665732E'),
	(X'706C616E5F636C61737365735F747261696E696E675F6974656D73',X'3C6C693E203C6920636C6173733D276C6973742D646F74273E3C2F693E205175697A20657420C3A976616C756174696F6E73203C2F6C693E203C6C693E203C6920636C6173733D276C6973742D646F74273E3C2F693E20506172746167652065742076697375616C69736174696F6E20646520646F63756D656E7473203C2F6C693E203C6C693E203C6920636C6173733D276C6973742D646F74273E3C2F693E2053746174697374697175657320657420636C617373656D656E7420646573207061727469636970616E7473203C2F6C693E'),
	(X'706C616E5F636C61737365735F747261696E696E675F7469746C65',X'456E736569676E656D656E74202620666F726D6174696F6E73'),
	(X'706C616E5F64656D6F5F76657273696F6E5F666F6F746E6F746573',X'5465737420677261747569742E20506173206265736F696E20646520636172746520626C6575652E'),
	(X'706C616E5F6576656E74735F73656D696E61726965735F626173656C696E65',X'446F6E6E657A206C61207061726F6C6520C3A020746F7573206C6573207061727469636970616E747320646520766F7472652073C3A96D696E616972652E'),
	(X'706C616E5F6576656E74735F73656D696E61726965735F6974656D73',X'3C6C693E203C6920636C6173733D276C6973742D646F74273E3C2F693E20512641203C2F6C693E203C6C693E203C6920636C6173733D276C6973742D646F74273E3C2F693E20534D532C20547769747465722C20766F746573203C2F6C693E203C6C693E203C6920636C6173733D276C6973742D646F74273E3C2F693E204D6F64C3A9726174696F6E20657420706572736F6E6E616C69736174696F6E203C2F6C693E'),
	(X'706C616E5F6576656E74735F73656D696E61726965735F7469746C65',X'4576C3A96E656D656E747320262073C3A96D696E6169726573'),
	(X'706C616E5F6D656574696E67735F636F6E665F63616C6C735F626173656C696E65',X'5072C3A9706172657A2C20616E696D657A206574206173737572657A206C6520737569766920646520766F732072C3A9756E696F6E73202620636F6E662D63616C6C2E'),
	(X'706C616E5F6D656574696E67735F636F6E665F63616C6C735F6974656D73',X'3C6C693E203C6920636C6173733D276C6973742D646F74273E3C2F693E205126412C20736F6E6461676573206574207175657374696F6E6E6169726573203C2F6C693E203C6C693E203C6920636C6173733D276C6973742D646F74273E3C2F693E20506172746167652065742076697375616C69736174696F6E20646520646F63756D656E7473203C2F6C693E203C6C693E203C6920636C6173733D276C6973742D646F74273E3C2F693E2052C3A9706F6E73657320657420636F6D6D656E746169726573203C2F6C693E'),
	(X'706C616E5F6D656574696E67735F636F6E665F63616C6C735F7469746C65',X'52C3A9756E696F6E7320657420636F6E662D63616C6C73'),
	(X'706C616E735F6D656E755F7469746C65',X'506C616E73'),
	(X'706C616E735F706167655F64657363',X'43656C61206E6520636FC3BB7465207269656E2064E28099657373617965722E20426F6F7374657A20766F7472652070726F6475637469766974C3A920657420696D7072657373696F6E6E657A20766F7320636F6C6C61626F72617465757273206C6F727320646520766F7472652070726F636861696E20636F6E662D63616C6C2C20666F726D6174696F6E206F752073C3A96D696E616972652E'),
	(X'706C616E735F706167655F7469746C65',X'4372C3A9657A20756E20636F6D7074652064652064C3A96D6F6E7374726174696F6E20656E203320636C696373'),
	(X'706C616E735F747279',X'4573736179657220286C696D6974C3A920C3A02035207574696C697361746575727329'),
	(X'706C656173655F73656C656374',X'566575696C6C657A2063686F697369722E2E2E'),
	(X'706F6C6C5F627574746F6E5F73656E64696E67',X'456E766F6920656E20636F757273'),
	(X'706F6C6C5F627574746F6E5F73656E74',X'456E766F79C3A9'),
	(X'706F6C6C5F627574746F6E5F7375626D6974',X'456E766F796572'),
	(X'7072657373',X'507265737365'),
	(X'726561645F636173655F73747564795F6C696E6B',X'4C697265206C27C3A97475646520646520636173'),
	(X'726561645F73756D6D617279',X'4C697265206C652072C3A973756DC3A9'),
	(X'726561736F6E',X'4D6F746966'),
	(X'7265736F7572636573',X'526573736F7572636573'),
	(X'7265736F75726365735F706167655F64657363',X'506F757220766F73206265736F696E73206465206A6F75726E616C69736D65'),
	(X'7265736F75726365735F706167655F7469746C65',X'526573736F7572636573'),
	(X'73656E645F627574746F6E',X'456E766F796572'),
	(X'736F6369616C',X'436F6D6D756E617574C3A9'),
	(X'73747265616D5F74657874617265615F706C616365686F6C646572',X'456E7472657220766F747265207175657374696F6E'),
	(X'7375736372696265',X'532761626F6E6E6572'),
	(X'74656C6570686F6E655F696E666F',X'3C7020636C6173733D276C6162656C273E54656C6570686F6E653C2F703E0D0A3C7020636C6173733D2770686F6E65273E256E756D626572253C2F703E'),
	(X'7472795F666F725F66726565',X'4573736179657A2067726174756974656D656E74'),
	(X'77655F6172655F686972696E67',X'576973656D626C7920726563727574652021'),
	(X'776964676574',X'576964676574'),
	(X'77726974655F616E5F61727469636C65',X'C389637269726520756E2061727469636C652073757220576973656D626C79'),
	(X'77726974655F746F5F7573',X'4563726976657A2D6E6F7573'),
	(X'796F75',X'566F757320766961207369746520776562'),
	(X'796F75725F6D657373616765',X'566F747265206D657373616765');

/*!40000 ALTER TABLE `messages` ENABLE KEYS */;
UNLOCK TABLES;


# Dump of table meta
# ------------------------------------------------------------

DROP TABLE IF EXISTS `meta`;

CREATE TABLE `meta` (
  `page` varchar(255) CHARACTER SET utf8 COLLATE utf8_bin NOT NULL,
  `title` varchar(255) CHARACTER SET utf8 COLLATE utf8_bin NOT NULL,
  `description` varchar(255) CHARACTER SET utf8 COLLATE utf8_bin DEFAULT NULL,
  `keywords` varchar(255) CHARACTER SET utf8 COLLATE utf8_bin DEFAULT NULL,
  UNIQUE KEY `page` (`page`)
) ENGINE=InnoDB DEFAULT CHARSET=latin1;

LOCK TABLES `meta` WRITE;
/*!40000 ALTER TABLE `meta` DISABLE KEYS */;

INSERT INTO `meta` (`page`, `title`, `description`, `keywords`)
VALUES
	(X'61626F7574',X'576973656D626C79202D20C3802070726F706F7320646520576973656D626C79',NULL,NULL),
	(X'61626F75745F7072657373',X'576973656D626C79202D2044616E73206C6120707265737365',NULL,NULL),
	(X'61626F75745F7465616D',X'576973656D626C79202D204C27C3A97175697065',NULL,NULL),
	(X'6173737572657A5F766F75735F7175655F746F75745F6C655F6D6F6E64655F73756974',X'4173737572657A2D766F75732071756520746F7574206C65206D6F6E64652073756974',X'416E696D657A20766F7320666F726D6174696F6E7320657420696D706C697175657A20766F7320666F726DC3A97320C3A020313030252E',X'616E696D617465757220666F726D6174696F6E2C20616E696D6174696F6E20666F726D6174696F6E2C20616E696D657220756E6520666F726D6174696F6E2C20616E696D657220666F726D6174696F6E'),
	(X'6361736573747564696573',X'576973656D626C79202D20436F6D6D65206E6F7320636C69656E74732C206761676E657A20656E2070726F6475637469766974C3A920647572616E7420766F73206D656574696E6773',NULL,NULL),
	(X'636C61737365735F747261696E696E6773',X'576973656D626C79202D20436F75727320657420666F726D6174696F6E73',X'416E696D657A20766F7320666F726D6174696F6E732E',X'616E696D617465757220666F726D6174696F6E2C20616E696D6174696F6E20666F726D6174696F6E2C20616E696D657220756E6520666F726D6174696F6E2C20616E696D657220666F726D6174696F6E'),
	(X'636C69656E7473',X'4E6F7320636C69656E7473',X'4E6F7320636C69656E7473',NULL),
	(X'636F6E74616374',X'576973656D626C79202D20436F6E74616374657A206E6F7573',NULL,NULL),
	(X'6576656E7473',X'576973656D626C79202D204576C3A96E656D656E7473',NULL,NULL),
	(X'6576656E74735F73656D696E6172696573',X'576973656D626C79202D20466169746573207061727469636970657220766F747265207075626C6963',X'4F7267616E6973657A2064657320636F6E66C3A972656E6365732065742064657320C3A976C3A96E656D656E747320322E302E20205126412C20766F7465732C20736F6E64616765732E2E2E20766F74726520C3A976C3A96E656D656E7420766120646576656E6972203130302520696E7465726163746966732E',X'6F7267616E69736174696F6E20636F6E66C3A972656E63652C206F7267616E6973657220636F6E66C3A972656E63652C206F7267616E69736174696F6E20C3A976C3A96E656D656E742C206F7267616E6973657220C3A976C3A96E656D656E742C20636F6E66C3A972656E636520696E7465726163746976652C20C3A976C3A96E656D656E7420696E74657261637469662C2073C3A96D696E6169726520696E7465726163746966'),
	(X'696E646578',X'576973656D626C79202D20436F6C6C61626F72657A20656E2072C3A9756E696F6E',NULL,NULL),
	(X'6A6F6273',X'576973656D626C79202D20456D706C6F6973',NULL,NULL),
	(X'6C61697373657A5F7365787072696D65725F766F7472655F7075626C6963',X'576973656D626C79202D204C61697373657A20732765787072696D657220766F747265207075626C6963',X'4661697465732070617274696369706572206C65207075626C69632070617220534D53206166696E20646520636F6C6C656374657220746F75746573206C6573207175657374696F6E73206465206C612073616C6C652E',X'5175657374696F6E732070617220534D532C205126412C2051264120636F6E666572656E63652C2073C3A9616E6365206465207175657374696F6E732072C3A9706F6E7365732C207175657374696F6E732072C3A9706F6E73657320534D532C207175657374696F6E7320534D532073C3A96D696E616972652C205175657374696F6E7320534D5320C3A976C3A96E656D656E74'),
	(X'6D656574696E67735F636F6E6663616C6C73',X'576973656D626C79202D20426F6F7374657A20766F732072C3A9756E696F6E73',X'436F6D62617474657A206C612072C3A9756E696F6E69746520657420626F6F7374657A20766F732072C3A9756E696F6E732E',X'72C3A9756E696F6E6974652C207265756E696F6E6974652C207265756E696F6E697465732C2072C3A9756E696F6E69746573'),
	(X'6F75626C69657A5F6C65735F626F6974696572735F64655F766F7465',X'576973656D626C79202D204F75626C69657A206C657320626F69746965727320646520766F7465',NULL,NULL),
	(X'706C616E73',X'576973656D626C79202D204372C3A9657A20756E20636F6D7074652064652064C3A96D6F6E7374726174696F6E20656E203320636C696373',NULL,NULL),
	(X'7072656E657A5F64655F7672616965735F6465636973696F6E735F647572616E745F766F735F7265756E696F6E73',X'576973656D626C79202D205072656E657A206465207672616965732064C3A9636973696F6E7320647572616E7420766F732072C3A9756E696F6E73',X'576973656D626C792065737420756E206C6F67696369656C2071756920766F7573207065726D6574206427616E696D657220746F7574657320766F732072C3A9756E696F6E732E',X'616E696D657220756E652072C3A9756E696F6E2C20636F6E64756974652064652072C3A9756E696F6E2C20746563686E697175652064652072C3A9756E696F6E2C20616E696D6174696F6E2064652072C3A9756E696F6E2C20636F6E647569726520756E652072C3A9756E696F6E'),
	(X'7265736F7572636573',X'576973656D626C79202D20526573736F7572636573',NULL,NULL),
	(X'766F735F6576616C756174696F6E735F736F6E745F636F727269676565735F696D6D6564696174656D656E74',X'576973656D626C79202D20566F7320C3A976616C756174696F6E7320736F6E7420636F72726967C3A9657320696D6DC3A964696174656D656E74',X'576973656D626C792065737420756E206C6F67696369656C2071756920766F7573207065726D6574206427C3A976616C75657220656E2074656D70732072C3A9656C20766F7320666F726DC3A973206772C3A2636520C3A02064696666C3A972656E7473206D6F64756C657320285126412C207175657374696F6E6E61697265732C20736F6E64616765732E2E2E292E',X'6576616C756174696F6E20666F726D6174696F6E2C20C3A976616C756174696F6E20666F726D6174696F6E2C20C3A976616C75657220756E6520666F726D6174696F6E2C207175657374696F6E6E61697265206427C3A976616C756174696F6E2C20C3A976616C756572206C6120666F726D6174696F6E2C206F7574696C7320C3A976616C756174696F6E2C20C3A976616C756174696F6E20656E20666F726D6174696F6E');

/*!40000 ALTER TABLE `meta` ENABLE KEYS */;
UNLOCK TABLES;


# Dump of table press
# ------------------------------------------------------------

DROP TABLE IF EXISTS `press`;

CREATE TABLE `press` (
  `id` int(11) NOT NULL AUTO_INCREMENT,
  `featured` tinyint(1) NOT NULL DEFAULT '0',
  `logo` varchar(255) COLLATE utf8_bin DEFAULT NULL,
  `date` varchar(255) COLLATE utf8_bin NOT NULL,
  `support` varchar(255) COLLATE utf8_bin DEFAULT NULL,
  `title` varchar(255) COLLATE utf8_bin NOT NULL,
  `link` varchar(255) COLLATE utf8_bin DEFAULT NULL,
  PRIMARY KEY (`id`)
) ENGINE=InnoDB DEFAULT CHARSET=utf8 COLLATE=utf8_bin;

LOCK TABLES `press` WRITE;
/*!40000 ALTER TABLE `press` DISABLE KEYS */;

INSERT INTO `press` (`id`, `featured`, `logo`, `date`, `support`, `title`, `link`)
VALUES
	(1,0,NULL,X'31352F30362F32303130',NULL,X'436F6E6E61697373657A2D766F757320526F6D61696E2044617669642066726F6D205061726973203F204C6120636F6E66C3A972656E636520747261646974696F6E6E656C6C65207365206D657420617520322E30',X'687474703A2F2F62696C6C6175742E747970657061642E636F6D2F6A6D2F323031302F30362F636F6E6E61697373657A766F75732D726F6D61696E2D64617669642D66726F6D2D70617269732D2E68746D6C'),
	(2,0,X'687474703A2F2F7777772E746564647974727563686F742E636F6D2F77702D636F6E74656E742F75706C6F6164732F323031312F30352F6C6F676F2D746366722E6A7067',X'30392F30392F32303130',X'546563686372756E6368',X'417665632042616C6C6F6F6E2C2052656E64657A20766F7320636F6E66C3A972656E63657320657420C3A976C3A96E656D656E747320706C757320696E746572616374696673',X'687474703A2F2F66722E746563686372756E63682E636F6D2F323031302F30392F30392F617665632D62616C6C6F6F6E2D72656E64657A2D766F732D636F6E666572656E6365732D65742D6576656E656D656E74732D706C75732D696E7465726163746966732F'),
	(3,0,X'687474703A2F2F7777772E706F757271756F692D656E7472657072656E6472652E66722F77702D636F6E74656E742F75706C6F6164732F323031322F30372F6C6F676F2D6C6F636974612D6F6666696369656C2E6A706567',X'32322F30392F32303130',X'4C6F63697461',X'42616C6C6F6F6E207175692072656E6420766F7320C3A976C3A96E656D656E747320706C757320696E746572616374696673',X'687474703A2F2F66722E6C6F636974612E636F6D2F627573696E6573732F696E74657276696577732F696E746572766965772D64652D726F6D61696E2D64617669642D64652D62616C6C6F6F6E2D7175692D72656E642D766F732D6576656E656D656E74732D706C75732D696E7465726163746966732F'),
	(4,0,X'687474703A2F2F7777772E746564647974727563686F742E636F6D2F77702D636F6E74656E742F75706C6F6164732F323031312F30352F6C6F676F2D746366722E6A7067',X'31382F31312F32303130',X'546563686372756E6368',X'2354434652656D6978203A206C652042696C616E2064657320696E74C3A972616374696F6E73206C69766520617665632042616C6C6F6F6E',X'687474703A2F2F66722E746563686372756E63682E636F6D2F323031302F31312F31382F74636672656D69782D6C652D62696C616E2D6465732D696E746572616374696F6E732D6C6976652D617665632D62616C6C6F6F6E2F'),
	(5,0,X'687474703A2F2F626F7264656175782E737461727475707765656B656E642E6F72672F66696C65732F323031322F31312F6C6F676F2D6672656E63687765622D31302E35352E30342E6A706567',X'31322F30312F32303131',X'4672656E6368776562',X'42616C6C6F6F6E2C20736F6C7574696F6E206427696E74657261637469766974C3A920706F757220766F7320C3A976C3A96E656D656E7473',X'687474703A2F2F6672656E63687765622E66722F62616C6C6F6F6E2D736F6C7574696F6E2D696E74657261637469766974652D6576656E656D656E74'),
	(6,0,X'687474703A2F2F65737468657262656E62617373612E65656C762E66722F66696C65732F323031322F31312F492D74656C652E676966',X'32302F30312F32303131',X'492D54C3A96CC3A9',X'22432765737420756E65207472C3A873207472C3A87320626F6E6E65206964C3A9652E2E2E22203A20616E616C797365206465204D6172632053696D6F6E63696E6920C3A02070726F706F732064652042616C6C6F6F6E206C6F7273206465206C27C3A96D697373696F6E20694C406220737572206954C3A96CC3A9206C65203230206A616E76696572206465726E6965722E',NULL),
	(7,0,X'687474703A2F2F6D79636172656572746F7069612E636F6D2F77702D636F6E74656E742F75706C6F6164732F323031332F31312F627573696E6573732D696E73696465722E6A7067',X'32362F30322F32303131',X'427573696E65737320496E7369646572',X'42616C6C6F6F6E2048656C707320596F752048616E646C6520546865205A696C6C696F6E205175657374696F6E7320596F752047657420447572696E6720416E204576656E74',X'687474703A2F2F7777772E627573696E657373696E73696465722E636F6D2F62616C6C6F6F6E2D323031312D32'),
	(8,0,X'68747470733A2F2F656E637279707465642D74626E332E676F6F676C652E636F6D2F696D616765733F713D74626E3A414E6439476352773333496B7169647A6274675848762D336A7842544B5A366E394C585272676A4D304C316B3057765043524F345353436F3951',X'30382F30342F32303131',X'5477697374',X'42616C6C6F6F6E2C207661696E7175657572206475205457495354205061726973206772C3A2636520C3A0204A61736F6E2043616C6163616E6973',X'687474703A2F2F7777772E747769737470617269732E636F6D2F73746172747570732D706974636865732F30332D6D65657475702D617072696C2D3874682D323031312F62616C6C6F6F6E2F'),
	(9,0,X'687474703A2F2F7777772E67726F7570652D616C7068612E636F6D2F646174612F70686F746F2F39332E6A7067',X'30362F30352F32303131',X'42464D',X'42616C6C6F6F6E20656E2071756172742064652066696E616C65206465206C612042464D2041636164C3A96D69652032303131',X'687474703A2F2F7777772E726164696F62666D2E636F6D2F66726F6E745F6F66666963652F7374617469632F42464D5F41636164656D69652F63616E6469646174732F736169736F6E342F657069736F64655F32342E68746D6C'),
	(10,0,X'687474703A2F2F7777772E636F6E736F7374617469632E636F6D2F77702D636F6E74656E742F75706C6F6164732F323031302F30362F6368616C6C656E6765735F6C6F676F2E706E67',X'31322F30352F32303131',X'4368616C6C656E676573',X'42616C6C6F6F6E20636C617373C3A9207061726D69206C657320223130302073746172747570206FC3B920696E7665737469722220706172206C65206D6167617A696E65204368616C6C656E676573',NULL),
	(11,1,X'687474703A2F2F7777772E636F6E736F7374617469632E636F6D2F77702D636F6E74656E742F75706C6F6164732F323031302F30362F6368616C6C656E6765735F6C6F676F2E706E67',X'30362F31312F32303131',X'4368616C6C656E676573',X'42616C6C6F6F6E20636974C3A920656E206578656D706C6520706F7572207469726572206C6573206C65C3A76F6E73206465207365732074657374732064616E73206C65206EC2B0323731206465204368616C6C656E676573',NULL),
	(12,1,X'687474703A2F2F7777772E6C732D6368656D6973652E636F6D2F7374796C652F6C6F676F5F6D616E6167656D656E742E6A7067',X'30372F31312F32303131',X'4D616E6167656D656E74',X'42616C6C6F6F6E20636974C3A920656E206578656D706C6520706F75722061766F6972206465206C2761706C6F6D62206574207361766F697220626C75666665722064616E73206C65206D6167617A696E65204D616E6167656D656E74',NULL),
	(13,1,X'687474703A2F2F75706C6F61642E77696B696D656469612E6F72672F77696B6970656469612F66722F652F65642F4C6F676F2D6C65732D6563686F732E676966',X'33302F31312F32303131',X'4C6573204563686F73',X'42616C6C6F6F6E206D65742064752022736F6369616C222064616E73206C657320636F6E66C3A972656E636573202D20C389646974696F6E206475203330206E6F76656D6272652032303131206475206A6F75726E616C204C657320C38963686F73',NULL),
	(14,0,X'687474703A2F2F7777772E6775696C68656D62657274686F6C65742E636F6D2F626C6F672F77702D636F6E74656E742F75706C6F6164732F323031322F30342F6C6F676F2D77656C6F7665736161732D7371756172652D343034783330302E706E67',X'30372F30392F32303132',X'57654C6F766553616153',X'42616C6C6F6F6E2064657669656E7420576973656D626C7920657420732761747461717565206175206D61726368C3A9206465206C6120666F726D6174696F6E206574206465732072C3A9756E696F6E732070726F66657373696F6E6E656C6C6573',X'687474703A2F2F6D61672E77656C6F7665736161732E636F6D2F696E6465782E7068702F323031322F62616C6C6F6F6E2D64657669656E742D776973656D626C792F'),
	(15,0,X'687474703A2F2F7777772E746564647974727563686F742E636F6D2F77702D636F6E74656E742F75706C6F6164732F323031312F30352F6C6F676F2D746366722E6A7067',X'31322F30392F32303132',X'546563686372756E6368',X'42616C6C6F6F6E2064657669656E7420576973656D626C792065742070726F706F7365206465206E6F7576656C6C6573206F6666726573207370C3A96369616C657320656E747265707269736573',X'687474703A2F2F66722E746563686372756E63682E636F6D2F323031322F30392F31322F62616C6C6F6F6E2D64657669656E742D776973656D626C792D65742D70726F706F73652D64652D6E6F7576656C6C65732D6F66667265732D7370656369616C65732D656E7472657072697365732F'),
	(16,0,X'687474703A2F2F7777772E646F63756D6174696F6E2E6E65742F77702D636F6E74656E742F75706C6F6164732F6C6F676F5F636F6C6C61626F72617469662D696E666F2E706E67',X'31382F30392F32303132',X'436F6C6C61626F72617469662E696E666F',X'42616C6C6F6F6E2064657669656E7420576973656D626C792065742061647265737365206465206E6F7576656175782075736167657320656E20656E7472657072697365',X'687474703A2F2F7777772E636F6C6C61626F72617469662D696E666F2E66722F61637475616C6974652F62616C6C6F6F6E2D64657669656E742D776973656D626C792D65742D616472657373652D64652D6E6F7576656175782D7573616765732D656E2D656E7472657072697365'),
	(17,0,X'687474703A2F2F7777772E63626E6577732E66722F7661722F6D656469612F39372F6F726967696E616C2F6C612D74726962756E652D6C6F676F2D323031322D353935706E672D39363331382E6A7067',X'30352F31302F32303132',X'4C612054726962756E65',X'2244C3A9736F726D6169732C206C65206D6F64C3A86C652063E2809965737420756E207065752042616C6C6F6F6E207175692065737420646576656E7520576973656D626C7922',X'687474703A2F2F7777772E6C6174726962756E652E66722F61637475616C697465732F65636F6E6F6D69652F3230313231303035747269623030303732323939332F73746172742D75702D696C2D6E2D792D612D7061732D7175652D6C2D617267656E742D7175692D636F6D7074652E68746D6C'),
	(18,0,X'687474703A2F2F6C6F6C2E6E65742F702F6A6F75726E616C64756E65742D636F6D2D6D696E692E6A7067',X'32342F31302F32303132',X'4A6F75726E616C204475204E6574',X'352073746172742D7570206672616EC3A76169736573206475205361615320C3A02073756976726520656E2032303133',X'687474703A2F2F7777772E6A6F75726E616C64756E65742E636F6D2F736F6C7574696F6E732F636C6F75642D636F6D707574696E672F73746172742D75702D6672616E6361697365732D64752D736161732E7368746D6C'),
	(19,0,X'687474703A2F2F7777772E746573746E74727573742E66722F696D616765732F6974656D696D616765732F617669732F3631303030302F3630313539382F3139313237393939313333333535325F636F6D6D656E742D63612D6D61726368652D2D63636D2D2D2D2D636F6D6D756E617574652D696E666F726D6174697175652E6A7067',X'31342F31312F32303132',X'436F6D6D656E74206361206D6172636865',X'506F75722064657320636F6E66C3A972656E63657320322E302C20576973656D626C792073616974206372C3A9657220756E6520767261696520696E746572616374696F6E2061766563206C65207075626C6963',X'687474703A2F2F7777772E636F6D6D656E7463616D61726368652E6E65742F6E6577732F353836313338312D706F75722D6465732D636F6E666572656E6365732D322D302D776973656D626C792D736169742D63726565722D756E652D76726169652D696E746572616374696F6E2D617665632D6C652D7075626C6963'),
	(20,0,X'687474703A2F2F626C6F672E776973656D626C792E636F6D2F77702D636F6E74656E742F75706C6F6164732F323031332F30312F6575726F7061732E706E67',X'31302F30312F32303133',X'546865206575726F706173',X'546865204575726F7061733A20576973656D626C7920696E207468652073686F72746C69737420666F722042657374204672656E6368205374617274757021',X'687474703A2F2F626C6F672E776973656D626C792E636F6D2F323031332F30312F776973656D626C792D6E6F6D696E652D64616E732D6C612D63617465676F7269652D6D65696C6C657572652D737461727475702D6672616E63616973652F'),
	(21,0,X'687474703A2F2F7465636862616775657474652E66696C65732E776F726470726573732E636F6D2F323031322F30342F6C6F676F5F746563686261677565747465322E706E67',X'372F30332F32303133',X'546563686261677565747465',X'5448452032303133204C4953543A20323020484F54204652454E434820454E5452455052454E4555525320554E444552203330',X'687474703A2F2F7465636862616775657474652E636F6D2F323031332F30332F30362F686F742D322D323031332F'),
	(22,0,X'687474703A2F2F77696C6C69616D6C656772616E642E66696C65732E776F726470726573732E636F6D2F323031322F30362F77656C6F7665736161735F6269675F6C6F676F2E706E67',X'31362F30352F32303133',X'57654C6F766553616153',X'576973656D626C79203A206C6120636F6C6C61626F726174696F6E206574206CE28099696E74C3A97261637469766974C3A920656E7472656E742064616E73206C65732073616C6C657320646520636F75727320657420646520666F726D6174696F6EE280A6',X'687474703A2F2F6D61672E77656C6F7665736161732E636F6D2F696E6465782E7068702F323031332F776973656D626C792D6C612D636F6C6C61626F726174696F6E2D65742D6C696E74657261637469766974652D656E7472652D64616E732D6C65732D73616C6C65732D64652D636F7572732D65742D64652D666F726D6174696F6E2F'),
	(23,0,X'687474703A2F2F7777772E692D656E74726570726973652E636F6D2F74656D706C617465732F7468656D653536302F696D616765732F6C6F676F2E676966',X'31372F30352F32303133',X'692D656E7472657072697365',X'576973656D626C79203A206F7074696D6973657A206C612070726F6475637469766974C3A920646520766F732072C3A9756E696F6E73',X'687474703A2F2F7777772E692D656E74726570726973652E636F6D2F696E6465782E7068702F7275627269717565732F73657276696365732F3334302D776973656D626C792D6F7074696D6973657A2D6C612D70726F6475637469766974652D64652D766F732D7265756E696F6E73'),
	(24,0,X'687474703A2F2F706963732E323031322E6C65736563686F732E636F6D2F6373732F323031322F696D672F6C6F676F2D627573696E6573732E706E67',X'32302F30362F32303133',X'4C6573204563686F7320427573696E657373',X'4C276964C3A96520627573696E657373203A206176656320576973656D626C792C20736F6C7574696F6E20636F6C6C61626F7261746976652C206465732072C3A9756E696F6E7320656E66696E20696E746572616374697665732021',X'687474703A2F2F627573696E6573732E6C65736563686F732E66722F656E7472657072656E657572732F69646565732D64652D627573696E6573732F31303033303237332D6C2D696465652D627573696E6573732D617665632D776973656D626C792D736F6C7574696F6E2D636F6C6C61626F7261746976652D6465732D7265756E696F6E732D656E66696E2D696E746572616374697665732D32363631312E706870'),
	(25,0,X'687474703A2F2F7777772E636C617373656D656E746772616E64657365636F6C65732E636F6D2F77702D636F6E74656E742F75706C6F6164732F323031332F30372F6C6F676F332E706E67',X'32302F30362F32303133',X'436C617373656D656E74204772616E6465732D45636F6C6573',X'576973656D626C7920E28093206C65206675747572206465206CE28099656E736569676E656D656E7420656E20C3A9636F6C6520646520636F6D6D65726365',X'687474703A2F2F7777772E636C617373656D656E746772616E64657365636F6C65732E636F6D2F776973656D626C792D6C652D6675747572652D64652D6C656E736569676E656D656E742D656E2D65636F6C652D64652D636F6D6D657263652F'),
	(26,0,X'687474703A2F2F7777772E6172657373792D72702E636F6D2F77702D636F6E74656E742F75706C6F6164732F323031332F30352F41727469636C652D31362E6A7067',X'30352F30392F32303133',X'303120427573696E657373',X'44616E732073657320616D706869732C2048454320636F6D62696E6520636F757273206465206D61726B6574696E672065742072C3A97365617520736F6369616C',X'68747470733A2F2F73636F6E74656E742D612D6672612E78782E666263646E2E6E65742F6870686F746F732D70726E322F74312F313233393637325F3637313333353936393536313431335F313839323835323731395F6E2E6A7067'),
	(27,0,X'687474703A2F2F7777772E616464697465616D2E636F6D2F535349492F77702D636F6E74656E742F75706C6F6164732F323031322F31302F62666D2D627573696E6573732E6A7067',X'31372F30392F32303133',X'42464D20427573696E657373',X'496E7465727669657720646520526F6D61696E204461766964202D20436F2D666F6E64617465757220646520576973656D626C79',X'687474703A2F2F7777772E6461696C796D6F74696F6E2E636F6D2F766964656F2F78313474356B355F6D6164652D696E2D70617269732D726F6D61696E2D64617669642D636F2D666F6E6461746575722D64652D776973656D626C792D64616E732D70617269732D6573742D612D766F75732D31372D30395F6E657773'),
	(28,0,X'687474703A2F2F7777772E6D616464796E6573732E636F6D2F77702D636F6E74656E742F7468656D65732F766F6C742F696D616765732F6C6F676F2E706E67',X'33312F31302F32303133',X'4D616464796E657373',X'576973656D626C792C206C61206D65696C6C6575726520736F6C7574696F6E20706F7572207072C3A970617265722C20616E696D65722065742061737375726572206C6520737569766920646520766F732072C3A9756E696F6E73',X'687474703A2F2F7777772E6D616464796E6573732E636F6D2F6F7574696C732F323031332F31302F33312F776973656D626C792D6F7574696C2D7072657061726174696F6E2D616E696D6174696F6E2D7265756E696F6E2F'),
	(29,0,X'687474703A2F2F6672656E63687765622E66722F77702D636F6E74656E742F75706C6F6164732F323031332F30342F6C6F676F2D6672656E63687765622D323031332D333030783539315F322E706E67',X'392F31322F32303133',X'4672656E6368776562',X'576973656D626C792C20756E6520736F6C7574696F6E20706F75722064796E616D69736572207365732072C3A9756E696F6E73',X'687474703A2F2F6672656E63687765622E66722F6C612D737461727475702D64752D6A6F75722D776973656D626C792D706F75722D64796E616D697365722D7365732D7265756E696F6E732D67726163652D6175782D726573656175782D736F63696175782F313334393731'),
	(30,0,X'687474703A2F2F7374617469632E6C656E74726570726973652E636F6D2F696D616765732F6C6F676F5F3337327837392E706E67',X'32332F30312F32303133',X'4C2765787072657373',X'53746172742D75703A207365707420636F6E7365696C7320706F757220666169726520647520627573696E6573732061766563206C6573206772616E647320636F6D70746573',X'687474703A2F2F6C656E74726570726973652E6C657870726573732E66722F74726F757665722D6465732D6E6F7576656175782D636C69656E74732F73746172742D75702D736570742D636F6E7365696C732D706F75722D66616972652D64752D627573696E6573732D617665632D6C65732D6772616E64732D636F6D707465735F34353530322E68746D6C'),
	(31,0,X'687474703A2F2F75706C6F61642E77696B696D656469612E6F72672F77696B6970656469612F66722F652F65642F4C6F676F2D6C65732D6563686F732E676966',X'30342F30322F32303134',X'4C6573204563686F73',X'576973656D626C792072656E64206C65732072C3A9756E696F6E73206427656E747265707269736520706C757320696E74657261637469766573',X'68747470733A2F2F666263646E2D7370686F746F732D672D612E616B616D616968642E6E65742F6870686F746F732D616B2D667263312F74312F313739373631325F3735393939323031343032393134315F313730323830343536315F6E2E6A7067'),
	(32,0,X'687474703A2F2F6D657461696C2E636F6D2F77702D636F6E74656E742F75706C6F6164732F323031342F30312F746563686372756E63682D353030783233372D353030783233372E6A7067',X'30342F30322F32303134',X'546563686372756E6368',X'576973656D626C7920526169736573202432204D696C6C696F6E20546F204D616B65204D656574696E6773205375636B204C657373',X'687474703A2F2F746563686372756E63682E636F6D2F323031342F30322F30342F776973656D626C792D7261697365732D322D6D696C6C696F6E2D746F2D6D616B652D6D656574696E67732D7375636B2D6C6573732F'),
	(33,0,X'687474703A2F2F626C6F672E652D6C6F75652E636F6D2F77702D636F6E74656E742F75706C6F6164732F323031302F30362F6C6F676F2D6A6F75726E616C2D64752D6E65742E6A7067',X'30342F30322F32303134',X'4A6F75726E616C204475204E6574',X'436F6C6C61626F72617469662053616153203A20576973656D626C79206CC3A8766520312C35206D696C6C696F6E2064276575726F73',X'687474703A2F2F7777772E6A6F75726E616C64756E65742E636F6D2F736F6C7574696F6E732F636C6F75642D636F6D707574696E672F6C657665652D64652D666F6E64732D776973656D626C792D303231342E7368746D6C'),
	(34,0,X'687474703A2F2F7777772E64796E617072657373652E63682F75706C6F61642F696D616765732F66696761726F2532306C6F676F323031332E6A7067',X'30352F30322F32303134',X'4C652046696761726F',X'576973656D626C7920616363C3A96CC3A8726520C3A0206C27696E7465726E6174696F6E616C',X'687474703A2F2F626C6F672E6C6566696761726F2E66722F6C6567616C65732F323031342F30322F776973656D626C792D616363656C6572652D612D6C696E7465726E6174696F6E616C2E68746D6C'),
	(35,0,X'687474703A2F2F6672656E63687765622E66722F77702D636F6E74656E742F75706C6F6164732F323031332F30342F6C6F676F2D6672656E63687765622D323031332D333030783539315F322E706E67',X'30342F30322F32303134',X'4672656E6368776562',X'5175616E64206CE28099696E6E6F766174696F6E2072C3A9696E76656E7465206C612072C3A9756E696F6E206465207472617661696C',X'687474703A2F2F6672656E63687765622E66722F7175616E642D6C696E6E6F766174696F6E2D7265696E76656E74652D6C612D7265756E696F6E2D64652D7472617661696C2F313430363230'),
	(36,0,X'68747470733A2F2F7062732E7477696D672E636F6D2F70726F66696C655F696D616765732F3432393730383939313737393034393437322F47494970426B49502E6A706567',X'31302F30322F32303134',X'536F6369616C746572',X'46696E69206465206261696C6C657220656E2072C3A9756E696F6E',X'68747470733A2F2F73636F6E74656E742D622D616D732E78782E666263646E2E6E65742F6870686F746F732D70726E322F74312F313630313539345F31303135323138393834383031353733335F3137343733303532355F6E2E6A7067'),
	(37,0,X'68747470733A2F2F692E636C6F756475702E636F6D2F39416C57366B424C79332D3330303078333030302E6A706567',X'31352F30322F32303134',X'42464D20427573696E657373',X'436F757020646520706F75636520C3A020576973656D626C79',X'687474703A2F2F7777772E62666D74762E636F6D2F766964656F2F62666D627573696E6573732F69742D666F722D627573696E6573732D6C686562646F2F6368726F6E69717565732D636F75702D706F7563652D612D756E652D73746172742D75702D776973656D626C792D3031627573696E6573732D31352D30322D342D342D3137373532362F'),
	(38,0,X'687474703A2F2F7777772E636F6E736F7374617469632E636F6D2F77702D636F6E74656E742F75706C6F6164732F323031302F30362F6368616C6C656E6765735F6C6F676F2E706E67',X'31382F30322F32303134',X'4368616C6C656E676573',X'342073746172742D7570206672616EC3A761697365732071756920766F6E742072C3A9766F6C7574696F6E6E6572206C65207472617661696C20617520627572656175',X'687474703A2F2F7777772E6368616C6C656E6765732E66722F656E74726570726973652F32303134303231372E434841303535362F342D73746172742D75702D6672616E6361697365732D7175692D766F6E742D7265766F6C7574696F6E6E65722D6C652D7472617661696C2D61752D6275726561752E68746D6C');

/*!40000 ALTER TABLE `press` ENABLE KEYS */;
UNLOCK TABLES;


# Dump of table team
# ------------------------------------------------------------

DROP TABLE IF EXISTS `team`;

CREATE TABLE `team` (
  `id` int(11) NOT NULL AUTO_INCREMENT,
  `name` varchar(255) COLLATE utf8_bin NOT NULL,
  `job` varchar(255) COLLATE utf8_bin NOT NULL,
  `job_category_id` int(11) NOT NULL,
  `main_pic` varchar(255) COLLATE utf8_bin NOT NULL,
  `secondary_pic` varchar(255) COLLATE utf8_bin NOT NULL,
  `description` text COLLATE utf8_bin NOT NULL,
  `twitter` varchar(255) COLLATE utf8_bin DEFAULT NULL,
  `mail` varchar(255) COLLATE utf8_bin DEFAULT NULL,
  `website` varchar(255) COLLATE utf8_bin DEFAULT NULL,
  PRIMARY KEY (`id`)
) ENGINE=InnoDB DEFAULT CHARSET=utf8 COLLATE=utf8_bin;

LOCK TABLES `team` WRITE;
/*!40000 ALTER TABLE `team` DISABLE KEYS */;

INSERT INTO `team` (`id`, `name`, `job`, `job_category_id`, `main_pic`, `secondary_pic`, `description`, `twitter`, `mail`, `website`)
VALUES
	(1,X'4775696C6C61756D6520506F74696572',X'436F2D666F6E646174657572',1,X'687474703A2F2F776973656D626C792D636F6E74656E742E73332E616D617A6F6E6177732E636F6D2F636F72706F2F7465616D2F6775696C6C61756D652E6A7067',X'687474703A2F2F776973656D626C792D636F6E74656E742E73332E616D617A6F6E6177732E636F6D2F636F72706F2F7465616D2F6775696C6C61756D652E6A7067',X'44697265637465757220546563686E697175652C204775696C6C61756D6520657374206C652067C3A96E696520717569207365206361636865206465727269C3A87265206C6573206D696C6C696F6E73206465206C69676E657320646520636F64657320C3A963726974657320646570756973206C61206372C3A96174696F6E20646520576973656D626C792E200D0A486F7273206465206C612073616C6C6520426C6575652C20632765737420756E20736B696575722064652072656E6F6D2061696E736920717527756E206772616E6420616D61746575722064652073696E676C65206D616C747320C3A9636F737361697320657420647520737564206465206C61204672616E63652E20496C2070617261C3AE7420717565206D61696E74656E616E7420696C207072C3A966C3A872652050617269732E2E2E',X'6775696C6C61756D65706F74696572',X'6775696C6C61756D6540776973656D626C792E636F6D',X'687474703A2F2F7777772E696D63746F62697463682E636F6D2F'),
	(2,X'526F6D61696E204461766964',X'436F2D666F6E646174657572',1,X'687474703A2F2F776973656D626C792D636F6E74656E742E73332E616D617A6F6E6177732E636F6D2F636F72706F2F7465616D2F726F6D61696E2E6A7067',X'',X'50726F64756374206775792C20526F6D61696E20657374206C65206772616E6420676172616E74206465206C6120766973696F6E2070726F6475697420646520576973656D626C79206574206661697420746F757420656E20736F72746520706F75722071756520636520736F697420746F756A6F75727320756E207672616920706C61697369722064277574696C69736572206E6F7320736F6C7574696F6E732E0D0A496C2074C3A96C6563686172676520656E7669726F6E203330206E6F7576656C6C6573206170706C697320746F7573206C6573206A6F757273206574206120656E74726520322065742033206D696C6C696F6E732064652070726F66696C7320656E72656769737472C3A973207375722064696666C3A972656E74732073657276696365732E2E2E2022706F757220746573746572222E0D0A456E206465686F7273206475206275726561752C206327657374207069616E6F2C20677569746172652065742070686F746F7321',X'526F6D61696E64',X'726F6D61696E40776973656D626C792E636F6D',X'687474703A2F2F7777772E726F6D61696E64617669642E6672'),
	(3,X'416E647265692056657374656D65616E75',X'436F2D666F6E646174657572',1,X'687474703A2F2F776973656D626C792D636F6E74656E742E73332E616D617A6F6E6177732E636F6D2F636F72706F2F7465616D2F616E647265692E6A7067',X'',X'456E2063686172676520647520427573696E6573732C20416E647265C3AF206DC3A86E65206465206D61696E73206465206D61C3AE747265206C2761726DC3A96520646520636F6D6D6572636961757820576973656D626C792120496C20636F6D7072656E64206E6F7320636C69656E7473206574206C65757273206265736F696E732C2073616974206F7576726972206C657320626F6E6E657320706F72746573206574206E276162616E646F6E6E65206A616D61697321200D0A432765737420756E20616D617465757220646520626F6E6E6573206269C3A87265732C20646520766F796167657320657420647520505347206269656E2073C3BB722E',X'6176657374656D65616E75',X'616E6472656940776973656D626C792E636F6D',NULL),
	(4,X'43C3A964726963204573706F7369746F2D466172657365',X'427573696E65737320646576656C6F706572',2,X'687474703A2F2F776973656D626C792D636F6E74656E742E73332E616D617A6F6E6177732E636F6D2F636F72706F2F7465616D2F6365647269632E6A7067',X'',X'43C3A96472696320657374206C65207072656D69657220656D706C6F79C3A920646520576973656D626C792E20456666696361636520657420C3A0206C27C3A9636F7574652C20696C20657374207261706964656D656E7420646576656E7520696E636F6E746F75726E61626C6520706F757220746F757465206C27C3A9717569706520657420737572746F757420706F7572206E6F7320636C69656E7473210D0A4772616E64206A6F7565757220646520526F6C6C657220486F636B657920657420C3A9636F6C6F676973746520636F6E7661696E63752C20696C20736520636861726765206465207072C3AA63686572206C6120626F6E6E65207061726F6C652061757072C3A87320646520746F757465206C27C3A971756970652E',X'4365445F4546',X'63656472696340776973656D626C792E636F6D',NULL),
	(5,X'436872697374696E61204461676F',X'4F6666696365206D616E61676572',3,X'687474703A2F2F776973656D626C792D636F6E74656E742E73332E616D617A6F6E6177732E636F6D2F636F72706F2F7465616D2F636872697374696E612E6A7067',X'',X'446973706F6E69626C652C2067C3A96EC3A9726575736520657420617474656E746976652C20436872697374696E6120657374206E6F747265206D616D616E20C3A020746F7573210D0A456C6C65206E61766967756520616973C3A96D656E7420656E74726520726563727574656D656E74732C2066616374757265732C20666F75726E69737365757273206574206F7267616E69736174696F6E206427C3A976C3A96E656D656E747320696E7465726E65732E0D0A432765737420756E65206772616E6465206164657074652064657320666F75732072697265732C20616C6F7273206E276F75626C69657A20706173206465206C7569207261636F6E74657220756E652070657469746520626C616775652064652074656D707320656E2074656D707321',NULL,X'636872697374696E6140776973656D626C792E636F6D',NULL),
	(6,X'4E69636F6C6173204368656E6574',X'46726F6E742D656E6420646576656C6F706572',4,X'687474703A2F2F776973656D626C792D636F6E74656E742E73332E616D617A6F6E6177732E636F6D2F636F72706F2F7465616D2F6E69636F6C61732E6A7067',X'',X'4E69636F20657374206D6F697469C3A92064657369676E65722C206D6F697469C3A92064C3A976656C6F70706575722E2050617373696F6E6EC3A920706172206C657320696E74657266616365732070726F7072657320657420696E74756974697665732C20696C206D657420736F6E2074616C656E742061752070726F66697420646520746F75746573206C657320666F6E6374696F6E6E616C6974C3A97320646520576973656D626C792E0D0A5175616E6420696C2072656E747265206368657A206C75692C20696C2064657669656E7420756E20616D6F757265757820696E636F6E646974696F6E6E656C206465732063686174732C20646520746F7573206C657320636861747321',X'6E69636F6C61736368656E6574',X'6E69636F6C617340776973656D626C792E636F6D',NULL),
	(7,X'426170746973746520436C617669C3A9',X'4261636B2D656E6420446576656C6F706572',4,X'687474703A2F2F776973656D626C792D636F6E74656E742E73332E616D617A6F6E6177732E636F6D2F636F72706F2F7465616D2F62617074697374652E6A7067',X'',X'42617074697374652065737420756E2064C3A976656C6F70706575722063757269657578206574206F70656E2D736F75726365206164646963742E20496C2074726F7175652074656D706F72616972656D656E7420736F6E20636F7374756D6520646520646F75782072C3AA766575722C206F74616B75206574206765656B2074726F6C6C657572206C61206A6F75726EC3A96520706F757220656E646F73736572206368657A20576973656D626C792063656C7569206465205175616C697479206D616E2C20505220726576696577657220657420756E207065746974207065752074726F6C6C657572207175616E64206DC3AA6D652E2E',X'74616C75735F',X'626170746973746540776973656D626C792E636F6D',X'687474703A2F2F62617074697374652E636C617669C3A92E6E65742F'),
	(8,X'4D6F68616D6564204D617572616E6E65',X'526573706F6E7361626C6520C3A976656E656D656E7469656C',3,X'687474703A2F2F776973656D626C792D636F6E74656E742E73332E616D617A6F6E6177732E636F6D2F636F72706F2F7465616D2F6D6F68616D65642E6A7067',X'',X'496C20656E636861C3AE6E65206C657320726163636F757263697320636C61766965722064652050686F746F73686F7020706C757320766974652071756520736F6E206F6D62726520657420736169742067C3A972657220C3A020706575207072C3A87320746F75746573206C657320736974756174696F6E7320737572206C65207465727261696E2E20566F696369206E6F74726520726573706F6E7361626C6520C3A976C3A96E656D656E7469656C2E200D0A44726F6775C3A9206465207472617661696C2C20696C2074726F75766520746F7574206465206DC3AA6D65206C652074656D707320706F7572207365732070726F6A65747320706572736F203A20636F6DC3A96469656E2C2072C3A9616C69736174657572206574206372C3A96174657572206427756E207765622D6D6167617A696E6521',X'6D6F6D617572616E6E65',X'6D6F68616D656440776973656D626C792E636F6D',NULL),
	(9,X'52C3A96D792047617A656C6F74',X'4261636B2D656E6420446576656C6F706572',4,X'687474703A2F2F776973656D626C792D636F6E74656E742E73332E616D617A6F6E6177732E636F6D2F636F72706F2F7465616D2F72656D792E6A7067',X'',X'52C3A96D792065737420756E20636F6465757220666F752E20496C20706173736520646573206865757265732C20736F757269726520617578206CC3A8767265732C20646576616E7420736F6E207465726D696E616C2E20457465726E656C20656E74686F757369617374652C202020696C2065737420737572746F7574207472C3A87320646F75C3A9206574207472C3A8732070726F6475637469662E0D0A496C20706173736520736573207765656B2D656E64206175207061726320646573205072696E6365732061757175656C20696C206573742061626F6E6EC3A920646570756973206C61206372C3A96174696F6E20647520636C75622C207369206365206E2765737420706173206176616E742E',X'72656D7967617A656C6F74',X'72656D7940776973656D626C792E636F6D',NULL),
	(10,X'4761627269656C204D616A6F756C6574',X'46726F6E742D656E6420446576656C6F706572',4,X'687474703A2F2F776973656D626C792D636F6E74656E742E73332E616D617A6F6E6177732E636F6D2F636F72706F2F7465616D2F6761627269656C2E6A7067',X'',X'4761627269656C206120636F6D6D656E63C3A92070617220756E20737461676520657420732765737420766974652072656E647520657373656E7469656C2E2053657320636F6D70C3A974656E63657320746563686E697175657320657420736F6E20656666696361636974C3A920736F6E7420656E20706173736520646520646576656E6972206CC3A967656E64616972652064616E73206C612066616D657573652073616C6C6520626C6575652E0D0A5175616E6420696C20717569747465206C65206275726561752C20632765737420736F7576656E7420706F757220616C6C657220C3A0206C612073616C6C65206465206D757363752C206365207175692066616974206465206C7569206C6520227265636F72646D616E20494D432220646520576973656D626C7921',X'676D616A6F756C6574',X'6761627269656C40776973656D626C792E636F6D',X'687474703A2F2F7777772E6761627269656C2D6D616A6F756C65742E66722F'),
	(11,X'436872697374656C2056616E2D497361636B6572',X'427573696E65737320446576656C6F706572',0,X'687474703A2F2F776973656D626C792D636F6E74656E742E73332D776562736974652D65752D776573742D312E616D617A6F6E6177732E636F6D2F636F72706F2F7465616D2F636872697374656C2E6A7067',X'','',NULL,NULL,NULL),
	(12,X'436563696C652044656372756C6C65',X'427573696E65737320646576656C6F706572',0,X'687474703A2F2F776973656D626C792D636F6E74656E742E73332E616D617A6F6E6177732E636F6D2F636F72706F2F7465616D2F636563696C652E6A7067',X'','',NULL,NULL,NULL),
	(20,X'4D617468696575204768616C6562',X'46726F6E742D656E6420646576656C6F706572',0,X'687474703A2F2F776973656D626C792D636F6E74656E742E73332E616D617A6F6E6177732E636F6D2F636F72706F2F7465616D2F6D6174686965752E6A7067',X'','',NULL,NULL,NULL),
	(21,X'5472697374616E204461657363686E6572',X'50726F647563742064657369676E6572',0,X'687474703A2F2F776973656D626C792D636F6E74656E742E73332E616D617A6F6E6177732E636F6D2F636F72706F2F7465616D2F7472697374616E2E6A7067',X'','',NULL,NULL,NULL),
	(22,X'41726E617564204761676E65',X'427573696E65737320446576656C6F706572',0,X'687474703A2F2F776973656D626C792D636F6E74656E742E73332D776562736974652D65752D776573742D312E616D617A6F6E6177732E636F6D2F636F72706F2F7465616D2F61726E6175642E6A7067',X'687474703A2F2F776973656D626C792D636F6E74656E742E73332D776562736974652D65752D776573742D312E616D617A6F6E6177732E636F6D2F636F72706F2F7465616D2F61726E6175642E6A7067',X'61726E617564',NULL,NULL,NULL),
	(23,X'56696E63656E74204A616D6D6573',X'50726F64756374204576616E67656C697374',0,X'687474703A2F2F776973656D626C792D636F6E74656E742E73332D776562736974652D65752D776573742D312E616D617A6F6E6177732E636F6D2F636F72706F2F7465616D2F76696E63656E742E6A7067',X'687474703A2F2F776973656D626C792D636F6E74656E742E73332D776562736974652D65752D776573742D312E616D617A6F6E6177732E636F6D2F636F72706F2F7465616D2F76696E63656E742E6A7067',X'76696E63656E74',NULL,NULL,NULL),
	(25,X'416C6578616E6472652042726F7564696E',X'46726F6E742D656E6420446576656C6F706572',0,X'687474703A2F2F776973656D626C792D636F6E74656E742E73332D776562736974652D65752D776573742D312E616D617A6F6E6177732E636F6D2F636F72706F2F7465616D2F616C65782E6A7067',X'687474703A2F2F776973656D626C792D636F6E74656E742E73332D776562736974652D65752D776573742D312E616D617A6F6E6177732E636F6D2F636F72706F2F7465616D2F616C65782E6A7067',X'616C6578',NULL,NULL,NULL),
	(26,X'4164656C696E6520427261657363752D4B65726C616E',X'437573746F6D65722053756363657373204D616E61676572',0,X'687474703A2F2F776973656D626C792D636F6E74656E742E73332E616D617A6F6E6177732E636F6D2F636F72706F2F7465616D2F6164656C696E652E6A7067',X'687474703A2F2F776973656D626C792D636F6E74656E742E73332E616D617A6F6E6177732E636F6D2F636F72706F2F7465616D2F6164656C696E652E6A7067',X'4164656C696E6520427261657363752D4B65726C616E',NULL,NULL,NULL),
	(27,X'4C617572612054686965727279',X'437573746F6D65722053756363657373204D616E61676572',0,X'687474703A2F2F776973656D626C792D636F6E74656E742E73332E616D617A6F6E6177732E636F6D2F636F72706F2F7465616D2F6C617572612E6A7067',X'687474703A2F2F776973656D626C792D636F6E74656E742E73332E616D617A6F6E6177732E636F6D2F636F72706F2F7465616D2F6C617572612E6A7067',X'4C617572612054686965727279',NULL,NULL,NULL);

/*!40000 ALTER TABLE `team` ENABLE KEYS */;
UNLOCK TABLES;


# Dump of table testimonial
# ------------------------------------------------------------

DROP TABLE IF EXISTS `testimonial`;

CREATE TABLE `testimonial` (
  `id` smallint(4) NOT NULL AUTO_INCREMENT,
  `quote` text NOT NULL,
  `picture` varchar(255) NOT NULL,
  `name` varchar(255) NOT NULL,
  `title` varchar(255) NOT NULL,
  `logo` varchar(255) DEFAULT NULL,
  `home_featured` tinyint(1) NOT NULL DEFAULT '0',
  `cases_featured` tinyint(1) NOT NULL DEFAULT '0',
  PRIMARY KEY (`id`),
  KEY `home_featured` (`home_featured`,`cases_featured`)
) ENGINE=InnoDB DEFAULT CHARSET=utf8;

LOCK TABLES `testimonial` WRITE;
/*!40000 ALTER TABLE `testimonial` DISABLE KEYS */;

INSERT INTO `testimonial` (`id`, `quote`, `picture`, `name`, `title`, `logo`, `home_featured`, `cases_featured`)
VALUES
	(1,'Au-del de lvidente dynamique ludique que cre Wisembly, il redonne  nos pratiques dintervention un gain spectaculaire dans la capacit dinteraction.','http://wisembly-content.s3.amazonaws.com/corpo/testimonial/picture/lagree.png','Olivier Lagre','Consultant, Deloitte','http://wisembly-content.s3.amazonaws.com/corpo/testimonial/logo/la-poste.png',0,1),
	(2,'Wisembly a cr un vritable u-turn dans la relation managriale de l\'entreprise. La solution nous accompagne dans toutes nos runions.','http://wisembly-content.s3.amazonaws.com/corpo/testimonial/picture/ropert.png','Patrick Ropert','Directeur de la Communication, SNCF','http://wisembly-content.s3.amazonaws.com/corpo/testimonial/logo/sncf.png',0,1),
	(3,'Le pilotage des questions live et valuations permet d\'aboutir facilement et rapidement  des dcisions partages, co-construites, l o la conversation tlphonique seule renvoie souvent l\'animateur  sa solitude.','http://wisembly-content.s3.amazonaws.com/corpo/testimonial/picture/lebouille.png','Emmanuel Le Bouille','Directeur Innovation, AUCHAN','http://wisembly-content.s3.amazonaws.com/corpo/testimonial/logo/auchan.png',0,1),
	(4,'Wisembly est un booster de ROI des formations et de l\'enseignement. Cela devient \"le manuel interactif\" qui accompagne l\'ensemble des participants, en communaut avec leurs formateurs.','http://wisembly-content.s3.amazonaws.com/corpo/testimonial/picture/dias.jpg','Georges-Edouard Dias','Professeur  HEC','http://wisembly-content.s3.amazonaws.com/corpo/testimonial/logo/hec.png',0,1),
	(5,'Tout le monde a ador : c\'est une manire d\'intervenir qui n\'existait pas avant [...] Wisembly permet d\'aller au-del de la prsentation et d\'ouvrir le dialogue.','http://wisembly-content.s3.amazonaws.com/corpo/testimonial/picture/dias.jpg','Georges-Edouard Dias','L\'Oral','http://wisembly-content.s3.amazonaws.com/corpo/testimonial/logo/hec.png',0,0),
	(6,'Wisembly a libr la parole de nos collaborateurs. Nos runions internes sont devenues beaucoup plus participatives avec un nombre de questions multipli par 5 !','http://wisembly-content.s3.amazonaws.com/corpo/testimonial/picture/guillaumevraux.png','Guillaume Vraux','Cofely Services, Groupe GDF SUEZ',NULL,1,0),
	(7,'Wisembly facilite la prise de parole et dynamise lanimation des confrences. Il offre galement la possibilit de prparer en amont les questions et de les conserver une fois lvnement termin. Cest la mmoire de nos animations.','http://wisembly-content.s3.amazonaws.com/corpo/testimonial/picture/clairebussac.png','Claire Bussac','Responsable Marketing et Innovation RH, Crdit Agricole S.A',NULL,0,0),
	(8,'Nous l\'utilisons pour dbattre des ides, collecter du feedback et arriver  des solutions collectives.','http://wisembly-content.s3.amazonaws.com/corpo/testimonial/picture/stelmaszyk.jpg','Patric Stelmaszyk','Capgemini Consulting',NULL,0,0),
	(9,'Wisembly a profondment modifi la conduite de nos runions en y introduisant linteractivit que nous attendions tous plus ou moins consciemment. Nous en rvions, Wisembly la fait !','http://wisembly-content.s3.amazonaws.com/corpo/testimonial/picture/dominiquelefebvre.png','Dominique Lefebvre','Consultant interne','http://wisembly-content.s3.amazonaws.com/clients-logos/total_logo.png',1,0),
	(10,'Grce  Wisembly, la convention a gagn normment en dynamisme et en interaction entre les diffrentes parties prenantes. Les remarques taient trs nombreuses et ont permis aux quipes des intervenants de rpondre en temps rel aux questions prcises.','http://wisembly-content.s3.amazonaws.com/corpo/testimonial/picture/romainroulleau.png','Romain Roulleau','Directeur e-commerce, Accor','http://wisembly-content.s3.amazonaws.com/corpo/testimonial/logo/accor.png',1,0);

/*!40000 ALTER TABLE `testimonial` ENABLE KEYS */;
UNLOCK TABLES;



/*!40111 SET SQL_NOTES=@OLD_SQL_NOTES */;
/*!40101 SET SQL_MODE=@OLD_SQL_MODE */;
/*!40014 SET FOREIGN_KEY_CHECKS=@OLD_FOREIGN_KEY_CHECKS */;
/*!40101 SET CHARACTER_SET_CLIENT=@OLD_CHARACTER_SET_CLIENT */;
/*!40101 SET CHARACTER_SET_RESULTS=@OLD_CHARACTER_SET_RESULTS */;
/*!40101 SET COLLATION_CONNECTION=@OLD_COLLATION_CONNECTION */;
